event_time,estimate,sd,ci_low,ci_high,dataset,rolling,category,outcome,normalize,method,covar,split_value
-18,-1.0699553755377489,0.46367878893742875,-1.978765801855109,-0.16114494922038858,important_topk_defaultWhat,rolling5,github_outcomes,pull_request_opened,TRUE,sa,att_group,high
-17,-1.4903937602581543,0.4145643504708331,-2.302939887180987,-0.6778476333353214,important_topk_defaultWhat,rolling5,github_outcomes,pull_request_opened,TRUE,sa,att_group,high
-16,-0.7575174799655477,0.40179214567332666,-1.5450300854852679,0.029995125554172497,important_topk_defaultWhat,rolling5,github_outcomes,pull_request_opened,TRUE,sa,att_group,high
-15,-0.5741995350927287,0.3249996555721623,-1.211198860014167,0.06279978982870948,important_topk_defaultWhat,rolling5,github_outcomes,pull_request_opened,TRUE,sa,att_group,high
-14,-0.8418515754950862,0.32208091779122827,-1.4731301743658936,-0.21057297662427876,important_topk_defaultWhat,rolling5,github_outcomes,pull_request_opened,TRUE,sa,att_group,high
-13,-0.49404866291230076,0.3170830760191388,-1.1155314919098127,0.1274341660852113,important_topk_defaultWhat,rolling5,github_outcomes,pull_request_opened,TRUE,sa,att_group,high
-12,-0.025460711691788453,0.3152280629502471,-0.6433077150742726,0.5923862916906958,important_topk_defaultWhat,rolling5,github_outcomes,pull_request_opened,TRUE,sa,att_group,high
-11,-0.2889491029887877,0.2340937002428372,-0.7477727554647486,0.16987454948717323,important_topk_defaultWhat,rolling5,github_outcomes,pull_request_opened,TRUE,sa,att_group,high
-10,0.25592252214986777,0.3009263093117775,-0.3338930441012161,0.8457380884009517,important_topk_defaultWhat,rolling5,github_outcomes,pull_request_opened,TRUE,sa,att_group,high
-9,0.14125425020817037,0.23939712507195743,-0.32796411493286615,0.6104726153492069,important_topk_defaultWhat,rolling5,github_outcomes,pull_request_opened,TRUE,sa,att_group,high
-8,0.004057441890855967,0.19005047582300724,-0.3684414907222382,0.3765563745039502,important_topk_defaultWhat,rolling5,github_outcomes,pull_request_opened,TRUE,sa,att_group,high
-7,0.21106630634665285,0.18322361466085527,-0.14805197838862344,0.5701845910819292,important_topk_defaultWhat,rolling5,github_outcomes,pull_request_opened,TRUE,sa,att_group,high
-6,-0.05036950114905528,0.15112682059883698,-0.3465780695227757,0.24583906722466517,important_topk_defaultWhat,rolling5,github_outcomes,pull_request_opened,TRUE,sa,att_group,high
-5,-0.17381147749635395,0.11160564868374674,-0.39255854891649755,0.04493559392378965,important_topk_defaultWhat,rolling5,github_outcomes,pull_request_opened,TRUE,sa,att_group,high
-4,-0.19553662152183537,0.10134631343218518,-0.39417539584891836,0.0031021528052475877,important_topk_defaultWhat,rolling5,github_outcomes,pull_request_opened,TRUE,sa,att_group,high
-3,-0.20041890405572974,0.08989344088461708,-0.3766100481895792,-0.024227759921880254,important_topk_defaultWhat,rolling5,github_outcomes,pull_request_opened,TRUE,sa,att_group,high
-2,0.17920328519694417,0.05178066555877754,0.07771318070174019,0.2806933896921482,important_topk_defaultWhat,rolling5,github_outcomes,pull_request_opened,TRUE,sa,att_group,high
-1,0,0,0,0,important_topk_defaultWhat,rolling5,github_outcomes,pull_request_opened,TRUE,sa,att_group,high
0,0.20549050352120457,0.10230437901885557,0.004973920644247648,0.4060070863981615,important_topk_defaultWhat,rolling5,github_outcomes,pull_request_opened,TRUE,sa,att_group,high
1,-0.45599747828289217,0.12833594144212013,-0.7075359235094476,-0.20445903305633673,important_topk_defaultWhat,rolling5,github_outcomes,pull_request_opened,TRUE,sa,att_group,high
2,-0.33741229844477905,0.17733557311690742,-0.6849900217539175,0.010165424864359507,important_topk_defaultWhat,rolling5,github_outcomes,pull_request_opened,TRUE,sa,att_group,high
3,-0.2949797297327062,0.21282652268345179,-0.7121197141922717,0.12216025472685932,important_topk_defaultWhat,rolling5,github_outcomes,pull_request_opened,TRUE,sa,att_group,high
4,-0.39068574695075875,0.2680538137760055,-0.9160712219517295,0.13469972805021202,important_topk_defaultWhat,rolling5,github_outcomes,pull_request_opened,TRUE,sa,att_group,high
5,-0.343723284729217,0.306925172911485,-0.9452966236357276,0.2578500541772937,important_topk_defaultWhat,rolling5,github_outcomes,pull_request_opened,TRUE,sa,att_group,high
6,-0.47810919444756783,0.3466243717758414,-1.157492963128217,0.20127457423308126,important_topk_defaultWhat,rolling5,github_outcomes,pull_request_opened,TRUE,sa,att_group,high
7,-0.5684913244157307,0.24477980378782657,-1.0482597398398708,-0.08872290899159063,important_topk_defaultWhat,rolling5,github_outcomes,pull_request_opened,TRUE,sa,att_group,high
8,-1.253464372747549,0.23981132253599127,-1.723494564918092,-0.7834341805770061,important_topk_defaultWhat,rolling5,github_outcomes,pull_request_opened,TRUE,sa,att_group,high
9,-1.3242081784365924,0.2811344728560737,-1.8752317452344969,-0.773184611638688,important_topk_defaultWhat,rolling5,github_outcomes,pull_request_opened,TRUE,sa,att_group,high
10,-1.1805771614725606,0.36924988039812906,-1.9043069270528936,-0.45684739589222767,important_topk_defaultWhat,rolling5,github_outcomes,pull_request_opened,TRUE,sa,att_group,high
11,-1.0717302664716055,0.47596667313435626,-2.004624945814944,-0.13883558712826727,important_topk_defaultWhat,rolling5,github_outcomes,pull_request_opened,TRUE,sa,att_group,high
12,-1.5580321528698418,0.6679842573181036,-2.867281297213325,-0.2487830085263587,important_topk_defaultWhat,rolling5,github_outcomes,pull_request_opened,TRUE,sa,att_group,high
13,-3.2856114061252555,1.1966088408865916,-5.6309647342629745,-0.940258077987536,important_topk_defaultWhat,rolling5,github_outcomes,pull_request_opened,TRUE,sa,att_group,high
-18,-0.37804880764792453,0.6324060928175754,-1.6175647495703722,0.8614671342745233,important_topk_defaultWhat,rolling5,github_outcomes,pull_request_opened,TRUE,sa,att_group,low
-17,1.3608499532704028,0.9928044598288847,-0.5850467879942112,3.3067466945350166,important_topk_defaultWhat,rolling5,github_outcomes,pull_request_opened,TRUE,sa,att_group,low
-16,0.931911307138992,0.9770385641459832,-0.9830842785871352,2.8469068928651193,important_topk_defaultWhat,rolling5,github_outcomes,pull_request_opened,TRUE,sa,att_group,low
-15,0.659200393822341,0.8414301005968604,-0.9900026033475053,2.3084033909921873,important_topk_defaultWhat,rolling5,github_outcomes,pull_request_opened,TRUE,sa,att_group,low
-14,0.34700530342614944,0.7987983707319852,-1.2186395032085415,1.9126501100608406,important_topk_defaultWhat,rolling5,github_outcomes,pull_request_opened,TRUE,sa,att_group,low
-13,0.6602262992110715,0.7343197655262186,-0.7790404412203169,2.09949303964246,important_topk_defaultWhat,rolling5,github_outcomes,pull_request_opened,TRUE,sa,att_group,low
-12,0.7607385352500895,0.6598518232969343,-0.5325710384119016,2.0540481089120806,important_topk_defaultWhat,rolling5,github_outcomes,pull_request_opened,TRUE,sa,att_group,low
-11,0.5534099653948161,0.5780348349149139,-0.5795383110384151,1.6863582418280474,important_topk_defaultWhat,rolling5,github_outcomes,pull_request_opened,TRUE,sa,att_group,low
-10,0.5419631129423377,0.5255952571979018,-0.4882035911655498,1.5721298170502251,important_topk_defaultWhat,rolling5,github_outcomes,pull_request_opened,TRUE,sa,att_group,low
-9,0.5161465118023734,0.500605755367404,-0.4650407687177386,1.4973337923224852,important_topk_defaultWhat,rolling5,github_outcomes,pull_request_opened,TRUE,sa,att_group,low
-8,0.3210504993298072,0.42342041151338666,-0.5088535072364306,1.150954505896045,important_topk_defaultWhat,rolling5,github_outcomes,pull_request_opened,TRUE,sa,att_group,low
-7,0.35417724030614917,0.3729832860545667,-0.37687000036080154,1.0852244809730998,important_topk_defaultWhat,rolling5,github_outcomes,pull_request_opened,TRUE,sa,att_group,low
-6,0.2851019582158572,0.32558846775301825,-0.35305143858005855,0.923255355011773,important_topk_defaultWhat,rolling5,github_outcomes,pull_request_opened,TRUE,sa,att_group,low
-5,0.12065483829096482,0.2595484977302909,-0.3880602172604053,0.6293698938423349,important_topk_defaultWhat,rolling5,github_outcomes,pull_request_opened,TRUE,sa,att_group,low
-4,0.20946549648132223,0.21444243177602393,-0.21084166979968466,0.6297726627623291,important_topk_defaultWhat,rolling5,github_outcomes,pull_request_opened,TRUE,sa,att_group,low
-3,0.0698016412498918,0.15241450207426613,-0.2289307828156698,0.3685340653154534,important_topk_defaultWhat,rolling5,github_outcomes,pull_request_opened,TRUE,sa,att_group,low
-2,0.16460466082395236,0.0856382628502669,-0.0032463343625707686,0.3324556560104755,important_topk_defaultWhat,rolling5,github_outcomes,pull_request_opened,TRUE,sa,att_group,low
-1,0,0,0,0,important_topk_defaultWhat,rolling5,github_outcomes,pull_request_opened,TRUE,sa,att_group,low
0,-0.1828044254342441,0.12887530220451462,-0.43540001775509274,0.06979116688660456,important_topk_defaultWhat,rolling5,github_outcomes,pull_request_opened,TRUE,sa,att_group,low
1,-0.6916826308110597,0.1984356624872103,-1.080616529285992,-0.30274873233612754,important_topk_defaultWhat,rolling5,github_outcomes,pull_request_opened,TRUE,sa,att_group,low
2,-0.7275717258318999,0.280189074361299,-1.2767423115800458,-0.17840114008375396,important_topk_defaultWhat,rolling5,github_outcomes,pull_request_opened,TRUE,sa,att_group,low
3,-0.9544963063433657,0.3382404904202074,-1.6174476675669722,-0.29154494511975926,important_topk_defaultWhat,rolling5,github_outcomes,pull_request_opened,TRUE,sa,att_group,low
4,-1.084300010825237,0.4071035045894787,-1.882222879820615,-0.28637714182985874,important_topk_defaultWhat,rolling5,github_outcomes,pull_request_opened,TRUE,sa,att_group,low
5,-1.1591697042048976,0.4663932395477811,-2.0733004537185487,-0.2450389546912467,important_topk_defaultWhat,rolling5,github_outcomes,pull_request_opened,TRUE,sa,att_group,low
6,-1.1787897402221206,0.5598135010612812,-2.276024202302232,-0.08155527814200925,important_topk_defaultWhat,rolling5,github_outcomes,pull_request_opened,TRUE,sa,att_group,low
7,-1.1159766141749412,0.6345064499107996,-2.3596092560001085,0.1276560276502261,important_topk_defaultWhat,rolling5,github_outcomes,pull_request_opened,TRUE,sa,att_group,low
8,-0.8866145403959974,0.7104219884573927,-2.279041637772487,0.5058125569804922,important_topk_defaultWhat,rolling5,github_outcomes,pull_request_opened,TRUE,sa,att_group,low
9,-0.807383310629405,0.8142162486217034,-2.403247157927944,0.7884805366691336,important_topk_defaultWhat,rolling5,github_outcomes,pull_request_opened,TRUE,sa,att_group,low
10,-0.848898264314566,1.0029799558154782,-2.8147389777129033,1.116942449083771,important_topk_defaultWhat,rolling5,github_outcomes,pull_request_opened,TRUE,sa,att_group,low
11,-0.6929867460802901,1.1501643910034542,-2.9473089524470604,1.5613354602864804,important_topk_defaultWhat,rolling5,github_outcomes,pull_request_opened,TRUE,sa,att_group,low
12,-0.9859252321624294,1.240073270690538,-3.416468842715884,1.4446183783910251,important_topk_defaultWhat,rolling5,github_outcomes,pull_request_opened,TRUE,sa,att_group,low
13,-2.3582436398396585,1.0075007216165632,-4.332945054208122,-0.38354222547119465,important_topk_defaultWhat,rolling5,github_outcomes,pull_request_opened,TRUE,sa,att_group,low
-18,-1.2504703779243733,0.44422993282699497,-2.1211610462652835,-0.3797797095834632,important_topk_defaultWhat,rolling5,github_outcomes,pull_request_merged,TRUE,sa,att_group,high
-17,-1.3606127390282343,0.3758825662028834,-2.0973425687858858,-0.6238829092705829,important_topk_defaultWhat,rolling5,github_outcomes,pull_request_merged,TRUE,sa,att_group,high
-16,-1.1878503321454887,0.35187661459513625,-1.8775284967519559,-0.4981721675390217,important_topk_defaultWhat,rolling5,github_outcomes,pull_request_merged,TRUE,sa,att_group,high
-15,-0.6572153656609941,0.3164152697932729,-1.277389294455809,-0.037041436866179334,important_topk_defaultWhat,rolling5,github_outcomes,pull_request_merged,TRUE,sa,att_group,high
-14,-0.6798011070093218,0.2973151119161258,-1.2625387263649284,-0.09706348765371531,important_topk_defaultWhat,rolling5,github_outcomes,pull_request_merged,TRUE,sa,att_group,high
-13,-0.617592092051539,0.2670357630397168,-1.140982187609384,-0.09420199649369398,important_topk_defaultWhat,rolling5,github_outcomes,pull_request_merged,TRUE,sa,att_group,high
-12,-0.013038580735379814,0.2822559735801527,-0.566260288952479,0.5401831274817195,important_topk_defaultWhat,rolling5,github_outcomes,pull_request_merged,TRUE,sa,att_group,high
-11,-0.4515399960449189,0.2048697189520286,-0.8530846451908949,-0.04999534689894286,important_topk_defaultWhat,rolling5,github_outcomes,pull_request_merged,TRUE,sa,att_group,high
-10,0.1298836278153239,0.2415169030180091,-0.343489502099974,0.6032567577306217,important_topk_defaultWhat,rolling5,github_outcomes,pull_request_merged,TRUE,sa,att_group,high
-9,0.19359996047971542,0.22465309112487095,-0.24672009812503162,0.6339200190844625,important_topk_defaultWhat,rolling5,github_outcomes,pull_request_merged,TRUE,sa,att_group,high
-8,-0.014213711669496448,0.18004553250843522,-0.36710295538602944,0.3386755320470366,important_topk_defaultWhat,rolling5,github_outcomes,pull_request_merged,TRUE,sa,att_group,high
-7,0.19395937910569913,0.15660844209071562,-0.1129931673921035,0.5009119256035017,important_topk_defaultWhat,rolling5,github_outcomes,pull_request_merged,TRUE,sa,att_group,high
-6,0.10068389043108597,0.13508183019307782,-0.16407649674734656,0.3654442776095185,important_topk_defaultWhat,rolling5,github_outcomes,pull_request_merged,TRUE,sa,att_group,high
-5,-0.1470316912634269,0.08726278765207507,-0.31806675506149407,0.024003372534640216,important_topk_defaultWhat,rolling5,github_outcomes,pull_request_merged,TRUE,sa,att_group,high
-4,-0.1158840600806356,0.07563799332816604,-0.26413452700384105,0.03236640684256982,important_topk_defaultWhat,rolling5,github_outcomes,pull_request_merged,TRUE,sa,att_group,high
-3,-0.16741412863362348,0.06366875489275721,-0.2922048882234276,-0.04262336904381936,important_topk_defaultWhat,rolling5,github_outcomes,pull_request_merged,TRUE,sa,att_group,high
-2,0.13827187523056902,0.05115930011374186,0.037999647007634973,0.23854410345350308,important_topk_defaultWhat,rolling5,github_outcomes,pull_request_merged,TRUE,sa,att_group,high
-1,0,0,0,0,important_topk_defaultWhat,rolling5,github_outcomes,pull_request_merged,TRUE,sa,att_group,high
0,0.21995618362943203,0.08988453405336794,0.04378249688483088,0.3961298703740332,important_topk_defaultWhat,rolling5,github_outcomes,pull_request_merged,TRUE,sa,att_group,high
1,-0.42764001279760117,0.08511991890331211,-0.594475053848093,-0.2608049717471094,important_topk_defaultWhat,rolling5,github_outcomes,pull_request_merged,TRUE,sa,att_group,high
2,-0.32757706955399135,0.11906602724385836,-0.5609464829519537,-0.09420765615602897,important_topk_defaultWhat,rolling5,github_outcomes,pull_request_merged,TRUE,sa,att_group,high
3,-0.3189436249967136,0.13755160162656108,-0.5885447641847733,-0.04934248580865386,important_topk_defaultWhat,rolling5,github_outcomes,pull_request_merged,TRUE,sa,att_group,high
4,-0.3723174206137054,0.18071773456501833,-0.7265241803611413,-0.018110660866269446,important_topk_defaultWhat,rolling5,github_outcomes,pull_request_merged,TRUE,sa,att_group,high
5,-0.15574607426808004,0.23814463063212152,-0.6225095503070383,0.3110174017708781,important_topk_defaultWhat,rolling5,github_outcomes,pull_request_merged,TRUE,sa,att_group,high
6,-0.2638308115214074,0.22032698000557535,-0.6956716923323352,0.16801006928952028,important_topk_defaultWhat,rolling5,github_outcomes,pull_request_merged,TRUE,sa,att_group,high
7,-0.4056382944171884,0.23978852630285868,-0.8756238059707915,0.06434721713641461,important_topk_defaultWhat,rolling5,github_outcomes,pull_request_merged,TRUE,sa,att_group,high
8,-0.9326373402830812,0.19834171001208156,-1.321387091906761,-0.5438875886594013,important_topk_defaultWhat,rolling5,github_outcomes,pull_request_merged,TRUE,sa,att_group,high
9,-0.9185574597926429,0.29049580439081535,-1.487929236398641,-0.3491856831866449,important_topk_defaultWhat,rolling5,github_outcomes,pull_request_merged,TRUE,sa,att_group,high
10,-0.9027339666179681,0.3434973452220348,-1.5759887632531564,-0.22947916998277995,important_topk_defaultWhat,rolling5,github_outcomes,pull_request_merged,TRUE,sa,att_group,high
11,-1.2803489213270534,0.35746584658030545,-1.980981980624452,-0.5797158620296547,important_topk_defaultWhat,rolling5,github_outcomes,pull_request_merged,TRUE,sa,att_group,high
12,-1.3732489931312308,0.5163681333788154,-2.385330534553709,-0.36116745170875264,important_topk_defaultWhat,rolling5,github_outcomes,pull_request_merged,TRUE,sa,att_group,high
13,-2.4094817314505637,1.196429845123938,-4.754484227893482,-0.0644792350076453,important_topk_defaultWhat,rolling5,github_outcomes,pull_request_merged,TRUE,sa,att_group,high
-18,-0.26964380422604745,0.5242804377531358,-1.2972334622221935,0.7579458537700987,important_topk_defaultWhat,rolling5,github_outcomes,pull_request_merged,TRUE,sa,att_group,low
-17,1.1775642297283757,0.8044567639074315,-0.39917102753019007,2.7542994869869415,important_topk_defaultWhat,rolling5,github_outcomes,pull_request_merged,TRUE,sa,att_group,low
-16,0.9647501707943074,0.8013360332049262,-0.605868454287348,2.5353687958759625,important_topk_defaultWhat,rolling5,github_outcomes,pull_request_merged,TRUE,sa,att_group,low
-15,0.43742303250816694,0.6774511302883424,-0.8903811828569841,1.765227247873318,important_topk_defaultWhat,rolling5,github_outcomes,pull_request_merged,TRUE,sa,att_group,low
-14,0.36071948992552066,0.6375195934957548,-0.8888189133261588,1.6102578931772,important_topk_defaultWhat,rolling5,github_outcomes,pull_request_merged,TRUE,sa,att_group,low
-13,0.4889293171621176,0.5771048089172297,-0.6421961083156527,1.620054742639888,important_topk_defaultWhat,rolling5,github_outcomes,pull_request_merged,TRUE,sa,att_group,low
-12,0.6311887411870054,0.5376405068452211,-0.422586652229628,1.6849641346036388,important_topk_defaultWhat,rolling5,github_outcomes,pull_request_merged,TRUE,sa,att_group,low
-11,0.46639376886404005,0.4645899628813692,-0.4442025583834436,1.3769900961115238,important_topk_defaultWhat,rolling5,github_outcomes,pull_request_merged,TRUE,sa,att_group,low
-10,0.5360900924209837,0.4457923584964915,-0.33766293023213967,1.409843115074107,important_topk_defaultWhat,rolling5,github_outcomes,pull_request_merged,TRUE,sa,att_group,low
-9,0.45512531083317204,0.4066497981793386,-0.3419082935983316,1.2521589152646757,important_topk_defaultWhat,rolling5,github_outcomes,pull_request_merged,TRUE,sa,att_group,low
-8,0.2971751658301284,0.3420347956350926,-0.3732130336146531,0.9675633652749098,important_topk_defaultWhat,rolling5,github_outcomes,pull_request_merged,TRUE,sa,att_group,low
-7,0.3380401344219963,0.3040811065887313,-0.2579588344919169,0.9340391033359096,important_topk_defaultWhat,rolling5,github_outcomes,pull_request_merged,TRUE,sa,att_group,low
-6,0.25213431533057457,0.2618967374623825,-0.26118329009569513,0.7654519207568442,important_topk_defaultWhat,rolling5,github_outcomes,pull_request_merged,TRUE,sa,att_group,low
-5,0.10075034412791067,0.20948697647404982,-0.30984412976122694,0.5113448180170483,important_topk_defaultWhat,rolling5,github_outcomes,pull_request_merged,TRUE,sa,att_group,low
-4,0.18348930969843455,0.17315666886014294,-0.15589776126744562,0.5228763806643147,important_topk_defaultWhat,rolling5,github_outcomes,pull_request_merged,TRUE,sa,att_group,low
-3,0.0805168343330357,0.1222142105727485,-0.15902301838955135,0.3200566870556228,important_topk_defaultWhat,rolling5,github_outcomes,pull_request_merged,TRUE,sa,att_group,low
-2,0.15331789386738215,0.07264264146140081,0.010938316603036569,0.29569747113172773,important_topk_defaultWhat,rolling5,github_outcomes,pull_request_merged,TRUE,sa,att_group,low
-1,0,0,0,0,important_topk_defaultWhat,rolling5,github_outcomes,pull_request_merged,TRUE,sa,att_group,low
0,-0.12272215236579155,0.10760466499726677,-0.33362729576043443,0.08818299102885131,important_topk_defaultWhat,rolling5,github_outcomes,pull_request_merged,TRUE,sa,att_group,low
1,-0.6873898914457588,0.15189676534229907,-0.985107551516665,-0.38967223137485263,important_topk_defaultWhat,rolling5,github_outcomes,pull_request_merged,TRUE,sa,att_group,low
2,-0.6684503795569757,0.22958204973573507,-1.1184311970390164,-0.218469562074935,important_topk_defaultWhat,rolling5,github_outcomes,pull_request_merged,TRUE,sa,att_group,low
3,-0.8221324034835473,0.26690594072127116,-1.345268047297239,-0.29899675966985584,important_topk_defaultWhat,rolling5,github_outcomes,pull_request_merged,TRUE,sa,att_group,low
4,-0.9571081711684959,0.32405028176726103,-1.5922467234323276,-0.32196961890466425,important_topk_defaultWhat,rolling5,github_outcomes,pull_request_merged,TRUE,sa,att_group,low
5,-0.9938886188297659,0.3695529059044334,-1.7182123144024555,-0.26956492325707637,important_topk_defaultWhat,rolling5,github_outcomes,pull_request_merged,TRUE,sa,att_group,low
6,-1.0654211943241523,0.44414264289165084,-1.935940774391788,-0.19490161425651664,important_topk_defaultWhat,rolling5,github_outcomes,pull_request_merged,TRUE,sa,att_group,low
7,-1.0467462505790552,0.49691207544104415,-2.0206939184435018,-0.0727985827146087,important_topk_defaultWhat,rolling5,github_outcomes,pull_request_merged,TRUE,sa,att_group,low
8,-0.8597467599510766,0.5715008865705785,-1.9798884976294104,0.26039497772725717,important_topk_defaultWhat,rolling5,github_outcomes,pull_request_merged,TRUE,sa,att_group,low
9,-0.582185799215517,0.73034573153334,-2.013663433020864,0.8492918345898295,important_topk_defaultWhat,rolling5,github_outcomes,pull_request_merged,TRUE,sa,att_group,low
10,-0.7980465831169343,0.899172270930719,-2.5604242341411436,0.964331067907275,important_topk_defaultWhat,rolling5,github_outcomes,pull_request_merged,TRUE,sa,att_group,low
11,-0.8593873950257844,0.9082820874670581,-2.639620286461218,0.9208454964096493,important_topk_defaultWhat,rolling5,github_outcomes,pull_request_merged,TRUE,sa,att_group,low
12,-1.2496274613253842,0.9360781352623436,-3.0843406064395777,0.5850856837888092,important_topk_defaultWhat,rolling5,github_outcomes,pull_request_merged,TRUE,sa,att_group,low
13,-2.1142149326396735,0.7861908406976397,-3.655148980407047,-0.5732808848722999,important_topk_defaultWhat,rolling5,github_outcomes,pull_request_merged,TRUE,sa,att_group,low
-18,-0.47781805875144034,0.24046918761842762,-0.9491376664835585,-0.006498451019322227,important_topk_defaultWhat,rolling5,downstream_outcomes,overall_new_release_count,TRUE,sa,att_group,high
-17,-0.3824885883721738,0.17875183405231132,-0.7328421831147041,-0.032134993629643616,important_topk_defaultWhat,rolling5,downstream_outcomes,overall_new_release_count,TRUE,sa,att_group,high
-16,-0.24196551791216356,0.14847524343530455,-0.5329769950453604,0.04904595922103336,important_topk_defaultWhat,rolling5,downstream_outcomes,overall_new_release_count,TRUE,sa,att_group,high
-15,-0.2546862124116789,0.1415704533734078,-0.5321643010235582,0.0227918762002004,important_topk_defaultWhat,rolling5,downstream_outcomes,overall_new_release_count,TRUE,sa,att_group,high
-14,-0.2846199406717091,0.12023901466130386,-0.5202884094078647,-0.04895147193555352,important_topk_defaultWhat,rolling5,downstream_outcomes,overall_new_release_count,TRUE,sa,att_group,high
-13,-0.37254079315776467,0.16956404292827945,-0.7048863172971924,-0.040195269018336977,important_topk_defaultWhat,rolling5,downstream_outcomes,overall_new_release_count,TRUE,sa,att_group,high
-12,-0.7065583311351429,0.19391697532041932,-1.0866356027631647,-0.32648105950712103,important_topk_defaultWhat,rolling5,downstream_outcomes,overall_new_release_count,TRUE,sa,att_group,high
-11,-0.4644977329787091,0.20956752934343012,-0.8752500904918321,-0.05374537546558611,important_topk_defaultWhat,rolling5,downstream_outcomes,overall_new_release_count,TRUE,sa,att_group,high
-10,-0.22769951173624992,0.18631600286148425,-0.5928788773447591,0.1374798538722592,important_topk_defaultWhat,rolling5,downstream_outcomes,overall_new_release_count,TRUE,sa,att_group,high
-9,0.02207715776309699,0.21179549942357373,-0.3930420211071075,0.4371963366333015,important_topk_defaultWhat,rolling5,downstream_outcomes,overall_new_release_count,TRUE,sa,att_group,high
-8,-0.07044805579232008,0.12495784992481024,-0.3153654416449482,0.174469330060308,important_topk_defaultWhat,rolling5,downstream_outcomes,overall_new_release_count,TRUE,sa,att_group,high
-7,0.13242708510224874,0.14703469263642432,-0.15576091246514293,0.42061508266964043,important_topk_defaultWhat,rolling5,downstream_outcomes,overall_new_release_count,TRUE,sa,att_group,high
-6,0.10635832787272685,0.11947071019955025,-0.12780426411839163,0.3405209198638453,important_topk_defaultWhat,rolling5,downstream_outcomes,overall_new_release_count,TRUE,sa,att_group,high
-5,-0.24907318306674187,0.06535749746646817,-0.3771738781010195,-0.12097248803246424,important_topk_defaultWhat,rolling5,downstream_outcomes,overall_new_release_count,TRUE,sa,att_group,high
-4,-0.2664250589420517,0.056794632973488725,-0.37774253957008963,-0.1551075783140138,important_topk_defaultWhat,rolling5,downstream_outcomes,overall_new_release_count,TRUE,sa,att_group,high
-3,-0.2265487371294739,0.05063922633688604,-0.32580162074977054,-0.12729585350917727,important_topk_defaultWhat,rolling5,downstream_outcomes,overall_new_release_count,TRUE,sa,att_group,high
-2,-0.06881689473669828,0.048935363108640925,-0.16473020642963448,0.027096416956237934,important_topk_defaultWhat,rolling5,downstream_outcomes,overall_new_release_count,TRUE,sa,att_group,high
-1,0,0,0,0,important_topk_defaultWhat,rolling5,downstream_outcomes,overall_new_release_count,TRUE,sa,att_group,high
0,0.13261970993924213,0.07256298430174156,-0.009603739292171315,0.2748431591706556,important_topk_defaultWhat,rolling5,downstream_outcomes,overall_new_release_count,TRUE,sa,att_group,high
1,-0.23548921351060423,0.06467185352868493,-0.3622460464268267,-0.10873238059438176,important_topk_defaultWhat,rolling5,downstream_outcomes,overall_new_release_count,TRUE,sa,att_group,high
2,-0.18813703075159793,0.09677239829061048,-0.3778109314011945,0.0015368698979985884,important_topk_defaultWhat,rolling5,downstream_outcomes,overall_new_release_count,TRUE,sa,att_group,high
3,-0.16365954401354776,0.07752805285733531,-0.31561452761392494,-0.011704560413170556,important_topk_defaultWhat,rolling5,downstream_outcomes,overall_new_release_count,TRUE,sa,att_group,high
4,-0.2320570600780199,0.08131097401594028,-0.3914265691492629,-0.07268755100677696,important_topk_defaultWhat,rolling5,downstream_outcomes,overall_new_release_count,TRUE,sa,att_group,high
5,0.20021909497556967,0.40437688260425514,-0.5923595949287704,0.9927977848799098,important_topk_defaultWhat,rolling5,downstream_outcomes,overall_new_release_count,TRUE,sa,att_group,high
6,0.05209320617547647,0.22002037801021493,-0.3791467347245448,0.48333314707549774,important_topk_defaultWhat,rolling5,downstream_outcomes,overall_new_release_count,TRUE,sa,att_group,high
7,-0.032794346694851186,0.11720389452586101,-0.26251397996553877,0.1969252865758364,important_topk_defaultWhat,rolling5,downstream_outcomes,overall_new_release_count,TRUE,sa,att_group,high
8,-0.10168715838320586,0.1350924732718463,-0.3664684059960246,0.16309408922961288,important_topk_defaultWhat,rolling5,downstream_outcomes,overall_new_release_count,TRUE,sa,att_group,high
9,0.03368480146418085,0.17931525815735438,-0.31777310452423374,0.38514270745259543,important_topk_defaultWhat,rolling5,downstream_outcomes,overall_new_release_count,TRUE,sa,att_group,high
10,0.1367799332546613,0.23390360690674747,-0.3216711362825637,0.5952310027918863,important_topk_defaultWhat,rolling5,downstream_outcomes,overall_new_release_count,TRUE,sa,att_group,high
11,0.16245620922946188,0.298644549411817,-0.42288710761769943,0.7477995260766233,important_topk_defaultWhat,rolling5,downstream_outcomes,overall_new_release_count,TRUE,sa,att_group,high
12,-0.02288660543133586,0.24959866146403056,-0.5120999819008358,0.46632677103816406,important_topk_defaultWhat,rolling5,downstream_outcomes,overall_new_release_count,TRUE,sa,att_group,high
13,-0.529257692642195,0.23751210645288373,-0.9947814212898471,-0.0637339639945429,important_topk_defaultWhat,rolling5,downstream_outcomes,overall_new_release_count,TRUE,sa,att_group,high
-18,1.0458911324516382,0.8627338936749169,-0.645067299151199,2.7368495640544754,important_topk_defaultWhat,rolling5,downstream_outcomes,overall_new_release_count,TRUE,sa,att_group,low
-17,0.8450471199662335,0.592545316098051,-0.31634169958594627,2.006435939518413,important_topk_defaultWhat,rolling5,downstream_outcomes,overall_new_release_count,TRUE,sa,att_group,low
-16,0.627515976356557,0.5026408759244245,-0.357660140455315,1.612692093168429,important_topk_defaultWhat,rolling5,downstream_outcomes,overall_new_release_count,TRUE,sa,att_group,low
-15,0.4846141696516475,0.4203017400675872,-0.33917724088082335,1.3084055801841183,important_topk_defaultWhat,rolling5,downstream_outcomes,overall_new_release_count,TRUE,sa,att_group,low
-14,0.3333023041399466,0.3908625793980546,-0.43278835148024036,1.0993929597601335,important_topk_defaultWhat,rolling5,downstream_outcomes,overall_new_release_count,TRUE,sa,att_group,low
-13,0.19931368321793233,0.3815125357971124,-0.548450886944408,0.9470782533802726,important_topk_defaultWhat,rolling5,downstream_outcomes,overall_new_release_count,TRUE,sa,att_group,low
-12,0.23209240369072326,0.3448957724129513,-0.44390331023866125,0.9080881176201078,important_topk_defaultWhat,rolling5,downstream_outcomes,overall_new_release_count,TRUE,sa,att_group,low
-11,0.3229919274684805,0.37190154442891227,-0.40593509961218754,1.0519189545491485,important_topk_defaultWhat,rolling5,downstream_outcomes,overall_new_release_count,TRUE,sa,att_group,low
-10,0.7827715040854204,0.767856855768049,-0.7222279332199555,2.2877709413907965,important_topk_defaultWhat,rolling5,downstream_outcomes,overall_new_release_count,TRUE,sa,att_group,low
-9,0.44366522137676323,0.6580501081519188,-0.8461129906009975,1.733443433354524,important_topk_defaultWhat,rolling5,downstream_outcomes,overall_new_release_count,TRUE,sa,att_group,low
-8,0.7044773090305368,0.6144952974099556,-0.49993347389297604,1.9088880919540498,important_topk_defaultWhat,rolling5,downstream_outcomes,overall_new_release_count,TRUE,sa,att_group,low
-7,0.45000071212649395,0.5587506879100265,-0.645150636177158,1.5451520604301459,important_topk_defaultWhat,rolling5,downstream_outcomes,overall_new_release_count,TRUE,sa,att_group,low
-6,0.10174168573641985,0.09781089073266604,-0.08996766009960556,0.2934510315724453,important_topk_defaultWhat,rolling5,downstream_outcomes,overall_new_release_count,TRUE,sa,att_group,low
-5,-0.03665986248666735,0.057543718908527434,-0.14944555154738112,0.07612582657404643,important_topk_defaultWhat,rolling5,downstream_outcomes,overall_new_release_count,TRUE,sa,att_group,low
-4,-0.07080119175990829,0.05279631155205002,-0.17428196240192634,0.03267957888210975,important_topk_defaultWhat,rolling5,downstream_outcomes,overall_new_release_count,TRUE,sa,att_group,low
-3,-0.09861248638246702,0.04993970786477999,-0.19649431379743582,-7.306589674982295e-4,important_topk_defaultWhat,rolling5,downstream_outcomes,overall_new_release_count,TRUE,sa,att_group,low
-2,0.008090670908876992,0.044281236440530766,-0.0787005525145633,0.0948818943323173,important_topk_defaultWhat,rolling5,downstream_outcomes,overall_new_release_count,TRUE,sa,att_group,low
-1,0,0,0,0,important_topk_defaultWhat,rolling5,downstream_outcomes,overall_new_release_count,TRUE,sa,att_group,low
0,0.011944556329676748,0.063083085261366,-0.1116982907826006,0.1355874034419541,important_topk_defaultWhat,rolling5,downstream_outcomes,overall_new_release_count,TRUE,sa,att_group,low
1,-0.42511814646170704,0.05484548510234441,-0.5326152972623021,-0.317620995661112,important_topk_defaultWhat,rolling5,downstream_outcomes,overall_new_release_count,TRUE,sa,att_group,low
2,-0.4950155828094255,0.06252090648703507,-0.6175565595240142,-0.37247460609483674,important_topk_defaultWhat,rolling5,downstream_outcomes,overall_new_release_count,TRUE,sa,att_group,low
3,-0.4513022401116045,0.07737846881377723,-0.6029640389866079,-0.29964044123660116,important_topk_defaultWhat,rolling5,downstream_outcomes,overall_new_release_count,TRUE,sa,att_group,low
4,-0.5339316646213732,0.08841224416666076,-0.7072196631880283,-0.3606436660547181,important_topk_defaultWhat,rolling5,downstream_outcomes,overall_new_release_count,TRUE,sa,att_group,low
5,-0.46588357011646486,0.1027895337187452,-0.6673510562052054,-0.26441608402772426,important_topk_defaultWhat,rolling5,downstream_outcomes,overall_new_release_count,TRUE,sa,att_group,low
6,-0.48850892559209474,0.11437222747890642,-0.7126784914507514,-0.26433935973343814,important_topk_defaultWhat,rolling5,downstream_outcomes,overall_new_release_count,TRUE,sa,att_group,low
7,-0.35707210225542996,0.13113912883780102,-0.61410479477752,-0.10003940973333997,important_topk_defaultWhat,rolling5,downstream_outcomes,overall_new_release_count,TRUE,sa,att_group,low
8,-0.5253911905117657,0.1484904566479078,-0.816432485541665,-0.23434989548186647,important_topk_defaultWhat,rolling5,downstream_outcomes,overall_new_release_count,TRUE,sa,att_group,low
9,-0.543726235353124,0.12967688171527206,-0.7978929235150573,-0.2895595471911908,important_topk_defaultWhat,rolling5,downstream_outcomes,overall_new_release_count,TRUE,sa,att_group,low
10,-0.829922078074124,0.12204017246063602,-1.0691208160969705,-0.5907233400512775,important_topk_defaultWhat,rolling5,downstream_outcomes,overall_new_release_count,TRUE,sa,att_group,low
11,-0.7473167027558487,0.2518457985086986,-1.240934467832898,-0.2536989376787995,important_topk_defaultWhat,rolling5,downstream_outcomes,overall_new_release_count,TRUE,sa,att_group,low
12,-1.0098626811373232,0.19860919898519083,-1.3991367111482973,-0.6205886511263492,important_topk_defaultWhat,rolling5,downstream_outcomes,overall_new_release_count,TRUE,sa,att_group,low
13,-1.1131154399600134,0.22438359482501324,-1.5529072858170394,-0.6733235941029874,important_topk_defaultWhat,rolling5,downstream_outcomes,overall_new_release_count,TRUE,sa,att_group,low
-18,-0.39611730877630935,0.13895011187664383,-0.6684595280545312,-0.12377508949808746,important_topk_defaultWhat,rolling5,downstream_outcomes,major_minor_release_count,TRUE,sa,att_group,high
-17,-0.38925309508124284,0.12520693950522682,-0.6346586965114874,-0.14384749365099828,important_topk_defaultWhat,rolling5,downstream_outcomes,major_minor_release_count,TRUE,sa,att_group,high
-16,-0.3438675727147592,0.10459680286188963,-0.5488773063240628,-0.13885783910545554,important_topk_defaultWhat,rolling5,downstream_outcomes,major_minor_release_count,TRUE,sa,att_group,high
-15,-0.36088246399626156,0.09992978402811134,-0.5567448406913598,-0.16502008730116333,important_topk_defaultWhat,rolling5,downstream_outcomes,major_minor_release_count,TRUE,sa,att_group,high
-14,-0.3380350444588808,0.08174514333598865,-0.4982555253974185,-0.17781456352034303,important_topk_defaultWhat,rolling5,downstream_outcomes,major_minor_release_count,TRUE,sa,att_group,high
-13,-0.3298906222762651,0.1514531661570947,-0.6267388279441707,-0.03304241660835949,important_topk_defaultWhat,rolling5,downstream_outcomes,major_minor_release_count,TRUE,sa,att_group,high
-12,-0.5387971547566579,0.08450118893554971,-0.7044194850703354,-0.37317482444298045,important_topk_defaultWhat,rolling5,downstream_outcomes,major_minor_release_count,TRUE,sa,att_group,high
-11,-0.3137909526364105,0.11278439112077954,-0.5348483592331383,-0.09273354603968259,important_topk_defaultWhat,rolling5,downstream_outcomes,major_minor_release_count,TRUE,sa,att_group,high
-10,-0.2788630127166963,0.10071971290649531,-0.4762736500134271,-0.08145237541996547,important_topk_defaultWhat,rolling5,downstream_outcomes,major_minor_release_count,TRUE,sa,att_group,high
-9,-0.17479055098908328,0.1225732639897397,-0.41503414840897307,0.06545304643080652,important_topk_defaultWhat,rolling5,downstream_outcomes,major_minor_release_count,TRUE,sa,att_group,high
-8,-0.23361308891493454,0.08956560364551251,-0.4091616720601391,-0.05806450576973002,important_topk_defaultWhat,rolling5,downstream_outcomes,major_minor_release_count,TRUE,sa,att_group,high
-7,-0.08848553981733359,0.09447062153707357,-0.27364795802999775,0.0966768783953306,important_topk_defaultWhat,rolling5,downstream_outcomes,major_minor_release_count,TRUE,sa,att_group,high
-6,-0.12420888875235554,0.08489997119433959,-0.2906128322932611,0.042195054788550054,important_topk_defaultWhat,rolling5,downstream_outcomes,major_minor_release_count,TRUE,sa,att_group,high
-5,-0.2708275356026428,0.059674475438393354,-0.3877895074618938,-0.1538655637433918,important_topk_defaultWhat,rolling5,downstream_outcomes,major_minor_release_count,TRUE,sa,att_group,high
-4,-0.2909413508209034,0.053718737580387366,-0.39623007647846265,-0.18565262516334416,important_topk_defaultWhat,rolling5,downstream_outcomes,major_minor_release_count,TRUE,sa,att_group,high
-3,-0.20655143406549448,0.052665650727790975,-0.30977610949196477,-0.10332675863902417,important_topk_defaultWhat,rolling5,downstream_outcomes,major_minor_release_count,TRUE,sa,att_group,high
-2,-0.06341475563477886,0.052138076489063115,-0.16560538555334256,0.038775874283784845,important_topk_defaultWhat,rolling5,downstream_outcomes,major_minor_release_count,TRUE,sa,att_group,high
-1,0,0,0,0,important_topk_defaultWhat,rolling5,downstream_outcomes,major_minor_release_count,TRUE,sa,att_group,high
0,0.05657802557485886,0.07043491603566582,-0.08147440985504614,0.19463046100476386,important_topk_defaultWhat,rolling5,downstream_outcomes,major_minor_release_count,TRUE,sa,att_group,high
1,-0.2416819916887057,0.0568547723838131,-0.35311734556097935,-0.13024663781643203,important_topk_defaultWhat,rolling5,downstream_outcomes,major_minor_release_count,TRUE,sa,att_group,high
2,-0.21818794975927694,0.06488246321405984,-0.34535757765883424,-0.09101832185971964,important_topk_defaultWhat,rolling5,downstream_outcomes,major_minor_release_count,TRUE,sa,att_group,high
3,-0.2679594469744923,0.06063284779646894,-0.38679982865557144,-0.14911906529341318,important_topk_defaultWhat,rolling5,downstream_outcomes,major_minor_release_count,TRUE,sa,att_group,high
4,-0.30245914873611207,0.06566628799405835,-0.43116507320446645,-0.1737532242677577,important_topk_defaultWhat,rolling5,downstream_outcomes,major_minor_release_count,TRUE,sa,att_group,high
5,-0.16133389349492866,0.121838849291779,-0.4001380381068155,0.07747025111695818,important_topk_defaultWhat,rolling5,downstream_outcomes,major_minor_release_count,TRUE,sa,att_group,high
6,-0.13555575632464925,0.12270881036598899,-0.37606502464198766,0.10495351199268915,important_topk_defaultWhat,rolling5,downstream_outcomes,major_minor_release_count,TRUE,sa,att_group,high
7,-0.1985068644873938,0.09438775410267032,-0.38350686252862765,-0.013506866446159976,important_topk_defaultWhat,rolling5,downstream_outcomes,major_minor_release_count,TRUE,sa,att_group,high
8,-0.29627683944162947,0.10177948413072956,-0.4957646283378594,-0.09678905054539955,important_topk_defaultWhat,rolling5,downstream_outcomes,major_minor_release_count,TRUE,sa,att_group,high
9,-0.11897727766586794,0.16112426666554225,-0.4347808403303307,0.19682628499859486,important_topk_defaultWhat,rolling5,downstream_outcomes,major_minor_release_count,TRUE,sa,att_group,high
10,-0.07691261267407674,0.2074013293681488,-0.4834192182356484,0.3295939928874949,important_topk_defaultWhat,rolling5,downstream_outcomes,major_minor_release_count,TRUE,sa,att_group,high
11,-0.3185417703848863,0.18315454358708752,-0.6775246758155778,0.040441135045805265,important_topk_defaultWhat,rolling5,downstream_outcomes,major_minor_release_count,TRUE,sa,att_group,high
12,-0.2519950282771521,0.26907881715059406,-0.7793895098923165,0.27539945333801225,important_topk_defaultWhat,rolling5,downstream_outcomes,major_minor_release_count,TRUE,sa,att_group,high
13,-1.053725646242322,0.20421636876426416,-1.4539897290202797,-0.6534615634643641,important_topk_defaultWhat,rolling5,downstream_outcomes,major_minor_release_count,TRUE,sa,att_group,high
-18,0.00873344086786736,0.15779014193226223,-0.3005352373193666,0.31800211905510134,important_topk_defaultWhat,rolling5,downstream_outcomes,major_minor_release_count,TRUE,sa,att_group,low
-17,0.14604722555565444,0.19235593842785545,-0.23097041376294222,0.5230648648742511,important_topk_defaultWhat,rolling5,downstream_outcomes,major_minor_release_count,TRUE,sa,att_group,low
-16,-0.1141850755055108,0.2288575462348478,-0.5627458661258125,0.3343757151147909,important_topk_defaultWhat,rolling5,downstream_outcomes,major_minor_release_count,TRUE,sa,att_group,low
-15,-0.08134239996340237,0.17404596877323975,-0.42247249875895226,0.25978769883214753,important_topk_defaultWhat,rolling5,downstream_outcomes,major_minor_release_count,TRUE,sa,att_group,low
-14,-0.1475697928418548,0.15901341604569066,-0.4592360882914085,0.1640965026076989,important_topk_defaultWhat,rolling5,downstream_outcomes,major_minor_release_count,TRUE,sa,att_group,low
-13,-0.16346204265068737,0.20116944688593005,-0.5577541585471102,0.2308300732457355,important_topk_defaultWhat,rolling5,downstream_outcomes,major_minor_release_count,TRUE,sa,att_group,low
-12,-0.1268772324301016,0.13328979721627146,-0.38812523497399365,0.13437077011379048,important_topk_defaultWhat,rolling5,downstream_outcomes,major_minor_release_count,TRUE,sa,att_group,low
-11,0.6885013567679745,0.8850836450711611,-1.0462625875715013,2.4232653011074503,important_topk_defaultWhat,rolling5,downstream_outcomes,major_minor_release_count,TRUE,sa,att_group,low
-10,-0.05683343556636113,0.17195415910786527,-0.39386358741777705,0.2801967162850548,important_topk_defaultWhat,rolling5,downstream_outcomes,major_minor_release_count,TRUE,sa,att_group,low
-9,-0.06531685340703677,0.10937564323500557,-0.27969311414764764,0.14905940733357412,important_topk_defaultWhat,rolling5,downstream_outcomes,major_minor_release_count,TRUE,sa,att_group,low
-8,-0.1744838066246694,0.08395479921959405,-0.33903521309507373,-0.009932400154265053,important_topk_defaultWhat,rolling5,downstream_outcomes,major_minor_release_count,TRUE,sa,att_group,low
-7,-0.10331421297927876,0.09800420566196258,-0.29540245607672544,0.0887740301181679,important_topk_defaultWhat,rolling5,downstream_outcomes,major_minor_release_count,TRUE,sa,att_group,low
-6,-0.061110807259732086,0.07763124280589948,-0.21326804315929507,0.0910464286398309,important_topk_defaultWhat,rolling5,downstream_outcomes,major_minor_release_count,TRUE,sa,att_group,low
-5,-0.1068312927956011,0.054481431072344,-0.21361489769739533,-4.7687893806852566e-5,important_topk_defaultWhat,rolling5,downstream_outcomes,major_minor_release_count,TRUE,sa,att_group,low
-4,-0.05134818074749946,0.052474354513644704,-0.15419791559424306,0.05150155409924416,important_topk_defaultWhat,rolling5,downstream_outcomes,major_minor_release_count,TRUE,sa,att_group,low
-3,-0.08927986090395207,0.048378200287107376,-0.18410113346668253,0.005541411658778389,important_topk_defaultWhat,rolling5,downstream_outcomes,major_minor_release_count,TRUE,sa,att_group,low
-2,0.018499297055727556,0.046517623624163194,-0.0726752452476323,0.10967383935908742,important_topk_defaultWhat,rolling5,downstream_outcomes,major_minor_release_count,TRUE,sa,att_group,low
-1,0,0,0,0,important_topk_defaultWhat,rolling5,downstream_outcomes,major_minor_release_count,TRUE,sa,att_group,low
0,-0.029401228286154445,0.05940516889512311,-0.14583535932059574,0.08703290274828684,important_topk_defaultWhat,rolling5,downstream_outcomes,major_minor_release_count,TRUE,sa,att_group,low
1,-0.30755311344487235,0.060706543242162854,-0.4265379381995115,-0.18856828869023318,important_topk_defaultWhat,rolling5,downstream_outcomes,major_minor_release_count,TRUE,sa,att_group,low
2,-0.44560539220908246,0.05648249519805228,-0.5563110827972649,-0.3348997016209,important_topk_defaultWhat,rolling5,downstream_outcomes,major_minor_release_count,TRUE,sa,att_group,low
3,-0.43889987052643276,0.06279742451606841,-0.5619828225779269,-0.31581691847493865,important_topk_defaultWhat,rolling5,downstream_outcomes,major_minor_release_count,TRUE,sa,att_group,low
4,-0.545914889735575,0.06323292569657257,-0.6698514241008573,-0.42197835537029277,important_topk_defaultWhat,rolling5,downstream_outcomes,major_minor_release_count,TRUE,sa,att_group,low
5,-0.5604715737205765,0.0667754539635707,-0.6913514634891751,-0.429591683951978,important_topk_defaultWhat,rolling5,downstream_outcomes,major_minor_release_count,TRUE,sa,att_group,low
6,-0.526281415405557,0.08282667517037877,-0.6886216987394993,-0.3639411320716146,important_topk_defaultWhat,rolling5,downstream_outcomes,major_minor_release_count,TRUE,sa,att_group,low
7,-0.4244096819072665,0.09068118217931914,-0.6021447989787321,-0.246674564835801,important_topk_defaultWhat,rolling5,downstream_outcomes,major_minor_release_count,TRUE,sa,att_group,low
8,-0.5580886034192013,0.09508302422687669,-0.7444513309038796,-0.371725875934523,important_topk_defaultWhat,rolling5,downstream_outcomes,major_minor_release_count,TRUE,sa,att_group,low
9,-0.5888541740665483,0.11623872746581818,-0.8166820798995519,-0.36102626823354467,important_topk_defaultWhat,rolling5,downstream_outcomes,major_minor_release_count,TRUE,sa,att_group,low
10,-0.7816265259125464,0.13544560929535215,-1.0470999201314366,-0.5161531316936563,important_topk_defaultWhat,rolling5,downstream_outcomes,major_minor_release_count,TRUE,sa,att_group,low
11,-0.8963983589863056,0.1872016022822812,-1.2633134994595767,-0.5294832185130345,important_topk_defaultWhat,rolling5,downstream_outcomes,major_minor_release_count,TRUE,sa,att_group,low
12,-1.2818109190241693,0.16061504591305337,-1.596616409013754,-0.9670054290345848,important_topk_defaultWhat,rolling5,downstream_outcomes,major_minor_release_count,TRUE,sa,att_group,low
13,-1.6367390396707096,0.22448966286597208,-2.0767387788880147,-1.1967393004534044,important_topk_defaultWhat,rolling5,downstream_outcomes,major_minor_release_count,TRUE,sa,att_group,low
-18,0.1594496585184387,0.9241974545405567,-1.6519773523810524,1.9708766694179296,important_topk_defaultWhat,rolling5,github_outcomes,pull_request_opened,TRUE,sa,att_group,high
-17,0.27569602148331024,0.6569200910254299,-1.0118673569265324,1.5632593998931528,important_topk_defaultWhat,rolling5,github_outcomes,pull_request_opened,TRUE,sa,att_group,high
-16,0.21915639226978365,0.47424894289378017,-0.7103715358020254,1.1486843203415926,important_topk_defaultWhat,rolling5,github_outcomes,pull_request_opened,TRUE,sa,att_group,high
-15,-0.35375462644726263,0.34025788725214123,-1.0206600854614596,0.3131508325669342,important_topk_defaultWhat,rolling5,github_outcomes,pull_request_opened,TRUE,sa,att_group,high
-14,-0.4742631503285212,0.30960260645755905,-1.0810842589853369,0.13255795832829453,important_topk_defaultWhat,rolling5,github_outcomes,pull_request_opened,TRUE,sa,att_group,high
-13,-0.1143643654534334,0.34489301798918837,-0.7903546807122426,0.5616259498053757,important_topk_defaultWhat,rolling5,github_outcomes,pull_request_opened,TRUE,sa,att_group,high
-12,0.16806953002315264,0.2969715429848959,-0.41399469422724333,0.7501337542735486,important_topk_defaultWhat,rolling5,github_outcomes,pull_request_opened,TRUE,sa,att_group,high
-11,-0.09615622553034298,0.22517530422636953,-0.5374998218140272,0.34518737075334127,important_topk_defaultWhat,rolling5,github_outcomes,pull_request_opened,TRUE,sa,att_group,high
-10,0.2620352954392828,0.2964695432867464,-0.3190450094027402,0.8431156002813058,important_topk_defaultWhat,rolling5,github_outcomes,pull_request_opened,TRUE,sa,att_group,high
-9,0.2649116364938551,0.29594253233112816,-0.3151357268751561,0.8449589998628663,important_topk_defaultWhat,rolling5,github_outcomes,pull_request_opened,TRUE,sa,att_group,high
-8,-0.01306984498189112,0.1742403431785188,-0.35458091761178795,0.3284412276480057,important_topk_defaultWhat,rolling5,github_outcomes,pull_request_opened,TRUE,sa,att_group,high
-7,-0.08176964544974502,0.1648751403732432,-0.40492492058130164,0.2413856296818116,important_topk_defaultWhat,rolling5,github_outcomes,pull_request_opened,TRUE,sa,att_group,high
-6,-0.23720922123006333,0.14016888924360887,-0.5119402441475367,0.03752180168741004,important_topk_defaultWhat,rolling5,github_outcomes,pull_request_opened,TRUE,sa,att_group,high
-5,-0.21718889861697518,0.09132369363695919,-0.3961833381454152,-0.038194459088535165,important_topk_defaultWhat,rolling5,github_outcomes,pull_request_opened,TRUE,sa,att_group,high
-4,-0.14830551733581526,0.08027317371053062,-0.30564093780845525,0.009029903136824752,important_topk_defaultWhat,rolling5,github_outcomes,pull_request_opened,TRUE,sa,att_group,high
-3,-0.11055912729067478,0.0675083656691998,-0.2428755240023064,0.021757269420956807,important_topk_defaultWhat,rolling5,github_outcomes,pull_request_opened,TRUE,sa,att_group,high
-2,0.09299097014156513,0.06365466641616331,-0.03177217603411496,0.21775411631724523,important_topk_defaultWhat,rolling5,github_outcomes,pull_request_opened,TRUE,sa,att_group,high
-1,0,0,0,0,important_topk_defaultWhat,rolling5,github_outcomes,pull_request_opened,TRUE,sa,att_group,high
0,0.11984760373323616,0.09556718644666165,-0.06746408170222068,0.307159289168693,important_topk_defaultWhat,rolling5,github_outcomes,pull_request_opened,TRUE,sa,att_group,high
1,-0.4674541950798356,0.09426658358591457,-0.6522166989082281,-0.28269169125144306,important_topk_defaultWhat,rolling5,github_outcomes,pull_request_opened,TRUE,sa,att_group,high
2,-0.3164517571969464,0.13561859371907714,-0.5822642008863376,-0.05063931350755524,important_topk_defaultWhat,rolling5,github_outcomes,pull_request_opened,TRUE,sa,att_group,high
3,-0.2724999529831848,0.16789010544452448,-0.6015645596544528,0.056564653688083166,important_topk_defaultWhat,rolling5,github_outcomes,pull_request_opened,TRUE,sa,att_group,high
4,-0.13208230637894228,0.22866568160139455,-0.5802670423176756,0.31610242955979106,important_topk_defaultWhat,rolling5,github_outcomes,pull_request_opened,TRUE,sa,att_group,high
5,-0.20424978224432516,0.21378010971196917,-0.6232587972797847,0.2147592327911344,important_topk_defaultWhat,rolling5,github_outcomes,pull_request_opened,TRUE,sa,att_group,high
6,-0.1483008129866756,0.26564894831641944,-0.6689727516868578,0.3723711257135065,important_topk_defaultWhat,rolling5,github_outcomes,pull_request_opened,TRUE,sa,att_group,high
7,-0.36480238964617123,0.23432348746392956,-0.8240764250754732,0.09447164578313072,important_topk_defaultWhat,rolling5,github_outcomes,pull_request_opened,TRUE,sa,att_group,high
8,-0.5932027839924925,0.29788792358583954,-1.177063114220738,-0.009342453764247027,important_topk_defaultWhat,rolling5,github_outcomes,pull_request_opened,TRUE,sa,att_group,high
9,-0.6458032450166269,0.3753464645108399,-1.3814823154578733,0.08987582542461936,important_topk_defaultWhat,rolling5,github_outcomes,pull_request_opened,TRUE,sa,att_group,high
10,-0.6801542237536002,0.5710443435124594,-1.7994011370380205,0.43909268953082004,important_topk_defaultWhat,rolling5,github_outcomes,pull_request_opened,TRUE,sa,att_group,high
11,-0.7160378384967349,0.574985890959653,-1.8430101847776545,0.41093450778418494,important_topk_defaultWhat,rolling5,github_outcomes,pull_request_opened,TRUE,sa,att_group,high
12,-0.9706112205297343,0.6651295265199154,-2.2742650925087684,0.3330426514493,important_topk_defaultWhat,rolling5,github_outcomes,pull_request_opened,TRUE,sa,att_group,high
13,-2.288236025312958,0.7114023771722681,-3.682584684570603,-0.8938873660553126,important_topk_defaultWhat,rolling5,github_outcomes,pull_request_opened,TRUE,sa,att_group,high
-18,-0.8881163167667727,0.6580205269373804,-2.1778365495640384,0.40160391603049295,important_topk_defaultWhat,rolling5,github_outcomes,pull_request_opened,TRUE,sa,att_group,low
-17,0.7793924427729038,1.2298951465790644,-1.6312020445220625,3.18998693006787,important_topk_defaultWhat,rolling5,github_outcomes,pull_request_opened,TRUE,sa,att_group,low
-16,0.5288743761456742,1.1048561075098344,-1.6366435945736013,2.6943923468649498,important_topk_defaultWhat,rolling5,github_outcomes,pull_request_opened,TRUE,sa,att_group,low
-15,0.579540099284759,0.8793364106935542,-1.1439592656746072,2.303039464244125,important_topk_defaultWhat,rolling5,github_outcomes,pull_request_opened,TRUE,sa,att_group,low
-14,0.14190923768480046,0.8363131771291039,-1.497264589488243,1.7810830648578442,important_topk_defaultWhat,rolling5,github_outcomes,pull_request_opened,TRUE,sa,att_group,low
-13,0.45537264611804806,0.7636119838743876,-1.0413068422757514,1.9520521345118476,important_topk_defaultWhat,rolling5,github_outcomes,pull_request_opened,TRUE,sa,att_group,low
-12,0.7873816195446621,0.7479530276849985,-0.6786063147179349,2.253369553807259,important_topk_defaultWhat,rolling5,github_outcomes,pull_request_opened,TRUE,sa,att_group,low
-11,0.4283166959883109,0.5897098544376861,-0.7275146187095538,1.5841480106861756,important_topk_defaultWhat,rolling5,github_outcomes,pull_request_opened,TRUE,sa,att_group,low
-10,0.6208438250390059,0.5896696410764788,-0.5349086714708925,1.7765963215489045,important_topk_defaultWhat,rolling5,github_outcomes,pull_request_opened,TRUE,sa,att_group,low
-9,0.4809030040414368,0.5182769400187881,-0.534919798395388,1.4967258064782616,important_topk_defaultWhat,rolling5,github_outcomes,pull_request_opened,TRUE,sa,att_group,low
-8,0.3929730812359536,0.43589847599654385,-0.4613879317172724,1.2473340941891795,important_topk_defaultWhat,rolling5,github_outcomes,pull_request_opened,TRUE,sa,att_group,low
-7,0.6414485423470028,0.40882707066071916,-0.15985251614800677,1.4427496008420122,important_topk_defaultWhat,rolling5,github_outcomes,pull_request_opened,TRUE,sa,att_group,low
-6,0.4354519713659371,0.3526591867580649,-0.25576003467987013,1.1266639774117444,important_topk_defaultWhat,rolling5,github_outcomes,pull_request_opened,TRUE,sa,att_group,low
-5,0.15655417460766802,0.27102459200989154,-0.3746540257317194,0.6877623749470554,important_topk_defaultWhat,rolling5,github_outcomes,pull_request_opened,TRUE,sa,att_group,low
-4,0.20103234601449865,0.2302554904621038,-0.2502684152912248,0.6523331073202221,important_topk_defaultWhat,rolling5,github_outcomes,pull_request_opened,TRUE,sa,att_group,low
-3,-0.023064100435948504,0.16403225503451924,-0.34456732030360615,0.2984391194317092,important_topk_defaultWhat,rolling5,github_outcomes,pull_request_opened,TRUE,sa,att_group,low
-2,0.21320347364615241,0.077111740859747,0.062064461561048306,0.3643424857312565,important_topk_defaultWhat,rolling5,github_outcomes,pull_request_opened,TRUE,sa,att_group,low
-1,0,0,0,0,important_topk_defaultWhat,rolling5,github_outcomes,pull_request_opened,TRUE,sa,att_group,low
0,-0.17115819543263497,0.14681010658186897,-0.45890600433309814,0.11658961346782817,important_topk_defaultWhat,rolling5,github_outcomes,pull_request_opened,TRUE,sa,att_group,low
1,-0.719149801502049,0.19555204439597834,-1.1024318085181666,-0.33586779448593146,important_topk_defaultWhat,rolling5,github_outcomes,pull_request_opened,TRUE,sa,att_group,low
2,-0.8020066587797213,0.28086749998864374,-1.3525069587574632,-0.2515063588019796,important_topk_defaultWhat,rolling5,github_outcomes,pull_request_opened,TRUE,sa,att_group,low
3,-1.0434074378340326,0.357146999354729,-1.7434155565693015,-0.34339931909876376,important_topk_defaultWhat,rolling5,github_outcomes,pull_request_opened,TRUE,sa,att_group,low
4,-1.3205917851559597,0.4538717162149086,-2.2101803489371807,-0.4310032213747388,important_topk_defaultWhat,rolling5,github_outcomes,pull_request_opened,TRUE,sa,att_group,low
5,-1.3176323002432946,0.5419616995383718,-2.3798772313385035,-0.2553873691480859,important_topk_defaultWhat,rolling5,github_outcomes,pull_request_opened,TRUE,sa,att_group,low
6,-1.4982352758455668,0.5986299680058501,-2.671550013137033,-0.3249205385541005,important_topk_defaultWhat,rolling5,github_outcomes,pull_request_opened,TRUE,sa,att_group,low
7,-1.4647072335045563,0.679246781286492,-2.7960309248260806,-0.13338354218303206,important_topk_defaultWhat,rolling5,github_outcomes,pull_request_opened,TRUE,sa,att_group,low
8,-1.5295208298152438,0.6920317226993178,-2.885903006305907,-0.17313865332458112,important_topk_defaultWhat,rolling5,github_outcomes,pull_request_opened,TRUE,sa,att_group,low
9,-1.47673686573465,0.7341175499651319,-2.915607263666309,-0.03786646780299141,important_topk_defaultWhat,rolling5,github_outcomes,pull_request_opened,TRUE,sa,att_group,low
10,-1.3959574502806944,0.9663128391339197,-3.2899306149831773,0.49801571442178827,important_topk_defaultWhat,rolling5,github_outcomes,pull_request_opened,TRUE,sa,att_group,low
11,-1.0317407833786991,1.1233072916811022,-3.2334230750736594,1.169941508316261,important_topk_defaultWhat,rolling5,github_outcomes,pull_request_opened,TRUE,sa,att_group,low
12,-1.311022875333627,1.3204366038450026,-3.899078618869832,1.2770328682025782,important_topk_defaultWhat,rolling5,github_outcomes,pull_request_opened,TRUE,sa,att_group,low
13,-3.2142763168497797,1.154321037181109,-5.476745549724754,-0.9518070839748058,important_topk_defaultWhat,rolling5,github_outcomes,pull_request_opened,TRUE,sa,att_group,low
-18,-0.6381351042724219,0.5691774874184033,-1.7537229796124925,0.4774527710676486,important_topk_defaultWhat,rolling5,github_outcomes,pull_request_merged,TRUE,sa,att_group,high
-17,-0.010261900354734156,0.5379876231430804,-1.0647176417151716,1.0441938410057032,important_topk_defaultWhat,rolling5,github_outcomes,pull_request_merged,TRUE,sa,att_group,high
-16,0.08463341848646073,0.46381370519570303,-0.8244414436971171,0.9937082806700387,important_topk_defaultWhat,rolling5,github_outcomes,pull_request_merged,TRUE,sa,att_group,high
-15,-0.4872462789884854,0.29607311601787745,-1.0675495863835252,0.09305702840655439,important_topk_defaultWhat,rolling5,github_outcomes,pull_request_merged,TRUE,sa,att_group,high
-14,-0.45835764626522757,0.24465294298804166,-0.9378774145217892,0.021162121991334104,important_topk_defaultWhat,rolling5,github_outcomes,pull_request_merged,TRUE,sa,att_group,high
-13,-0.36402502001896414,0.26222808061062314,-0.8779920580157854,0.14994201797785717,important_topk_defaultWhat,rolling5,github_outcomes,pull_request_merged,TRUE,sa,att_group,high
-12,0.12343976444816392,0.2638817517725684,-0.39376846902607016,0.640647997922398,important_topk_defaultWhat,rolling5,github_outcomes,pull_request_merged,TRUE,sa,att_group,high
-11,-0.1643116143169896,0.2040281217726245,-0.5642067329913336,0.23558350435735442,important_topk_defaultWhat,rolling5,github_outcomes,pull_request_merged,TRUE,sa,att_group,high
-10,0.15304220971674853,0.27932282533588537,-0.39443052794158684,0.7005149473750839,important_topk_defaultWhat,rolling5,github_outcomes,pull_request_merged,TRUE,sa,att_group,high
-9,0.22444680858707824,0.254373376334851,-0.27412500902922976,0.7230186262033862,important_topk_defaultWhat,rolling5,github_outcomes,pull_request_merged,TRUE,sa,att_group,high
-8,-0.010277287656167207,0.17166293609366645,-0.34673664239975344,0.32618206708741904,important_topk_defaultWhat,rolling5,github_outcomes,pull_request_merged,TRUE,sa,att_group,high
-7,0.03262168964421358,0.14119007143934204,-0.24411085037689678,0.30935422966532394,important_topk_defaultWhat,rolling5,github_outcomes,pull_request_merged,TRUE,sa,att_group,high
-6,-0.07663706684223255,0.1218645020174485,-0.31549149079643163,0.1622173571119665,important_topk_defaultWhat,rolling5,github_outcomes,pull_request_merged,TRUE,sa,att_group,high
-5,-0.18602328677623817,0.08432611138371324,-0.3513024650883161,-0.02074410846416022,important_topk_defaultWhat,rolling5,github_outcomes,pull_request_merged,TRUE,sa,att_group,high
-4,-0.07164997437889828,0.07401080011318603,-0.2167111426007429,0.07341119384294634,important_topk_defaultWhat,rolling5,github_outcomes,pull_request_merged,TRUE,sa,att_group,high
-3,-0.06861993654468729,0.06328430204711229,-0.19265716855702736,0.0554172954676528,important_topk_defaultWhat,rolling5,github_outcomes,pull_request_merged,TRUE,sa,att_group,high
-2,0.11034924864233962,0.05152995125534603,0.009350544181861403,0.21134795310281784,important_topk_defaultWhat,rolling5,github_outcomes,pull_request_merged,TRUE,sa,att_group,high
-1,0,0,0,0,important_topk_defaultWhat,rolling5,github_outcomes,pull_request_merged,TRUE,sa,att_group,high
0,0.1395240599895193,0.08376580976261709,-0.0246569271452102,0.30370504712424884,important_topk_defaultWhat,rolling5,github_outcomes,pull_request_merged,TRUE,sa,att_group,high
1,-0.497684208991416,0.08054702691227364,-0.6555563817394723,-0.3398120362433597,important_topk_defaultWhat,rolling5,github_outcomes,pull_request_merged,TRUE,sa,att_group,high
2,-0.3516691138721956,0.13269958328101755,-0.6117602971029901,-0.09157793064140124,important_topk_defaultWhat,rolling5,github_outcomes,pull_request_merged,TRUE,sa,att_group,high
3,-0.34578006015501306,0.1277948165888952,-0.5962579006692477,-0.09530221964077851,important_topk_defaultWhat,rolling5,github_outcomes,pull_request_merged,TRUE,sa,att_group,high
4,-0.30568083081996067,0.1776735012960815,-0.6539208933602805,0.04255923172035908,important_topk_defaultWhat,rolling5,github_outcomes,pull_request_merged,TRUE,sa,att_group,high
5,-0.20520829587091408,0.1839298008783977,-0.5657107055925735,0.1552941138507454,important_topk_defaultWhat,rolling5,github_outcomes,pull_request_merged,TRUE,sa,att_group,high
6,-0.14144229730707047,0.21546522051387154,-0.5637541295142587,0.28086953490011773,important_topk_defaultWhat,rolling5,github_outcomes,pull_request_merged,TRUE,sa,att_group,high
7,-0.3092730595881004,0.23075171454618665,-0.7615464200986262,0.14300030092242538,important_topk_defaultWhat,rolling5,github_outcomes,pull_request_merged,TRUE,sa,att_group,high
8,-0.372409207875824,0.29098349130148193,-0.9427368508267285,0.19791843507508056,important_topk_defaultWhat,rolling5,github_outcomes,pull_request_merged,TRUE,sa,att_group,high
9,-0.3262242942826705,0.42222411757931055,-1.1537835647381192,0.5013349761727781,important_topk_defaultWhat,rolling5,github_outcomes,pull_request_merged,TRUE,sa,att_group,high
10,-0.31123636365832896,0.6456586347631081,-1.576727287794021,0.954254560477363,important_topk_defaultWhat,rolling5,github_outcomes,pull_request_merged,TRUE,sa,att_group,high
11,-0.6714733286589798,0.5228777707337778,-1.6963137592971844,0.35336710197922483,important_topk_defaultWhat,rolling5,github_outcomes,pull_request_merged,TRUE,sa,att_group,high
12,-1.0413246889765715,0.5105818125526729,-2.0420650415798103,-0.0405843363733327,important_topk_defaultWhat,rolling5,github_outcomes,pull_request_merged,TRUE,sa,att_group,high
13,-1.8275632366010313,0.6968616326155,-3.1934120365274112,-0.4617144366746513,important_topk_defaultWhat,rolling5,github_outcomes,pull_request_merged,TRUE,sa,att_group,high
-18,-0.6952163216968748,0.539135593076224,-1.751922084126274,0.3614894407325244,important_topk_defaultWhat,rolling5,github_outcomes,pull_request_merged,TRUE,sa,att_group,low
-17,0.7091327417059468,0.991578332103872,-1.2343607892176425,2.652626272629536,important_topk_defaultWhat,rolling5,github_outcomes,pull_request_merged,TRUE,sa,att_group,low
-16,0.18429030174044866,0.9116057391329837,-1.6024569469601992,1.9710375504410966,important_topk_defaultWhat,rolling5,github_outcomes,pull_request_merged,TRUE,sa,att_group,low
-15,0.37280332023785145,0.710855715465438,-1.0204738820744073,1.76608052255011,important_topk_defaultWhat,rolling5,github_outcomes,pull_request_merged,TRUE,sa,att_group,low
-14,0.24403580810124212,0.6739560348038182,-1.0769180201142414,1.5649896363167257,important_topk_defaultWhat,rolling5,github_outcomes,pull_request_merged,TRUE,sa,att_group,low
-13,0.3441131445560759,0.6077862211776569,-0.8471478489521316,1.5353741380642834,important_topk_defaultWhat,rolling5,github_outcomes,pull_request_merged,TRUE,sa,att_group,low
-12,0.6087703713267227,0.609560261741627,-0.5859677416868663,1.8035084843403117,important_topk_defaultWhat,rolling5,github_outcomes,pull_request_merged,TRUE,sa,att_group,low
-11,0.2378562817948447,0.47282363963303303,-0.6888780518859001,1.1645906154755894,important_topk_defaultWhat,rolling5,github_outcomes,pull_request_merged,TRUE,sa,att_group,low
-10,0.5907818273083569,0.47466179483678245,-0.3395552905717366,1.5211189451884506,important_topk_defaultWhat,rolling5,github_outcomes,pull_request_merged,TRUE,sa,att_group,low
-9,0.4607583652810993,0.42547570836887333,-0.37317402312189235,1.294690753684091,important_topk_defaultWhat,rolling5,github_outcomes,pull_request_merged,TRUE,sa,att_group,low
-8,0.3170298252931496,0.3498808533983324,-0.36873664736758194,1.0027962979538811,important_topk_defaultWhat,rolling5,github_outcomes,pull_request_merged,TRUE,sa,att_group,low
-7,0.5327832902767078,0.32694292005214687,-0.10802483302550003,1.1735914135789156,important_topk_defaultWhat,rolling5,github_outcomes,pull_request_merged,TRUE,sa,att_group,low
-6,0.3846147529942383,0.28065739994396743,-0.16547375089593785,0.9347032568844145,important_topk_defaultWhat,rolling5,github_outcomes,pull_request_merged,TRUE,sa,att_group,low
-5,0.12286728381767187,0.21245814380814304,-0.2935506780462885,0.5392852456816322,important_topk_defaultWhat,rolling5,github_outcomes,pull_request_merged,TRUE,sa,att_group,low
-4,0.18606074689728722,0.17759383897237196,-0.16202317748856185,0.5341446712831363,important_topk_defaultWhat,rolling5,github_outcomes,pull_request_merged,TRUE,sa,att_group,low
-3,-0.013626061018264947,0.12090103210598113,-0.250592083945988,0.22333996190945807,important_topk_defaultWhat,rolling5,github_outcomes,pull_request_merged,TRUE,sa,att_group,low
-2,0.16446478495019953,0.06786039171319098,0.03145841719234521,0.29747115270805385,important_topk_defaultWhat,rolling5,github_outcomes,pull_request_merged,TRUE,sa,att_group,low
-1,0,0,0,0,important_topk_defaultWhat,rolling5,github_outcomes,pull_request_merged,TRUE,sa,att_group,low
0,-0.0743370503695922,0.12305901167838217,-0.3155327132592213,0.16685861252003684,important_topk_defaultWhat,rolling5,github_outcomes,pull_request_merged,TRUE,sa,att_group,low
1,-0.648213450664493,0.13836885799297868,-0.9194164123307311,-0.3770104889982548,important_topk_defaultWhat,rolling5,github_outcomes,pull_request_merged,TRUE,sa,att_group,low
2,-0.6923959977279264,0.20558026048218622,-1.0953333082730112,-0.2894586871828414,important_topk_defaultWhat,rolling5,github_outcomes,pull_request_merged,TRUE,sa,att_group,low
3,-0.8099435486810892,0.2772376293892426,-1.3533293022840047,-0.2665577950781737,important_topk_defaultWhat,rolling5,github_outcomes,pull_request_merged,TRUE,sa,att_group,low
4,-0.99198851154985,0.35009616630342216,-1.6781769975045573,-0.30580002559514263,important_topk_defaultWhat,rolling5,github_outcomes,pull_request_merged,TRUE,sa,att_group,low
5,-0.9437027071634867,0.4213367996940677,-1.7695228345638592,-0.11788257976311411,important_topk_defaultWhat,rolling5,github_outcomes,pull_request_merged,TRUE,sa,att_group,low
6,-1.1277312671746331,0.4491869743456478,-2.008137736892103,-0.2473247974571634,important_topk_defaultWhat,rolling5,github_outcomes,pull_request_merged,TRUE,sa,att_group,low
7,-1.216468666375435,0.5382452565291282,-2.2714293691725262,-0.16150796357834363,important_topk_defaultWhat,rolling5,github_outcomes,pull_request_merged,TRUE,sa,att_group,low
8,-1.341376911598368,0.5347762506355367,-2.3895383628440197,-0.2932154603527162,important_topk_defaultWhat,rolling5,github_outcomes,pull_request_merged,TRUE,sa,att_group,low
9,-1.2869490630806013,0.6199686153010041,-2.5020875490705694,-0.07181057709063321,important_topk_defaultWhat,rolling5,github_outcomes,pull_request_merged,TRUE,sa,att_group,low
10,-1.4723185345075096,0.7595638594296064,-2.961063698989538,0.016426629974518825,important_topk_defaultWhat,rolling5,github_outcomes,pull_request_merged,TRUE,sa,att_group,low
11,-1.3096665975908865,0.865558474000277,-3.0061612066314294,0.3868280114496563,important_topk_defaultWhat,rolling5,github_outcomes,pull_request_merged,TRUE,sa,att_group,low
12,-1.417773984853184,0.9734236336698298,-3.3256843068460507,0.4901363371396823,important_topk_defaultWhat,rolling5,github_outcomes,pull_request_merged,TRUE,sa,att_group,low
13,-2.706299173171732,0.88282851807601,-4.436643068600712,-0.9759552777427525,important_topk_defaultWhat,rolling5,github_outcomes,pull_request_merged,TRUE,sa,att_group,low
-18,0.4559262122933327,0.38712959589182366,-0.30284779565464165,1.214700220241307,important_topk_defaultWhat,rolling5,downstream_outcomes,overall_new_release_count,TRUE,sa,att_group,high
-17,0.04474814232795753,0.15183457110477003,-0.2528476170373917,0.3423439016933068,important_topk_defaultWhat,rolling5,downstream_outcomes,overall_new_release_count,TRUE,sa,att_group,high
-16,-0.05685225188818372,0.14267978364015418,-0.3365046278228859,0.2228001240465185,important_topk_defaultWhat,rolling5,downstream_outcomes,overall_new_release_count,TRUE,sa,att_group,high
-15,-0.12181447847830183,0.1319021308133786,-0.3803426548725239,0.1367136979159202,important_topk_defaultWhat,rolling5,downstream_outcomes,overall_new_release_count,TRUE,sa,att_group,high
-14,-0.16726545998507572,0.11317444059119233,-0.3890873635438127,0.05455644357366124,important_topk_defaultWhat,rolling5,downstream_outcomes,overall_new_release_count,TRUE,sa,att_group,high
-13,-0.18643870867661932,0.14504174192391725,-0.4707205228474971,0.09784310549425845,important_topk_defaultWhat,rolling5,downstream_outcomes,overall_new_release_count,TRUE,sa,att_group,high
-12,-0.31681340379681944,0.18182170455007726,-0.6731839447149708,0.039557137121331964,important_topk_defaultWhat,rolling5,downstream_outcomes,overall_new_release_count,TRUE,sa,att_group,high
-11,-0.2817988425709403,0.1940100101163704,-0.6620584623990262,0.09846077725714569,important_topk_defaultWhat,rolling5,downstream_outcomes,overall_new_release_count,TRUE,sa,att_group,high
-10,-0.1490352451382442,0.1718147311533152,-0.485792118198742,0.18772162792225358,important_topk_defaultWhat,rolling5,downstream_outcomes,overall_new_release_count,TRUE,sa,att_group,high
-9,-0.037516682010480404,0.18913099429858624,-0.40821343083570943,0.3331800668147486,important_topk_defaultWhat,rolling5,downstream_outcomes,overall_new_release_count,TRUE,sa,att_group,high
-8,0.06339450853555526,0.15072647537472456,-0.23202938319890484,0.3588184002700153,important_topk_defaultWhat,rolling5,downstream_outcomes,overall_new_release_count,TRUE,sa,att_group,high
-7,0.15066858604736844,0.16310136031496794,-0.1690100801699687,0.4703472522647056,important_topk_defaultWhat,rolling5,downstream_outcomes,overall_new_release_count,TRUE,sa,att_group,high
-6,0.13390787811667926,0.11509911538212271,-0.09168638803228124,0.35950214426563976,important_topk_defaultWhat,rolling5,downstream_outcomes,overall_new_release_count,TRUE,sa,att_group,high
-5,-0.24087329895919823,0.0633444074412366,-0.365028337544022,-0.11671826037437451,important_topk_defaultWhat,rolling5,downstream_outcomes,overall_new_release_count,TRUE,sa,att_group,high
-4,-0.26587071424568853,0.0573494556551281,-0.3782756473297396,-0.15346578116163745,important_topk_defaultWhat,rolling5,downstream_outcomes,overall_new_release_count,TRUE,sa,att_group,high
-3,-0.17380930599625674,0.05220682362893449,-0.2761346803089683,-0.07148393168354515,important_topk_defaultWhat,rolling5,downstream_outcomes,overall_new_release_count,TRUE,sa,att_group,high
-2,-0.08397454790913947,0.050957501971958634,-0.18385125177417838,0.015902155955899458,important_topk_defaultWhat,rolling5,downstream_outcomes,overall_new_release_count,TRUE,sa,att_group,high
-1,0,0,0,0,important_topk_defaultWhat,rolling5,downstream_outcomes,overall_new_release_count,TRUE,sa,att_group,high
0,0.07157475426269667,0.07020851572234271,-0.06603393655309504,0.2091834450784884,important_topk_defaultWhat,rolling5,downstream_outcomes,overall_new_release_count,TRUE,sa,att_group,high
1,-0.3142614857090332,0.06335659584539242,-0.43844041356600233,-0.19008255785206402,important_topk_defaultWhat,rolling5,downstream_outcomes,overall_new_release_count,TRUE,sa,att_group,high
2,-0.31838975553168314,0.08497285999867121,-0.4849365611290787,-0.15184294993428757,important_topk_defaultWhat,rolling5,downstream_outcomes,overall_new_release_count,TRUE,sa,att_group,high
3,-0.2497112858068959,0.08047668436864473,-0.40744558716943957,-0.0919769844443522,important_topk_defaultWhat,rolling5,downstream_outcomes,overall_new_release_count,TRUE,sa,att_group,high
4,-0.24110046359763734,0.1070654582811504,-0.45094876182869215,-0.03125216536658257,important_topk_defaultWhat,rolling5,downstream_outcomes,overall_new_release_count,TRUE,sa,att_group,high
5,0.18665372310074874,0.4291657208363918,-0.6545110897385793,1.0278185359400767,important_topk_defaultWhat,rolling5,downstream_outcomes,overall_new_release_count,TRUE,sa,att_group,high
6,-0.018210327195812635,0.2338126275935082,-0.4764830772790887,0.44006242288746344,important_topk_defaultWhat,rolling5,downstream_outcomes,overall_new_release_count,TRUE,sa,att_group,high
7,-0.08478032705946359,0.14234477858394848,-0.3637760930840026,0.19421543896507543,important_topk_defaultWhat,rolling5,downstream_outcomes,overall_new_release_count,TRUE,sa,att_group,high
8,-0.11702586553602146,0.18646715593842886,-0.482501491175342,0.2484497601032991,important_topk_defaultWhat,rolling5,downstream_outcomes,overall_new_release_count,TRUE,sa,att_group,high
9,-0.14333737486038592,0.1518455459632227,-0.4409546449483024,0.15427989522753058,important_topk_defaultWhat,rolling5,downstream_outcomes,overall_new_release_count,TRUE,sa,att_group,high
10,-0.10267104056981968,0.2176732716689067,-0.5293106530408769,0.32396857190123746,important_topk_defaultWhat,rolling5,downstream_outcomes,overall_new_release_count,TRUE,sa,att_group,high
11,-0.28107090203656365,0.32622203125471094,-0.9204660832957972,0.3583242792226698,important_topk_defaultWhat,rolling5,downstream_outcomes,overall_new_release_count,TRUE,sa,att_group,high
12,-0.4642502661137682,0.2059181743489006,-0.8678498878376133,-0.060650644389923014,important_topk_defaultWhat,rolling5,downstream_outcomes,overall_new_release_count,TRUE,sa,att_group,high
13,-0.7173545810027189,0.17719115896753626,-1.0646492525790898,-0.3700599094263478,important_topk_defaultWhat,rolling5,downstream_outcomes,overall_new_release_count,TRUE,sa,att_group,high
-18,0.47530228448630163,0.582272837774453,-0.6659524775516262,1.6165570465242296,important_topk_defaultWhat,rolling5,downstream_outcomes,overall_new_release_count,TRUE,sa,att_group,low
-17,0.5074117422618885,0.5603042505047707,-0.5907845887274621,1.605608073251239,important_topk_defaultWhat,rolling5,downstream_outcomes,overall_new_release_count,TRUE,sa,att_group,low
-16,0.4513718871855585,0.5428656885376648,-0.6126448623482645,1.5153886367193816,important_topk_defaultWhat,rolling5,downstream_outcomes,overall_new_release_count,TRUE,sa,att_group,low
-15,0.34779586204408525,0.43608579514829743,-0.5069322964465777,1.2025240205347483,important_topk_defaultWhat,rolling5,downstream_outcomes,overall_new_release_count,TRUE,sa,att_group,low
-14,0.2130422118260988,0.4043913883200466,-0.5795649092811925,1.0056493329333902,important_topk_defaultWhat,rolling5,downstream_outcomes,overall_new_release_count,TRUE,sa,att_group,low
-13,0.024070665879025194,0.3938707867523589,-0.7479160761555983,0.7960574079136487,important_topk_defaultWhat,rolling5,downstream_outcomes,overall_new_release_count,TRUE,sa,att_group,low
-12,-0.07004065551918379,0.3710313299721122,-0.7972620622645237,0.657180751226156,important_topk_defaultWhat,rolling5,downstream_outcomes,overall_new_release_count,TRUE,sa,att_group,low
-11,0.1307257130958629,0.3746645644400926,-0.6036168332067186,0.8650682593984443,important_topk_defaultWhat,rolling5,downstream_outcomes,overall_new_release_count,TRUE,sa,att_group,low
-10,0.7401435743990641,0.834369160103195,-0.8952199794031981,2.3755071282013263,important_topk_defaultWhat,rolling5,downstream_outcomes,overall_new_release_count,TRUE,sa,att_group,low
-9,0.5670668270752286,0.7306130347162455,-0.8649347209686125,1.9990683751190697,important_topk_defaultWhat,rolling5,downstream_outcomes,overall_new_release_count,TRUE,sa,att_group,low
-8,0.63553195444669075,0.6647767523611489,-0.6674304801811609,1.9384943890745423,important_topk_defaultWhat,rolling5,downstream_outcomes,overall_new_release_count,TRUE,sa,att_group,low
-7,0.45893236359316336,0.6012586763133172,-0.7195346419809384,1.637399369167265,important_topk_defaultWhat,rolling5,downstream_outcomes,overall_new_release_count,TRUE,sa,att_group,low
-6,0.06611328972414132,0.10169034645262982,-0.13319978932301313,0.2654263687712958,important_topk_defaultWhat,rolling5,downstream_outcomes,overall_new_release_count,TRUE,sa,att_group,low
-5,-0.014973999908235468,0.06098950997622654,-0.1345134394616395,0.10456543964516854,important_topk_defaultWhat,rolling5,downstream_outcomes,overall_new_release_count,TRUE,sa,att_group,low
-4,-0.04989685204069937,0.0546161606992182,-0.15694452701116704,0.0571508229297683,important_topk_defaultWhat,rolling5,downstream_outcomes,overall_new_release_count,TRUE,sa,att_group,low
-3,-0.15485295506784758,0.05153379716360288,-0.2558591975085092,-0.05384671262718593,important_topk_defaultWhat,rolling5,downstream_outcomes,overall_new_release_count,TRUE,sa,att_group,low
-2,0.03975117985456807,0.049541578432531846,-0.05735031387319435,0.1368526735823305,important_topk_defaultWhat,rolling5,downstream_outcomes,overall_new_release_count,TRUE,sa,att_group,low
-1,0,0,0,0,important_topk_defaultWhat,rolling5,downstream_outcomes,overall_new_release_count,TRUE,sa,att_group,low
0,0.06607776396359726,0.06536958048613575,-0.06204661378922881,0.1942021417164233,important_topk_defaultWhat,rolling5,downstream_outcomes,overall_new_release_count,TRUE,sa,att_group,low
1,-0.35443907246375306,0.0593952955852764,-0.4708538518108948,-0.23802429311661133,important_topk_defaultWhat,rolling5,downstream_outcomes,overall_new_release_count,TRUE,sa,att_group,low
2,-0.4029881796662295,0.07281019243361304,-0.5456961568361111,-0.260280202496348,important_topk_defaultWhat,rolling5,downstream_outcomes,overall_new_release_count,TRUE,sa,att_group,low
3,-0.3895217895412665,0.078762000124504,-0.5438953097852943,-0.23514826929723864,important_topk_defaultWhat,rolling5,downstream_outcomes,overall_new_release_count,TRUE,sa,att_group,low
4,-0.5010221556936171,0.07210461150342312,-0.6423471942403264,-0.3596971171469078,important_topk_defaultWhat,rolling5,downstream_outcomes,overall_new_release_count,TRUE,sa,att_group,low
5,-0.411899232110637,0.08565017259087129,-0.5797735703887448,-0.24402489383252926,important_topk_defaultWhat,rolling5,downstream_outcomes,overall_new_release_count,TRUE,sa,att_group,low
6,-0.4094840756957209,0.09648051015683798,-0.5985858756031233,-0.22038227578831843,important_topk_defaultWhat,rolling5,downstream_outcomes,overall_new_release_count,TRUE,sa,att_group,low
7,-0.3000807858217833,0.10827117570417148,-0.5122922902019594,-0.08786928144160722,important_topk_defaultWhat,rolling5,downstream_outcomes,overall_new_release_count,TRUE,sa,att_group,low
8,-0.48745795280439896,0.10632297387444682,-0.6958509815983147,-0.2790649240104832,important_topk_defaultWhat,rolling5,downstream_outcomes,overall_new_release_count,TRUE,sa,att_group,low
9,-0.45829262889693667,0.14959074515958484,-0.751490489409723,-0.16509476838415038,important_topk_defaultWhat,rolling5,downstream_outcomes,overall_new_release_count,TRUE,sa,att_group,low
10,-0.6678743505903842,0.1212733316734489,-0.9055700806703441,-0.43017862051042444,important_topk_defaultWhat,rolling5,downstream_outcomes,overall_new_release_count,TRUE,sa,att_group,low
11,-0.38257373286692553,0.24038323327438788,-0.8537248700847258,0.08857740435087469,important_topk_defaultWhat,rolling5,downstream_outcomes,overall_new_release_count,TRUE,sa,att_group,low
12,-0.5975550552318261,0.2431811252334723,-1.0741900606894317,-0.12092004977422038,important_topk_defaultWhat,rolling5,downstream_outcomes,overall_new_release_count,TRUE,sa,att_group,low
13,-0.9500677310447168,0.4073620713033242,-1.748497390799232,-0.15163807129020135,important_topk_defaultWhat,rolling5,downstream_outcomes,overall_new_release_count,TRUE,sa,att_group,low
-18,-0.08399368861555599,0.22997072109757963,-0.534736301966812,0.36674892473570003,important_topk_defaultWhat,rolling5,downstream_outcomes,major_minor_release_count,TRUE,sa,att_group,high
-17,-0.13081478437961372,0.14827271661724659,-0.421429308949417,0.15979974019018958,important_topk_defaultWhat,rolling5,downstream_outcomes,major_minor_release_count,TRUE,sa,att_group,high
-16,-0.39108378671726546,0.23790736827390746,-0.857382228534124,0.07521465509959313,important_topk_defaultWhat,rolling5,downstream_outcomes,major_minor_release_count,TRUE,sa,att_group,high
-15,-0.38746795216229274,0.1899693020306797,-0.7598077841424249,-0.015128120182160532,important_topk_defaultWhat,rolling5,downstream_outcomes,major_minor_release_count,TRUE,sa,att_group,high
-14,-0.3342812285052067,0.15090284826559847,-0.6300508111057797,-0.038511645904633685,important_topk_defaultWhat,rolling5,downstream_outcomes,major_minor_release_count,TRUE,sa,att_group,high
-13,-0.3955387813622857,0.13411887380291526,-0.6584117740159996,-0.13266578870857182,important_topk_defaultWhat,rolling5,downstream_outcomes,major_minor_release_count,TRUE,sa,att_group,high
-12,-0.35771201342759873,0.11064834798322128,-0.5745827754747124,-0.14084125138048503,important_topk_defaultWhat,rolling5,downstream_outcomes,major_minor_release_count,TRUE,sa,att_group,high
-11,-0.3630324838496022,0.12052406634176699,-0.5992596538794654,-0.1268053138197389,important_topk_defaultWhat,rolling5,downstream_outcomes,major_minor_release_count,TRUE,sa,att_group,high
-10,-0.3121502492425264,0.1133932112958775,-0.5344009433824463,-0.0898995551026065,important_topk_defaultWhat,rolling5,downstream_outcomes,major_minor_release_count,TRUE,sa,att_group,high
-9,-0.2533862196522465,0.11542215299154464,-0.479613639515674,-0.02715879978881902,important_topk_defaultWhat,rolling5,downstream_outcomes,major_minor_release_count,TRUE,sa,att_group,high
-8,-0.23759002861630021,0.08432516029292222,-0.4028673427904278,-0.07231271444217266,important_topk_defaultWhat,rolling5,downstream_outcomes,major_minor_release_count,TRUE,sa,att_group,high
-7,0.0031958869227143444,0.11546431934588923,-0.22311417899522856,0.22950595284065722,important_topk_defaultWhat,rolling5,downstream_outcomes,major_minor_release_count,TRUE,sa,att_group,high
-6,-0.0847688985786459,0.08554446861236258,-0.25243605705887656,0.08289825990158474,important_topk_defaultWhat,rolling5,downstream_outcomes,major_minor_release_count,TRUE,sa,att_group,high
-5,-0.23711081088255773,0.057727979613232235,-0.3502576509244929,-0.12396397084062255,important_topk_defaultWhat,rolling5,downstream_outcomes,major_minor_release_count,TRUE,sa,att_group,high
-4,-0.23419037248267122,0.05374598130110159,-0.33953249583283035,-0.12884824913251208,important_topk_defaultWhat,rolling5,downstream_outcomes,major_minor_release_count,TRUE,sa,att_group,high
-3,-0.11934766934522031,0.05118698575393398,-0.21967416142293092,-0.01902117726750971,important_topk_defaultWhat,rolling5,downstream_outcomes,major_minor_release_count,TRUE,sa,att_group,high
-2,-0.06590321416544724,0.05037015199459851,-0.16462871207486032,0.03282228374396584,important_topk_defaultWhat,rolling5,downstream_outcomes,major_minor_release_count,TRUE,sa,att_group,high
-1,0,0,0,0,important_topk_defaultWhat,rolling5,downstream_outcomes,major_minor_release_count,TRUE,sa,att_group,high
0,0.0357993718561169,0.06956260359177964,-0.1005433311837712,0.172142074896005,important_topk_defaultWhat,rolling5,downstream_outcomes,major_minor_release_count,TRUE,sa,att_group,high
1,-0.2597919111180354,0.05386316781693753,-0.36536372003923295,-0.15422010219683785,important_topk_defaultWhat,rolling5,downstream_outcomes,major_minor_release_count,TRUE,sa,att_group,high
2,-0.330268798706957,0.057246299718685646,-0.4424715461555809,-0.21806605125833317,important_topk_defaultWhat,rolling5,downstream_outcomes,major_minor_release_count,TRUE,sa,att_group,high
3,-0.3699793861408845,0.06314980517794946,-0.49375300428966545,-0.24620576799210353,important_topk_defaultWhat,rolling5,downstream_outcomes,major_minor_release_count,TRUE,sa,att_group,high
4,-0.4304179230891531,0.06586271538434788,-0.5595088452424749,-0.3013270009358313,important_topk_defaultWhat,rolling5,downstream_outcomes,major_minor_release_count,TRUE,sa,att_group,high
5,-0.40507495056126536,0.07560059836029231,-0.5532521233474383,-0.25689777777509243,important_topk_defaultWhat,rolling5,downstream_outcomes,major_minor_release_count,TRUE,sa,att_group,high
6,-0.356764830267267,0.09147292975813522,-0.536051772593212,-0.177477887941322,important_topk_defaultWhat,rolling5,downstream_outcomes,major_minor_release_count,TRUE,sa,att_group,high
7,-0.2821540672552603,0.09499519199089651,-0.46834464355741745,-0.09596349095310316,important_topk_defaultWhat,rolling5,downstream_outcomes,major_minor_release_count,TRUE,sa,att_group,high
8,-0.42046604604811233,0.10789165366099757,-0.6319336872236676,-0.2089984048725571,important_topk_defaultWhat,rolling5,downstream_outcomes,major_minor_release_count,TRUE,sa,att_group,high
9,-0.27628885139372095,0.1234144038689338,-0.5181810829768312,-0.03439661981061068,important_topk_defaultWhat,rolling5,downstream_outcomes,major_minor_release_count,TRUE,sa,att_group,high
10,-0.2697619563085727,0.17854895487108813,-0.6197179078559054,0.08019399523876003,important_topk_defaultWhat,rolling5,downstream_outcomes,major_minor_release_count,TRUE,sa,att_group,high
11,-0.7148098181625818,0.18805947568451586,-1.083406390504233,-0.3462132458209307,important_topk_defaultWhat,rolling5,downstream_outcomes,major_minor_release_count,TRUE,sa,att_group,high
12,-0.7108603065767397,0.20971396252579952,-1.1218996731273068,-0.29982094002617266,important_topk_defaultWhat,rolling5,downstream_outcomes,major_minor_release_count,TRUE,sa,att_group,high
13,-1.25596632165936,0.1825145492488263,-1.6136948381870595,-0.8982378051316604,important_topk_defaultWhat,rolling5,downstream_outcomes,major_minor_release_count,TRUE,sa,att_group,high
-18,-0.18664517145923393,0.12018511092034874,-0.42220798886311744,0.04891764594464959,important_topk_defaultWhat,rolling5,downstream_outcomes,major_minor_release_count,TRUE,sa,att_group,low
-17,-0.11182377506155575,0.13800639358688918,-0.38231630649185855,0.15866875636874703,important_topk_defaultWhat,rolling5,downstream_outcomes,major_minor_release_count,TRUE,sa,att_group,low
-16,-0.18581685102215018,0.1326081993899193,-0.445728921826392,0.07409521978209166,important_topk_defaultWhat,rolling5,downstream_outcomes,major_minor_release_count,TRUE,sa,att_group,low
-15,-0.12209982102100875,0.11446019224489432,-0.3464417978210016,0.1022421557789841,important_topk_defaultWhat,rolling5,downstream_outcomes,major_minor_release_count,TRUE,sa,att_group,low
-14,-0.1894510206383953,0.11108751406667777,-0.40718254820908373,0.028280506932293115,important_topk_defaultWhat,rolling5,downstream_outcomes,major_minor_release_count,TRUE,sa,att_group,low
-13,-0.12649362335440675,0.20463429465517277,-0.5275768408785454,0.27458959416973183,important_topk_defaultWhat,rolling5,downstream_outcomes,major_minor_release_count,TRUE,sa,att_group,low
-12,-0.2614868470695794,0.1272889676855775,-0.5109732237333113,-0.012000470405847563,important_topk_defaultWhat,rolling5,downstream_outcomes,major_minor_release_count,TRUE,sa,att_group,low
-11,0.739238135428369,0.8761334298620964,-0.9779833871013399,2.456459657958078,important_topk_defaultWhat,rolling5,downstream_outcomes,major_minor_release_count,TRUE,sa,att_group,low
-10,-0.021010394719252992,0.16868134848938574,-0.351625837758449,0.30960504831994307,important_topk_defaultWhat,rolling5,downstream_outcomes,major_minor_release_count,TRUE,sa,att_group,low
-9,0.027122179110021363,0.11558736267684683,-0.19942905173659842,0.2536734099566411,important_topk_defaultWhat,rolling5,downstream_outcomes,major_minor_release_count,TRUE,sa,att_group,low
-8,-0.16649605126613373,0.08893406533621323,-0.3408068193251117,0.007814716792844206,important_topk_defaultWhat,rolling5,downstream_outcomes,major_minor_release_count,TRUE,sa,att_group,low
-7,-0.17833781455165654,0.07721137235125042,-0.32967210436010735,-0.02700352474320572,important_topk_defaultWhat,rolling5,downstream_outcomes,major_minor_release_count,TRUE,sa,att_group,low
-6,-0.0791144865423634,0.07737564250506178,-0.23077074585228446,0.07254177276755767,important_topk_defaultWhat,rolling5,downstream_outcomes,major_minor_release_count,TRUE,sa,att_group,low
-5,-0.1180021423129719,0.055919229449821035,-0.22760383203462115,-0.008400452591322674,important_topk_defaultWhat,rolling5,downstream_outcomes,major_minor_release_count,TRUE,sa,att_group,low
-4,-0.08177431357373932,0.053324989048879584,-0.18629129210954332,0.02274266496206466,important_topk_defaultWhat,rolling5,downstream_outcomes,major_minor_release_count,TRUE,sa,att_group,low
-3,-0.1555418377172969,0.050111857954211345,-0.25376107930755115,-0.05732259612704267,important_topk_defaultWhat,rolling5,downstream_outcomes,major_minor_release_count,TRUE,sa,att_group,low
-2,0.04127564645003029,0.0490408731553285,-0.05484446493441357,0.13739575783447416,important_topk_defaultWhat,rolling5,downstream_outcomes,major_minor_release_count,TRUE,sa,att_group,low
-1,0,0,0,0,important_topk_defaultWhat,rolling5,downstream_outcomes,major_minor_release_count,TRUE,sa,att_group,low
0,0.012422994232073992,0.06023105355835021,-0.10562987074229242,0.1304758592064404,important_topk_defaultWhat,rolling5,downstream_outcomes,major_minor_release_count,TRUE,sa,att_group,low
1,-0.26859393834041007,0.06498447977359104,-0.3959635186966485,-0.14122435798417163,important_topk_defaultWhat,rolling5,downstream_outcomes,major_minor_release_count,TRUE,sa,att_group,low
2,-0.35356676303699375,0.06490263919423545,-0.4807759358576952,-0.2263575902162923,important_topk_defaultWhat,rolling5,downstream_outcomes,major_minor_release_count,TRUE,sa,att_group,low
3,-0.33454322496091216,0.06166458339624734,-0.45540580841755696,-0.21368064150426735,important_topk_defaultWhat,rolling5,downstream_outcomes,major_minor_release_count,TRUE,sa,att_group,low
4,-0.4161367240116657,0.06348069952917237,-0.5405588950888436,-0.29171455293448784,important_topk_defaultWhat,rolling5,downstream_outcomes,major_minor_release_count,TRUE,sa,att_group,low
5,-0.3206524077232462,0.10454433598660244,-0.525559306256987,-0.11574550918950544,important_topk_defaultWhat,rolling5,downstream_outcomes,major_minor_release_count,TRUE,sa,att_group,low
6,-0.31927275734646804,0.10978005870986747,-0.5344416724178083,-0.10410384227512781,important_topk_defaultWhat,rolling5,downstream_outcomes,major_minor_release_count,TRUE,sa,att_group,low
7,-0.30968453107204863,0.08975144957399364,-0.48559737223707616,-0.1337716899070211,important_topk_defaultWhat,rolling5,downstream_outcomes,major_minor_release_count,TRUE,sa,att_group,low
8,-0.40537287046378856,0.09175272341245623,-0.5852082083522028,-0.22553753257537434,important_topk_defaultWhat,rolling5,downstream_outcomes,major_minor_release_count,TRUE,sa,att_group,low
9,-0.5359216193114934,0.16028009857917763,-0.8500706125266815,-0.22177262609630527,important_topk_defaultWhat,rolling5,downstream_outcomes,major_minor_release_count,TRUE,sa,att_group,low
10,-0.6180713538454946,0.15513252245059186,-0.9221310978486547,-0.31401160984233456,important_topk_defaultWhat,rolling5,downstream_outcomes,major_minor_release_count,TRUE,sa,att_group,low
11,-0.5613567216414586,0.18027390569745358,-0.9146935768084676,-0.20801986647444953,important_topk_defaultWhat,rolling5,downstream_outcomes,major_minor_release_count,TRUE,sa,att_group,low
12,-0.9103313255252354,0.206983142207431,-1.3160182842518002,-0.5046443667986706,important_topk_defaultWhat,rolling5,downstream_outcomes,major_minor_release_count,TRUE,sa,att_group,low
13,-1.5883021446217596,0.302368374488386,-2.180944158618996,-0.9956601306245231,important_topk_defaultWhat,rolling5,downstream_outcomes,major_minor_release_count,TRUE,sa,att_group,low
