event_time,estimate,sd,ci_low,ci_high,dataset,rolling,category,outcome,normalize,method,covar,split_value,estimation_type,split_estimate
-14,-0.1972905848137956,0.2547291790832918,-0.6965597758170475,0.30197860618945627,important_topk_cons5_exact1,rolling5,github_outcomes,pull_request_opened,TRUE,sa,att_dr_group,high,all,att_dr_group
-13,0.533142551645531,0.5957707702759226,-0.6345681580952773,1.7008532613863394,important_topk_cons5_exact1,rolling5,github_outcomes,pull_request_opened,TRUE,sa,att_dr_group,high,all,att_dr_group
-12,1.9224693302274596,0.9628660074407286,0.03525195564363148,3.8096867048112877,important_topk_cons5_exact1,rolling5,github_outcomes,pull_request_opened,TRUE,sa,att_dr_group,high,all,att_dr_group
-11,0.6303650796700642,0.4206113361150908,-0.1940331391155138,1.4547632984556422,important_topk_cons5_exact1,rolling5,github_outcomes,pull_request_opened,TRUE,sa,att_dr_group,high,all,att_dr_group
-10,0.10332414431288911,0.39067792222688863,-0.6624045832518126,0.8690528718775907,important_topk_cons5_exact1,rolling5,github_outcomes,pull_request_opened,TRUE,sa,att_dr_group,high,all,att_dr_group
-9,0.303706356431395,0.5100201701735333,-0.6959331771087303,1.3033458899715202,important_topk_cons5_exact1,rolling5,github_outcomes,pull_request_opened,TRUE,sa,att_dr_group,high,all,att_dr_group
-8,0.7926795843406644,0.4251869811105152,-0.040686898635945434,1.6260460673172743,important_topk_cons5_exact1,rolling5,github_outcomes,pull_request_opened,TRUE,sa,att_dr_group,high,all,att_dr_group
-7,0.8552689573580488,0.2958977966174246,0.27530927598789656,1.435228638728201,important_topk_cons5_exact1,rolling5,github_outcomes,pull_request_opened,TRUE,sa,att_dr_group,high,all,att_dr_group
-6,0.612058635723827,0.32666505148325264,-0.028204865183348193,1.2523221366310022,important_topk_cons5_exact1,rolling5,github_outcomes,pull_request_opened,TRUE,sa,att_dr_group,high,all,att_dr_group
-5,0.5172519958018666,0.17758633489919717,0.1691827793994402,0.865321212204293,important_topk_cons5_exact1,rolling5,github_outcomes,pull_request_opened,TRUE,sa,att_dr_group,high,all,att_dr_group
-4,0.7683613841352033,0.16206928634869092,0.4507055828917691,1.0860171853786373,important_topk_cons5_exact1,rolling5,github_outcomes,pull_request_opened,TRUE,sa,att_dr_group,high,all,att_dr_group
-3,0.5721438632163833,0.14956190589407556,0.27900252766399525,0.8652851987687714,important_topk_cons5_exact1,rolling5,github_outcomes,pull_request_opened,TRUE,sa,att_dr_group,high,all,att_dr_group
-2,0.40012169870656566,0.13149741184313526,0.14238677149402057,0.6578566259191108,important_topk_cons5_exact1,rolling5,github_outcomes,pull_request_opened,TRUE,sa,att_dr_group,high,all,att_dr_group
-1,0,0,0,0,important_topk_cons5_exact1,rolling5,github_outcomes,pull_request_opened,TRUE,sa,att_dr_group,high,all,att_dr_group
0,0.5574824716389998,0.20698933719609822,0.15178337073464726,0.9631815725433523,important_topk_cons5_exact1,rolling5,github_outcomes,pull_request_opened,TRUE,sa,att_dr_group,high,all,att_dr_group
1,0.1404567726662978,0.14398501820188458,-0.14175386300939596,0.42266740834199157,important_topk_cons5_exact1,rolling5,github_outcomes,pull_request_opened,TRUE,sa,att_dr_group,high,all,att_dr_group
2,0.19846077306850485,0.1523210310250341,-0.10008844774056203,0.4970099938775717,important_topk_cons5_exact1,rolling5,github_outcomes,pull_request_opened,TRUE,sa,att_dr_group,high,all,att_dr_group
3,0.4795903674208867,0.1934132129510283,0.10050047003687118,0.8586802648049021,important_topk_cons5_exact1,rolling5,github_outcomes,pull_request_opened,TRUE,sa,att_dr_group,high,all,att_dr_group
4,0.4460204756112485,0.2038261083373696,0.04652130327000409,0.8455196479524929,important_topk_cons5_exact1,rolling5,github_outcomes,pull_request_opened,TRUE,sa,att_dr_group,high,all,att_dr_group
5,0.33185379873623744,0.2030096336817387,-0.06604508327997038,0.7297526807524453,important_topk_cons5_exact1,rolling5,github_outcomes,pull_request_opened,TRUE,sa,att_dr_group,high,all,att_dr_group
6,0.5853664663216592,0.25283149839693597,0.08981672946366476,1.0809162031796538,important_topk_cons5_exact1,rolling5,github_outcomes,pull_request_opened,TRUE,sa,att_dr_group,high,all,att_dr_group
7,0.2756970638195788,0.21061065734645906,-0.13709982457948094,0.6884939522186386,important_topk_cons5_exact1,rolling5,github_outcomes,pull_request_opened,TRUE,sa,att_dr_group,high,all,att_dr_group
8,0.08106915371314631,0.2627319586739743,-0.43388548528784326,0.5960237927141359,important_topk_cons5_exact1,rolling5,github_outcomes,pull_request_opened,TRUE,sa,att_dr_group,high,all,att_dr_group
9,0.2697654281085128,0.26591466197321656,-0.2514273093589917,0.7909581655760173,important_topk_cons5_exact1,rolling5,github_outcomes,pull_request_opened,TRUE,sa,att_dr_group,high,all,att_dr_group
10,1.0526911184528744,0.809149463989029,-0.5332418309656224,2.6386240678713713,important_topk_cons5_exact1,rolling5,github_outcomes,pull_request_opened,TRUE,sa,att_dr_group,high,all,att_dr_group
11,0.7333306970442314,0.8003874416419965,-0.8354286885740817,2.3020900826625446,important_topk_cons5_exact1,rolling5,github_outcomes,pull_request_opened,TRUE,sa,att_dr_group,high,all,att_dr_group
12,0.23325603739929934,0.6221804485359035,-0.9862176417310715,1.4527297165296702,important_topk_cons5_exact1,rolling5,github_outcomes,pull_request_opened,TRUE,sa,att_dr_group,high,all,att_dr_group
-14,-1.2585422335397836,1.8673880840418886,-4.9186228782618855,2.401538411182318,important_topk_cons5_exact1,rolling5,github_outcomes,pull_request_opened,TRUE,sa,att_dr_group,low,all,att_dr_group
-13,-1.4418133743597423,0.9075032378411849,-3.220519720528465,0.33689297180898015,important_topk_cons5_exact1,rolling5,github_outcomes,pull_request_opened,TRUE,sa,att_dr_group,low,all,att_dr_group
-12,-0.5067410060241787,0.5105846485207712,-1.5074869171248904,0.49400490507653283,important_topk_cons5_exact1,rolling5,github_outcomes,pull_request_opened,TRUE,sa,att_dr_group,low,all,att_dr_group
-11,-0.6617824801950569,0.40115700480951577,-1.4480502096217078,0.12448524923159399,important_topk_cons5_exact1,rolling5,github_outcomes,pull_request_opened,TRUE,sa,att_dr_group,low,all,att_dr_group
-10,1.1475239153142986,1.1001251609860145,-1.0087214002182896,3.303769230846887,important_topk_cons5_exact1,rolling5,github_outcomes,pull_request_opened,TRUE,sa,att_dr_group,low,all,att_dr_group
-9,1.5495181866266536,1.4621168450317121,-1.316230829635502,4.41526720288881,important_topk_cons5_exact1,rolling5,github_outcomes,pull_request_opened,TRUE,sa,att_dr_group,low,all,att_dr_group
-8,0.11047280043640323,0.33789844758859255,-0.5518081568372382,0.7727537577100447,important_topk_cons5_exact1,rolling5,github_outcomes,pull_request_opened,TRUE,sa,att_dr_group,low,all,att_dr_group
-7,0.48686874505648486,0.36348285359269933,-0.22555764798520578,1.1992951380981756,important_topk_cons5_exact1,rolling5,github_outcomes,pull_request_opened,TRUE,sa,att_dr_group,low,all,att_dr_group
-6,0.32841445827751503,0.2680328063269714,-0.19692984212334896,0.853758758678379,important_topk_cons5_exact1,rolling5,github_outcomes,pull_request_opened,TRUE,sa,att_dr_group,low,all,att_dr_group
-5,0.47872397987045207,0.1910666482115156,0.10423334937588152,0.8532146103650227,important_topk_cons5_exact1,rolling5,github_outcomes,pull_request_opened,TRUE,sa,att_dr_group,low,all,att_dr_group
-4,0.2590908485269232,0.17766487054235888,-0.08913229773610021,0.6073139947899466,important_topk_cons5_exact1,rolling5,github_outcomes,pull_request_opened,TRUE,sa,att_dr_group,low,all,att_dr_group
-3,-0.06322854800793755,0.1541495018731866,-0.36536157167938327,0.2389044756635082,important_topk_cons5_exact1,rolling5,github_outcomes,pull_request_opened,TRUE,sa,att_dr_group,low,all,att_dr_group
-2,-0.2298578254808622,0.13598510686909537,-0.49638863494428914,0.036672983982564744,important_topk_cons5_exact1,rolling5,github_outcomes,pull_request_opened,TRUE,sa,att_dr_group,low,all,att_dr_group
-1,0,0,0,0,important_topk_cons5_exact1,rolling5,github_outcomes,pull_request_opened,TRUE,sa,att_dr_group,low,all,att_dr_group
0,-0.9365041646730157,0.2207562619111524,-1.3691864380188745,-0.5038218913271569,important_topk_cons5_exact1,rolling5,github_outcomes,pull_request_opened,TRUE,sa,att_dr_group,low,all,att_dr_group
1,-1.7849774066433786,0.2062102685490271,-2.1891495329994717,-1.3808052802872854,important_topk_cons5_exact1,rolling5,github_outcomes,pull_request_opened,TRUE,sa,att_dr_group,low,all,att_dr_group
2,-2.2379128592492803,0.24833102636145202,-2.7246416709177264,-1.7511840475808342,important_topk_cons5_exact1,rolling5,github_outcomes,pull_request_opened,TRUE,sa,att_dr_group,low,all,att_dr_group
3,-2.5313537879145214,0.29371565429913293,-3.1070364703408218,-1.955671105488221,important_topk_cons5_exact1,rolling5,github_outcomes,pull_request_opened,TRUE,sa,att_dr_group,low,all,att_dr_group
4,-2.7472718076482856,0.3306003986175561,-3.3952485889386956,-2.0992950263578756,important_topk_cons5_exact1,rolling5,github_outcomes,pull_request_opened,TRUE,sa,att_dr_group,low,all,att_dr_group
5,-2.7568059574528836,0.38514963822570597,-3.511699248375267,-2.0019126665305,important_topk_cons5_exact1,rolling5,github_outcomes,pull_request_opened,TRUE,sa,att_dr_group,low,all,att_dr_group
6,-2.9246444409386405,0.44160193252820557,-3.7901842286939234,-2.0591046531833577,important_topk_cons5_exact1,rolling5,github_outcomes,pull_request_opened,TRUE,sa,att_dr_group,low,all,att_dr_group
7,-3.293980241978022,0.6128169346810591,-4.495101433952898,-2.0928590500031463,important_topk_cons5_exact1,rolling5,github_outcomes,pull_request_opened,TRUE,sa,att_dr_group,low,all,att_dr_group
8,-4.165438790512775,0.5190002675902186,-5.1826793149896035,-3.148198266035947,important_topk_cons5_exact1,rolling5,github_outcomes,pull_request_opened,TRUE,sa,att_dr_group,low,all,att_dr_group
9,-3.994087135979655,0.5156613112106911,-5.00478330595261,-2.9833909660067004,important_topk_cons5_exact1,rolling5,github_outcomes,pull_request_opened,TRUE,sa,att_dr_group,low,all,att_dr_group
10,-3.948214890614897,0.5422371345410923,-5.010999674315438,-2.885430106914356,important_topk_cons5_exact1,rolling5,github_outcomes,pull_request_opened,TRUE,sa,att_dr_group,low,all,att_dr_group
11,-3.4607468892115545,0.6565587252387526,-4.7476019906795095,-2.1738917877435995,important_topk_cons5_exact1,rolling5,github_outcomes,pull_request_opened,TRUE,sa,att_dr_group,low,all,att_dr_group
12,-4.107179358129761,0.7320997027760799,-5.542094775570877,-2.6722639406886444,important_topk_cons5_exact1,rolling5,github_outcomes,pull_request_opened,TRUE,sa,att_dr_group,low,all,att_dr_group
-14,0.7117394798912949,0.2219938924011301,0.27663145078507995,1.1468475089975099,important_topk_cons5_exact1,rolling5,github_outcomes,pull_request_merged,TRUE,sa,att_dr_group,high,all,att_dr_group
-13,1.4239693265889277,0.9330632851869797,-0.4048347123775524,3.2527733655554076,important_topk_cons5_exact1,rolling5,github_outcomes,pull_request_merged,TRUE,sa,att_dr_group,high,all,att_dr_group
-12,1.952543029023531,0.6654854544736819,0.6481915382551144,3.2568945197919477,important_topk_cons5_exact1,rolling5,github_outcomes,pull_request_merged,TRUE,sa,att_dr_group,high,all,att_dr_group
-11,0.8479655834637949,0.5174651891006518,-0.16626618717348252,1.8621973541010723,important_topk_cons5_exact1,rolling5,github_outcomes,pull_request_merged,TRUE,sa,att_dr_group,high,all,att_dr_group
-10,1.2028717472009671,0.850626243842044,-0.46435569072943905,2.870099185131373,important_topk_cons5_exact1,rolling5,github_outcomes,pull_request_merged,TRUE,sa,att_dr_group,high,all,att_dr_group
-9,0.45357273070050896,0.43235654988264643,-0.393846107069478,1.3009915684704958,important_topk_cons5_exact1,rolling5,github_outcomes,pull_request_merged,TRUE,sa,att_dr_group,high,all,att_dr_group
-8,0.8109722764702676,0.34837836038583664,0.1281506901140278,1.4937938628265073,important_topk_cons5_exact1,rolling5,github_outcomes,pull_request_merged,TRUE,sa,att_dr_group,high,all,att_dr_group
-7,1.125508093203544,0.3381672740371732,0.46270023609068445,1.7883159503164034,important_topk_cons5_exact1,rolling5,github_outcomes,pull_request_merged,TRUE,sa,att_dr_group,high,all,att_dr_group
-6,0.7708967387562997,0.3317870697064606,0.12059408213163691,1.4211993953809625,important_topk_cons5_exact1,rolling5,github_outcomes,pull_request_merged,TRUE,sa,att_dr_group,high,all,att_dr_group
-5,0.446147539379083,0.18676050686612777,0.0800969459214726,0.8121981328366934,important_topk_cons5_exact1,rolling5,github_outcomes,pull_request_merged,TRUE,sa,att_dr_group,high,all,att_dr_group
-4,0.8998807238950344,0.17053500227393953,0.5656321194381129,1.2341293283519559,important_topk_cons5_exact1,rolling5,github_outcomes,pull_request_merged,TRUE,sa,att_dr_group,high,all,att_dr_group
-3,0.6377965413810887,0.13958939727402425,0.36420132272400113,0.9113917600381762,important_topk_cons5_exact1,rolling5,github_outcomes,pull_request_merged,TRUE,sa,att_dr_group,high,all,att_dr_group
-2,0.5355699295323944,0.1288571738813856,0.2830098687248786,0.7881299903399102,important_topk_cons5_exact1,rolling5,github_outcomes,pull_request_merged,TRUE,sa,att_dr_group,high,all,att_dr_group
-1,0,0,0,0,important_topk_cons5_exact1,rolling5,github_outcomes,pull_request_merged,TRUE,sa,att_dr_group,high,all,att_dr_group
0,0.6244244064964908,0.19721984381118293,0.23787351262657225,1.0109753003664093,important_topk_cons5_exact1,rolling5,github_outcomes,pull_request_merged,TRUE,sa,att_dr_group,high,all,att_dr_group
1,0.33651729719281714,0.17394347181566278,-0.00441190756588189,0.6774465019515161,important_topk_cons5_exact1,rolling5,github_outcomes,pull_request_merged,TRUE,sa,att_dr_group,high,all,att_dr_group
2,0.4342379859931229,0.1580974646728121,0.12436695523441121,0.7441090167518346,important_topk_cons5_exact1,rolling5,github_outcomes,pull_request_merged,TRUE,sa,att_dr_group,high,all,att_dr_group
3,0.8306704115015268,0.21161595087956642,0.4159031477775766,1.245437675225477,important_topk_cons5_exact1,rolling5,github_outcomes,pull_request_merged,TRUE,sa,att_dr_group,high,all,att_dr_group
4,0.6592986088441953,0.19676221978023667,0.2736446580749315,1.0449525596134592,important_topk_cons5_exact1,rolling5,github_outcomes,pull_request_merged,TRUE,sa,att_dr_group,high,all,att_dr_group
5,0.575622112020211,0.1946380877856323,0.19413145996037168,0.9571127640800503,important_topk_cons5_exact1,rolling5,github_outcomes,pull_request_merged,TRUE,sa,att_dr_group,high,all,att_dr_group
6,0.7047408552320302,0.23069729765786012,0.2525741518226244,1.1569075586414361,important_topk_cons5_exact1,rolling5,github_outcomes,pull_request_merged,TRUE,sa,att_dr_group,high,all,att_dr_group
7,0.47588118880650665,0.2287237598430193,0.027582619514188833,0.9241797580988245,important_topk_cons5_exact1,rolling5,github_outcomes,pull_request_merged,TRUE,sa,att_dr_group,high,all,att_dr_group
8,0.4038379892360012,0.2655254064037827,-0.11659180731541285,0.9242677857874153,important_topk_cons5_exact1,rolling5,github_outcomes,pull_request_merged,TRUE,sa,att_dr_group,high,all,att_dr_group
9,0.39089956209398424,0.2655127850705096,-0.12950549664421462,0.9113046208321831,important_topk_cons5_exact1,rolling5,github_outcomes,pull_request_merged,TRUE,sa,att_dr_group,high,all,att_dr_group
10,1.0243858810881068,0.43970092148301687,0.1625720749813937,1.88619968719482,important_topk_cons5_exact1,rolling5,github_outcomes,pull_request_merged,TRUE,sa,att_dr_group,high,all,att_dr_group
11,0.8037303175458232,0.8155276487571269,-0.7947038740181456,2.402164509109792,important_topk_cons5_exact1,rolling5,github_outcomes,pull_request_merged,TRUE,sa,att_dr_group,high,all,att_dr_group
12,0.39329384577510446,0.7378884794328165,-1.0529675739132158,1.8395552654634248,important_topk_cons5_exact1,rolling5,github_outcomes,pull_request_merged,TRUE,sa,att_dr_group,high,all,att_dr_group
-14,0.239876637852482,0.8618182281100222,-1.4492870892431615,1.9290403649481254,important_topk_cons5_exact1,rolling5,github_outcomes,pull_request_merged,TRUE,sa,att_dr_group,low,all,att_dr_group
-13,-0.5051274076261469,0.4745869560247118,-1.435317841434582,0.4250630261822882,important_topk_cons5_exact1,rolling5,github_outcomes,pull_request_merged,TRUE,sa,att_dr_group,low,all,att_dr_group
-12,-0.397181373860897,0.4234420700765293,-1.2271278312108944,0.43276508348910037,important_topk_cons5_exact1,rolling5,github_outcomes,pull_request_merged,TRUE,sa,att_dr_group,low,all,att_dr_group
-11,-0.5528281960782984,0.3711755142519339,-1.2803322040120888,0.17467581185549208,important_topk_cons5_exact1,rolling5,github_outcomes,pull_request_merged,TRUE,sa,att_dr_group,low,all,att_dr_group
-10,0.3375598615656503,0.6704055552765378,-0.9764350267763637,1.6515547499076644,important_topk_cons5_exact1,rolling5,github_outcomes,pull_request_merged,TRUE,sa,att_dr_group,low,all,att_dr_group
-9,0.09414330498842591,0.497996867014788,-0.8819305543605586,1.0702171643374103,important_topk_cons5_exact1,rolling5,github_outcomes,pull_request_merged,TRUE,sa,att_dr_group,low,all,att_dr_group
-8,-0.05124249336116243,0.4041771296487719,-0.8434296674727553,0.7409446807504305,important_topk_cons5_exact1,rolling5,github_outcomes,pull_request_merged,TRUE,sa,att_dr_group,low,all,att_dr_group
-7,0.29898924139128324,0.41202831994904626,-0.5085862657088475,1.1065647484914138,important_topk_cons5_exact1,rolling5,github_outcomes,pull_request_merged,TRUE,sa,att_dr_group,low,all,att_dr_group
-6,0.19116203905785467,0.2761081772582003,-0.35000998836821795,0.7323340664839273,important_topk_cons5_exact1,rolling5,github_outcomes,pull_request_merged,TRUE,sa,att_dr_group,low,all,att_dr_group
-5,0.34598115027056164,0.19980032433273073,-0.04562748542159056,0.7375897859627139,important_topk_cons5_exact1,rolling5,github_outcomes,pull_request_merged,TRUE,sa,att_dr_group,low,all,att_dr_group
-4,0.17011845720522858,0.18419985853432952,-0.19091326552205726,0.5311501799325145,important_topk_cons5_exact1,rolling5,github_outcomes,pull_request_merged,TRUE,sa,att_dr_group,low,all,att_dr_group
-3,-0.09100685496670725,0.1607719025576062,-0.4061197839796154,0.22410607404620092,important_topk_cons5_exact1,rolling5,github_outcomes,pull_request_merged,TRUE,sa,att_dr_group,low,all,att_dr_group
-2,-0.15310795317522186,0.13876818658881762,-0.42509359888930437,0.11887769253886066,important_topk_cons5_exact1,rolling5,github_outcomes,pull_request_merged,TRUE,sa,att_dr_group,low,all,att_dr_group
-1,0,0,0,0,important_topk_cons5_exact1,rolling5,github_outcomes,pull_request_merged,TRUE,sa,att_dr_group,low,all,att_dr_group
0,-1.0256611605316794,0.2117509792591796,-1.4406930798796713,-0.6106292411836874,important_topk_cons5_exact1,rolling5,github_outcomes,pull_request_merged,TRUE,sa,att_dr_group,low,all,att_dr_group
1,-1.9669884255122847,0.20205646905131325,-2.363019104852859,-1.5709577461717108,important_topk_cons5_exact1,rolling5,github_outcomes,pull_request_merged,TRUE,sa,att_dr_group,low,all,att_dr_group
2,-2.327485913725634,0.24556101946581899,-2.8087855118786393,-1.8461863155726288,important_topk_cons5_exact1,rolling5,github_outcomes,pull_request_merged,TRUE,sa,att_dr_group,low,all,att_dr_group
3,-2.5790379806999395,0.3057094092491543,-3.178228422828282,-1.979847538571597,important_topk_cons5_exact1,rolling5,github_outcomes,pull_request_merged,TRUE,sa,att_dr_group,low,all,att_dr_group
4,-2.956654629511209,0.4043527910495185,-3.749186099968265,-2.1641231590541525,important_topk_cons5_exact1,rolling5,github_outcomes,pull_request_merged,TRUE,sa,att_dr_group,low,all,att_dr_group
5,-3.1198858240345597,0.5059042580261097,-4.111458169765735,-2.128313478303385,important_topk_cons5_exact1,rolling5,github_outcomes,pull_request_merged,TRUE,sa,att_dr_group,low,all,att_dr_group
6,-3.3811325607638207,0.6061188306874431,-4.569125468911209,-2.1931396526164324,important_topk_cons5_exact1,rolling5,github_outcomes,pull_request_merged,TRUE,sa,att_dr_group,low,all,att_dr_group
7,-3.2654369963946492,1.023348470859113,-5.271199999278511,-1.2596739935107877,important_topk_cons5_exact1,rolling5,github_outcomes,pull_request_merged,TRUE,sa,att_dr_group,low,all,att_dr_group
8,-4.332674346176899,0.6883671512916413,-5.681873962708515,-2.9834747296452817,important_topk_cons5_exact1,rolling5,github_outcomes,pull_request_merged,TRUE,sa,att_dr_group,low,all,att_dr_group
9,-4.447280413835552,0.7369094968925209,-5.891623027744893,-3.002937799926211,important_topk_cons5_exact1,rolling5,github_outcomes,pull_request_merged,TRUE,sa,att_dr_group,low,all,att_dr_group
10,-4.26327455774792,0.75554101992939815,-5.74413495680954,-2.7824141586863,important_topk_cons5_exact1,rolling5,github_outcomes,pull_request_merged,TRUE,sa,att_dr_group,low,all,att_dr_group
11,-4.226618206566158,0.9062419502547534,-6.002852429065475,-2.4503839840668418,important_topk_cons5_exact1,rolling5,github_outcomes,pull_request_merged,TRUE,sa,att_dr_group,low,all,att_dr_group
12,-4.575001202495725,0.9474744764603436,-6.432051176357999,-2.717951228633452,important_topk_cons5_exact1,rolling5,github_outcomes,pull_request_merged,TRUE,sa,att_dr_group,low,all,att_dr_group
-14,0.5920691597855762,0.37659677287880916,-0.14606051505688977,1.330198834628042,important_topk_cons5_exact1,rolling5,downstream_outcomes,overall_new_release_count,TRUE,sa,att_dr_group,high,all,att_dr_group
-13,-0.0642291965661172,0.4713095726413757,-0.9879959589432135,0.8595375658109792,important_topk_cons5_exact1,rolling5,downstream_outcomes,overall_new_release_count,TRUE,sa,att_dr_group,high,all,att_dr_group
-12,0.15827405524311222,0.4104538217150244,-0.6462154353183356,0.96276354580456,important_topk_cons5_exact1,rolling5,downstream_outcomes,overall_new_release_count,TRUE,sa,att_dr_group,high,all,att_dr_group
-11,0.42909718744271336,0.3014762267758693,-0.16179621703799046,1.0199905919234171,important_topk_cons5_exact1,rolling5,downstream_outcomes,overall_new_release_count,TRUE,sa,att_dr_group,high,all,att_dr_group
-10,0.5519888320137532,0.25319794224344766,0.05572086521659575,1.0482567988109106,important_topk_cons5_exact1,rolling5,downstream_outcomes,overall_new_release_count,TRUE,sa,att_dr_group,high,all,att_dr_group
-9,0.44791947282292266,0.30950337875650513,-0.15870714953982734,1.0545460951856727,important_topk_cons5_exact1,rolling5,downstream_outcomes,overall_new_release_count,TRUE,sa,att_dr_group,high,all,att_dr_group
-8,0.38819511556511205,0.2423259421452381,-0.08676373103955459,0.8631539621697787,important_topk_cons5_exact1,rolling5,downstream_outcomes,overall_new_release_count,TRUE,sa,att_dr_group,high,all,att_dr_group
-7,0.5632754258336693,0.1926269420216844,0.18572661947116786,0.9408242321961707,important_topk_cons5_exact1,rolling5,downstream_outcomes,overall_new_release_count,TRUE,sa,att_dr_group,high,all,att_dr_group
-6,0.4698448587834039,0.2856881229308949,-0.09010386216115018,1.0297935797279578,important_topk_cons5_exact1,rolling5,downstream_outcomes,overall_new_release_count,TRUE,sa,att_dr_group,high,all,att_dr_group
-5,0.350474633658179,0.17137164823806048,0.014586203111580487,0.6863630642047776,important_topk_cons5_exact1,rolling5,downstream_outcomes,overall_new_release_count,TRUE,sa,att_dr_group,high,all,att_dr_group
-4,0.5943306935294513,0.15987834365585504,0.28096913996397543,0.9076922470949272,important_topk_cons5_exact1,rolling5,downstream_outcomes,overall_new_release_count,TRUE,sa,att_dr_group,high,all,att_dr_group
-3,0.47531832495337634,0.1493139248186953,0.18266303230873354,0.7679736175980192,important_topk_cons5_exact1,rolling5,downstream_outcomes,overall_new_release_count,TRUE,sa,att_dr_group,high,all,att_dr_group
-2,0.6292201986943469,0.15095473550420083,0.33334891710611325,0.9250914802825805,important_topk_cons5_exact1,rolling5,downstream_outcomes,overall_new_release_count,TRUE,sa,att_dr_group,high,all,att_dr_group
-1,0,0,0,0,important_topk_cons5_exact1,rolling5,downstream_outcomes,overall_new_release_count,TRUE,sa,att_dr_group,high,all,att_dr_group
0,0.8156511233297502,0.3799931654639507,0.07086451902040691,1.5604377276390935,important_topk_cons5_exact1,rolling5,downstream_outcomes,overall_new_release_count,TRUE,sa,att_dr_group,high,all,att_dr_group
1,0.2812416663254003,0.2845455047067636,-0.27646752289985627,0.8389508555506568,important_topk_cons5_exact1,rolling5,downstream_outcomes,overall_new_release_count,TRUE,sa,att_dr_group,high,all,att_dr_group
2,0.7033959507342497,0.4031530072792244,-0.0867839435330301,1.4935758450015295,important_topk_cons5_exact1,rolling5,downstream_outcomes,overall_new_release_count,TRUE,sa,att_dr_group,high,all,att_dr_group
3,0.8212046398656005,0.3784330185758362,0.07947592345696153,1.5629333562742396,important_topk_cons5_exact1,rolling5,downstream_outcomes,overall_new_release_count,TRUE,sa,att_dr_group,high,all,att_dr_group
4,0.41329342262889546,0.22761432534804552,-0.03283065505327376,0.8594175003110647,important_topk_cons5_exact1,rolling5,downstream_outcomes,overall_new_release_count,TRUE,sa,att_dr_group,high,all,att_dr_group
5,0.4996506685864358,0.2775842194329545,-0.04441440150215503,1.0437157386750266,important_topk_cons5_exact1,rolling5,downstream_outcomes,overall_new_release_count,TRUE,sa,att_dr_group,high,all,att_dr_group
6,0.5811663219513173,0.3232055974576193,-0.052316649065616394,1.214649292968251,important_topk_cons5_exact1,rolling5,downstream_outcomes,overall_new_release_count,TRUE,sa,att_dr_group,high,all,att_dr_group
7,0.5692207295827225,0.41080261993089207,-0.23595240548182594,1.374393864647271,important_topk_cons5_exact1,rolling5,downstream_outcomes,overall_new_release_count,TRUE,sa,att_dr_group,high,all,att_dr_group
8,0.31408352450479116,0.3701261108102437,-0.41136365268328656,1.0395307016928688,important_topk_cons5_exact1,rolling5,downstream_outcomes,overall_new_release_count,TRUE,sa,att_dr_group,high,all,att_dr_group
9,0.3827088092639175,0.45765257677990856,-0.5142902412247032,1.2797078597525382,important_topk_cons5_exact1,rolling5,downstream_outcomes,overall_new_release_count,TRUE,sa,att_dr_group,high,all,att_dr_group
10,0.48395734322962736,0.3599971572332683,-0.2216370849475785,1.1895517714068333,important_topk_cons5_exact1,rolling5,downstream_outcomes,overall_new_release_count,TRUE,sa,att_dr_group,high,all,att_dr_group
11,0.023292410208827885,0.5239128439754507,-1.0035767639830555,1.0501615844007113,important_topk_cons5_exact1,rolling5,downstream_outcomes,overall_new_release_count,TRUE,sa,att_dr_group,high,all,att_dr_group
12,-0.3579624747529787,0.4251984867275004,-1.1913515087388795,0.475426559232922,important_topk_cons5_exact1,rolling5,downstream_outcomes,overall_new_release_count,TRUE,sa,att_dr_group,high,all,att_dr_group
-14,0.49370856875516367,0.292570508175355,-0.07972962726853217,1.0671467647788595,important_topk_cons5_exact1,rolling5,downstream_outcomes,overall_new_release_count,TRUE,sa,att_dr_group,low,all,att_dr_group
-13,-0.2225978151351236,0.24085684815817343,-0.6946772375251435,0.24948160725489632,important_topk_cons5_exact1,rolling5,downstream_outcomes,overall_new_release_count,TRUE,sa,att_dr_group,low,all,att_dr_group
-12,0.2195157883574468,0.23717914505583074,-0.24535533595198142,0.684386912666875,important_topk_cons5_exact1,rolling5,downstream_outcomes,overall_new_release_count,TRUE,sa,att_dr_group,low,all,att_dr_group
-11,0.16404455513369687,0.23190605921581572,-0.29049132092930197,0.6185804311966957,important_topk_cons5_exact1,rolling5,downstream_outcomes,overall_new_release_count,TRUE,sa,att_dr_group,low,all,att_dr_group
-10,0.2068172294822409,0.21047040147921053,-0.20570475741701172,0.6193392163814935,important_topk_cons5_exact1,rolling5,downstream_outcomes,overall_new_release_count,TRUE,sa,att_dr_group,low,all,att_dr_group
-9,-0.11206183734928207,0.23592534866710155,-0.5744755207368011,0.350351846038237,important_topk_cons5_exact1,rolling5,downstream_outcomes,overall_new_release_count,TRUE,sa,att_dr_group,low,all,att_dr_group
-8,-0.13115059844173801,0.2650422409327427,-0.6506333906699138,0.3883321937864377,important_topk_cons5_exact1,rolling5,downstream_outcomes,overall_new_release_count,TRUE,sa,att_dr_group,low,all,att_dr_group
-7,-0.1542848249647946,0.2099980735081689,-0.5658810490408056,0.2573113991112165,important_topk_cons5_exact1,rolling5,downstream_outcomes,overall_new_release_count,TRUE,sa,att_dr_group,low,all,att_dr_group
-6,0.10469026840937615,0.27737519083936957,-0.4389651056357883,0.6483456424545405,important_topk_cons5_exact1,rolling5,downstream_outcomes,overall_new_release_count,TRUE,sa,att_dr_group,low,all,att_dr_group
-5,0.2731752117366276,0.1703683524449365,-0.06074675905544791,0.6070971825287031,important_topk_cons5_exact1,rolling5,downstream_outcomes,overall_new_release_count,TRUE,sa,att_dr_group,low,all,att_dr_group
-4,0.024928012993862953,0.14789269479199627,-0.2649416687984497,0.3147976947861756,important_topk_cons5_exact1,rolling5,downstream_outcomes,overall_new_release_count,TRUE,sa,att_dr_group,low,all,att_dr_group
-3,-0.19200677624690657,0.1464101858815796,-0.4789707405748026,0.09495718808098949,important_topk_cons5_exact1,rolling5,downstream_outcomes,overall_new_release_count,TRUE,sa,att_dr_group,low,all,att_dr_group
-2,-0.1517111625717239,0.14444471507480217,-0.4348228041183361,0.13140047897488832,important_topk_cons5_exact1,rolling5,downstream_outcomes,overall_new_release_count,TRUE,sa,att_dr_group,low,all,att_dr_group
-1,0,0,0,0,important_topk_cons5_exact1,rolling5,downstream_outcomes,overall_new_release_count,TRUE,sa,att_dr_group,low,all,att_dr_group
0,-0.6449328392716462,0.16204349834538845,-0.9625380960286076,-0.3273275825146849,important_topk_cons5_exact1,rolling5,downstream_outcomes,overall_new_release_count,TRUE,sa,att_dr_group,low,all,att_dr_group
1,-1.0997147025077931,0.15624918196903073,-1.4059630991670933,-0.793466305848493,important_topk_cons5_exact1,rolling5,downstream_outcomes,overall_new_release_count,TRUE,sa,att_dr_group,low,all,att_dr_group
2,-1.2427869356063777,0.14835907279088684,-1.533570718276516,-0.9520031529362394,important_topk_cons5_exact1,rolling5,downstream_outcomes,overall_new_release_count,TRUE,sa,att_dr_group,low,all,att_dr_group
3,-1.283965171867013,0.1666373249767817,-1.6105743288215053,-0.957356014912521,important_topk_cons5_exact1,rolling5,downstream_outcomes,overall_new_release_count,TRUE,sa,att_dr_group,low,all,att_dr_group
4,-1.2431506287739107,0.16178147227535794,-1.5602423144336122,-0.9260589431142091,important_topk_cons5_exact1,rolling5,downstream_outcomes,overall_new_release_count,TRUE,sa,att_dr_group,low,all,att_dr_group
5,-0.9927254688316962,0.18987513364135333,-1.3648807307687487,-0.6205702068946437,important_topk_cons5_exact1,rolling5,downstream_outcomes,overall_new_release_count,TRUE,sa,att_dr_group,low,all,att_dr_group
6,-1.2050614238174482,0.19219304465226314,-1.5817597913358838,-0.8283630562990124,important_topk_cons5_exact1,rolling5,downstream_outcomes,overall_new_release_count,TRUE,sa,att_dr_group,low,all,att_dr_group
7,-1.08601667531863,0.1981234311593759,-1.4743386003910066,-0.6976947502462533,important_topk_cons5_exact1,rolling5,downstream_outcomes,overall_new_release_count,TRUE,sa,att_dr_group,low,all,att_dr_group
8,-1.1430887396144138,0.25135051049727725,-1.635735740189077,-0.6504417390397504,important_topk_cons5_exact1,rolling5,downstream_outcomes,overall_new_release_count,TRUE,sa,att_dr_group,low,all,att_dr_group
9,-1.1197737088171953,0.2410408191075477,-1.5922137142679889,-0.6473337033664017,important_topk_cons5_exact1,rolling5,downstream_outcomes,overall_new_release_count,TRUE,sa,att_dr_group,low,all,att_dr_group
10,-1.0051918712048287,0.2847432288692418,-1.5632885997885426,-0.4470951426211147,important_topk_cons5_exact1,rolling5,downstream_outcomes,overall_new_release_count,TRUE,sa,att_dr_group,low,all,att_dr_group
11,-0.8425016557680269,0.40271065826767305,-1.631814545972666,-0.05318876556338781,important_topk_cons5_exact1,rolling5,downstream_outcomes,overall_new_release_count,TRUE,sa,att_dr_group,low,all,att_dr_group
12,-0.9737695855427378,0.4577329279698088,-1.870926124363563,-0.0766130467219126,important_topk_cons5_exact1,rolling5,downstream_outcomes,overall_new_release_count,TRUE,sa,att_dr_group,low,all,att_dr_group
-14,0.4592750094168143,0.2921942654981172,-0.11342575095949547,1.031975769793124,important_topk_cons5_exact1,rolling5,downstream_outcomes,major_minor_release_count,TRUE,sa,att_dr_group,high,all,att_dr_group
-13,-0.04593830104824795,0.3158163179258682,-0.6649382841829495,0.5730616820864537,important_topk_cons5_exact1,rolling5,downstream_outcomes,major_minor_release_count,TRUE,sa,att_dr_group,high,all,att_dr_group
-12,0.18946434289149566,0.2404912973884789,-0.281898599989923,0.6608272857729143,important_topk_cons5_exact1,rolling5,downstream_outcomes,major_minor_release_count,TRUE,sa,att_dr_group,high,all,att_dr_group
-11,0.2357884897301254,0.16891901911625035,-0.09529278773772526,0.5668697671979761,important_topk_cons5_exact1,rolling5,downstream_outcomes,major_minor_release_count,TRUE,sa,att_dr_group,high,all,att_dr_group
-10,0.32378954833518914,0.14204560004765274,0.04538017224178975,0.6021989244285886,important_topk_cons5_exact1,rolling5,downstream_outcomes,major_minor_release_count,TRUE,sa,att_dr_group,high,all,att_dr_group
-9,0.361000575937865,0.2435254913775729,-0.11630938716217787,0.8383105390379079,important_topk_cons5_exact1,rolling5,downstream_outcomes,major_minor_release_count,TRUE,sa,att_dr_group,high,all,att_dr_group
-8,0.24577139078932847,0.23878167413810347,-0.2222406905213543,0.7137834721000113,important_topk_cons5_exact1,rolling5,downstream_outcomes,major_minor_release_count,TRUE,sa,att_dr_group,high,all,att_dr_group
-7,0.3202577926734504,0.21044237960815304,-0.09220927135852958,0.7327248567054303,important_topk_cons5_exact1,rolling5,downstream_outcomes,major_minor_release_count,TRUE,sa,att_dr_group,high,all,att_dr_group
-6,-0.053600289794408264,0.20063540346449424,-0.446845680584817,0.3396451009960004,important_topk_cons5_exact1,rolling5,downstream_outcomes,major_minor_release_count,TRUE,sa,att_dr_group,high,all,att_dr_group
-5,0.19476840408018103,0.17405026052148082,-0.14637010654192134,0.5359069147022835,important_topk_cons5_exact1,rolling5,downstream_outcomes,major_minor_release_count,TRUE,sa,att_dr_group,high,all,att_dr_group
-4,0.36014930751452673,0.1684655540481231,0.02995682158020546,0.690341793448848,important_topk_cons5_exact1,rolling5,downstream_outcomes,major_minor_release_count,TRUE,sa,att_dr_group,high,all,att_dr_group
-3,0.10416560287625691,0.14385429669352362,-0.17778881864304935,0.3861200243955632,important_topk_cons5_exact1,rolling5,downstream_outcomes,major_minor_release_count,TRUE,sa,att_dr_group,high,all,att_dr_group
-2,0.30531528704063493,0.15558810871302123,3.6259396311333347e-4,0.6102679801181565,important_topk_cons5_exact1,rolling5,downstream_outcomes,major_minor_release_count,TRUE,sa,att_dr_group,high,all,att_dr_group
-1,0,0,0,0,important_topk_cons5_exact1,rolling5,downstream_outcomes,major_minor_release_count,TRUE,sa,att_dr_group,high,all,att_dr_group
0,0.402683055187805,0.23067954113975978,-0.04944884544612416,0.8548149558217342,important_topk_cons5_exact1,rolling5,downstream_outcomes,major_minor_release_count,TRUE,sa,att_dr_group,high,all,att_dr_group
1,-0.039883560878443594,0.14184066540721257,-0.3178912650765802,0.23812414331969306,important_topk_cons5_exact1,rolling5,downstream_outcomes,major_minor_release_count,TRUE,sa,att_dr_group,high,all,att_dr_group
2,0.06673249812397009,0.17327406354620692,-0.2728846664265955,0.40634966267453565,important_topk_cons5_exact1,rolling5,downstream_outcomes,major_minor_release_count,TRUE,sa,att_dr_group,high,all,att_dr_group
3,0.5468073964274811,0.32146933441363656,-0.08327249902324652,1.1768872918782087,important_topk_cons5_exact1,rolling5,downstream_outcomes,major_minor_release_count,TRUE,sa,att_dr_group,high,all,att_dr_group
4,-0.0698346713351073,0.1239843859122379,-0.3128440677230936,0.17317472505287895,important_topk_cons5_exact1,rolling5,downstream_outcomes,major_minor_release_count,TRUE,sa,att_dr_group,high,all,att_dr_group
5,0.08747367315531313,0.1447661471016119,-0.1962679751638462,0.37121532147447245,important_topk_cons5_exact1,rolling5,downstream_outcomes,major_minor_release_count,TRUE,sa,att_dr_group,high,all,att_dr_group
6,0.25699947426919045,0.25861271233556987,-0.24988144190852646,0.7638803904469074,important_topk_cons5_exact1,rolling5,downstream_outcomes,major_minor_release_count,TRUE,sa,att_dr_group,high,all,att_dr_group
7,0.35334415836607386,0.3293783462556752,-0.29223740029504947,0.9989257170271972,important_topk_cons5_exact1,rolling5,downstream_outcomes,major_minor_release_count,TRUE,sa,att_dr_group,high,all,att_dr_group
8,0.06374290322169253,0.22351733344373795,-0.37435107032803383,0.5018368767714189,important_topk_cons5_exact1,rolling5,downstream_outcomes,major_minor_release_count,TRUE,sa,att_dr_group,high,all,att_dr_group
9,0.13289615567198898,0.30444384729219826,-0.46381378502071957,0.7296060963646975,important_topk_cons5_exact1,rolling5,downstream_outcomes,major_minor_release_count,TRUE,sa,att_dr_group,high,all,att_dr_group
10,0.20488452080688846,0.47288345347629046,-0.7219670480066408,1.1317360896204178,important_topk_cons5_exact1,rolling5,downstream_outcomes,major_minor_release_count,TRUE,sa,att_dr_group,high,all,att_dr_group
11,0.12459592663958491,0.6552765841970565,-1.1597461783866458,1.4089380316658155,important_topk_cons5_exact1,rolling5,downstream_outcomes,major_minor_release_count,TRUE,sa,att_dr_group,high,all,att_dr_group
12,0.1440073485612152,0.7574535544824974,-1.3406016182244798,1.6286163153469102,important_topk_cons5_exact1,rolling5,downstream_outcomes,major_minor_release_count,TRUE,sa,att_dr_group,high,all,att_dr_group
-14,0.6856419377717489,0.3541200747492976,-0.00843340873687437,1.379717284280372,important_topk_cons5_exact1,rolling5,downstream_outcomes,major_minor_release_count,TRUE,sa,att_dr_group,low,all,att_dr_group
-13,0.07279741174701893,0.30363496693020753,-0.5223271234361878,0.6679219469302257,important_topk_cons5_exact1,rolling5,downstream_outcomes,major_minor_release_count,TRUE,sa,att_dr_group,low,all,att_dr_group
-12,0.31203341211629043,0.27385018374215087,-0.2247129480183253,0.8487797722509062,important_topk_cons5_exact1,rolling5,downstream_outcomes,major_minor_release_count,TRUE,sa,att_dr_group,low,all,att_dr_group
-11,0.2506833001840163,0.2549627952469088,-0.24904377849992493,0.7504103788679575,important_topk_cons5_exact1,rolling5,downstream_outcomes,major_minor_release_count,TRUE,sa,att_dr_group,low,all,att_dr_group
-10,0.15602885369058303,0.2185907227131784,-0.2724089628272466,0.5844666702084127,important_topk_cons5_exact1,rolling5,downstream_outcomes,major_minor_release_count,TRUE,sa,att_dr_group,low,all,att_dr_group
-9,-0.02583363751154962,0.22306851089175428,-0.46304791885938795,0.41138064383628875,important_topk_cons5_exact1,rolling5,downstream_outcomes,major_minor_release_count,TRUE,sa,att_dr_group,low,all,att_dr_group
-8,-0.10768463682325424,0.23013811372580528,-0.5587553397258326,0.3433860660793241,important_topk_cons5_exact1,rolling5,downstream_outcomes,major_minor_release_count,TRUE,sa,att_dr_group,low,all,att_dr_group
-7,-0.2710201253487826,0.20967858383768367,-0.6819901496706426,0.13994989897307736,important_topk_cons5_exact1,rolling5,downstream_outcomes,major_minor_release_count,TRUE,sa,att_dr_group,low,all,att_dr_group
-6,0.043718103614422445,0.26750366819033394,-0.4805890860386321,0.568025293267477,important_topk_cons5_exact1,rolling5,downstream_outcomes,major_minor_release_count,TRUE,sa,att_dr_group,low,all,att_dr_group
-5,0.060064072529540935,0.1813506850923119,-0.2953832702513904,0.41551141531047225,important_topk_cons5_exact1,rolling5,downstream_outcomes,major_minor_release_count,TRUE,sa,att_dr_group,low,all,att_dr_group
-4,-0.15998996154913406,0.16276884459082797,-0.4790168969471569,0.15903697384888874,important_topk_cons5_exact1,rolling5,downstream_outcomes,major_minor_release_count,TRUE,sa,att_dr_group,low,all,att_dr_group
-3,-0.1862970092156941,0.1502195801748869,-0.4807273863584724,0.10813336792708422,important_topk_cons5_exact1,rolling5,downstream_outcomes,major_minor_release_count,TRUE,sa,att_dr_group,low,all,att_dr_group
-2,-0.016124494281550994,0.1551099492850287,-0.3201399948802072,0.28789100631710524,important_topk_cons5_exact1,rolling5,downstream_outcomes,major_minor_release_count,TRUE,sa,att_dr_group,low,all,att_dr_group
-1,0,0,0,0,important_topk_cons5_exact1,rolling5,downstream_outcomes,major_minor_release_count,TRUE,sa,att_dr_group,low,all,att_dr_group
0,-0.3943965238738081,0.17022820634460878,-0.7280438083092413,-0.0607492394383749,important_topk_cons5_exact1,rolling5,downstream_outcomes,major_minor_release_count,TRUE,sa,att_dr_group,low,all,att_dr_group
1,-0.79769375464788,0.1253644444338046,-1.043408065738137,-0.551979443557623,important_topk_cons5_exact1,rolling5,downstream_outcomes,major_minor_release_count,TRUE,sa,att_dr_group,low,all,att_dr_group
2,-0.861200712807881,0.1373386904086588,-1.1303845460088522,-0.5920168796069099,important_topk_cons5_exact1,rolling5,downstream_outcomes,major_minor_release_count,TRUE,sa,att_dr_group,low,all,att_dr_group
3,-0.9613785951656896,0.14693371045804632,-1.2493686676634603,-0.6733885226679188,important_topk_cons5_exact1,rolling5,downstream_outcomes,major_minor_release_count,TRUE,sa,att_dr_group,low,all,att_dr_group
4,-0.9666962096500133,0.1626478454561681,-1.2854859867441029,-0.6479064325559238,important_topk_cons5_exact1,rolling5,downstream_outcomes,major_minor_release_count,TRUE,sa,att_dr_group,low,all,att_dr_group
5,-0.8483199974140522,0.17136540828279986,-1.18419619764834,-0.5124437971797644,important_topk_cons5_exact1,rolling5,downstream_outcomes,major_minor_release_count,TRUE,sa,att_dr_group,low,all,att_dr_group
6,-1.0239915813579021,0.1779108712706205,-1.3726968890483184,-0.675286273667486,important_topk_cons5_exact1,rolling5,downstream_outcomes,major_minor_release_count,TRUE,sa,att_dr_group,low,all,att_dr_group
7,-0.9491608492935939,0.19671396443023728,-1.334720219576859,-0.5636014790103288,important_topk_cons5_exact1,rolling5,downstream_outcomes,major_minor_release_count,TRUE,sa,att_dr_group,low,all,att_dr_group
8,-1.06866478175378,0.256087971196523,-1.5705972052989652,-0.5667323582085949,important_topk_cons5_exact1,rolling5,downstream_outcomes,major_minor_release_count,TRUE,sa,att_dr_group,low,all,att_dr_group
9,-1.2782099755776568,0.2581178290460035,-1.7841209205078237,-0.77229903064749,important_topk_cons5_exact1,rolling5,downstream_outcomes,major_minor_release_count,TRUE,sa,att_dr_group,low,all,att_dr_group
10,-1.1107080160826726,0.32085388256161856,-1.739581625903445,-0.4818344062619002,important_topk_cons5_exact1,rolling5,downstream_outcomes,major_minor_release_count,TRUE,sa,att_dr_group,low,all,att_dr_group
11,-1.0472084802564976,0.4201511412644962,-1.87070471713491,-0.22371224337808504,important_topk_cons5_exact1,rolling5,downstream_outcomes,major_minor_release_count,TRUE,sa,att_dr_group,low,all,att_dr_group
12,-1.4585985887887456,0.47488600788300356,-2.3893751642394325,-0.5278220133380587,important_topk_cons5_exact1,rolling5,downstream_outcomes,major_minor_release_count,TRUE,sa,att_dr_group,low,all,att_dr_group
-14,-0.24181986141231943,0.25846115230921213,-0.7484037199383753,0.2647639971137364,important_topk_cons5_exact1,rolling5,github_outcomes,pull_request_opened,TRUE,sa,att_dr_group,high,observed,att_dr_group
-13,0.17064790554570664,0.5941277730350273,-0.9938425296029467,1.33513834069436,important_topk_cons5_exact1,rolling5,github_outcomes,pull_request_opened,TRUE,sa,att_dr_group,high,observed,att_dr_group
-12,1.2133142846661085,0.9023381880760328,-0.5552685639629158,2.9818971332951327,important_topk_cons5_exact1,rolling5,github_outcomes,pull_request_opened,TRUE,sa,att_dr_group,high,observed,att_dr_group
-11,0.4222925357302983,0.4117402127822861,-0.3847182813229825,1.229303352783579,important_topk_cons5_exact1,rolling5,github_outcomes,pull_request_opened,TRUE,sa,att_dr_group,high,observed,att_dr_group
-10,0.011238126232726634,0.3776030721462296,-0.7288638951738834,0.7513401476393368,important_topk_cons5_exact1,rolling5,github_outcomes,pull_request_opened,TRUE,sa,att_dr_group,high,observed,att_dr_group
-9,0.2736222194710861,0.49079742644065083,-0.6883407363525895,1.2355851752947618,important_topk_cons5_exact1,rolling5,github_outcomes,pull_request_opened,TRUE,sa,att_dr_group,high,observed,att_dr_group
-8,0.7052943241829711,0.4321681077973619,-0.14175516709985825,1.5523438154658005,important_topk_cons5_exact1,rolling5,github_outcomes,pull_request_opened,TRUE,sa,att_dr_group,high,observed,att_dr_group
-7,0.677536574454945,0.2891084606996356,0.11088399148365924,1.2441891574262307,important_topk_cons5_exact1,rolling5,github_outcomes,pull_request_opened,TRUE,sa,att_dr_group,high,observed,att_dr_group
-6,0.5583291880440377,0.31637216323066464,-0.06176025188806489,1.1784186279761404,important_topk_cons5_exact1,rolling5,github_outcomes,pull_request_opened,TRUE,sa,att_dr_group,high,observed,att_dr_group
-5,0.44236672401401556,0.1841686206163257,0.08139622760601722,0.8033372204220139,important_topk_cons5_exact1,rolling5,github_outcomes,pull_request_opened,TRUE,sa,att_dr_group,high,observed,att_dr_group
-4,0.6796397387322283,0.16571194010265208,0.35484433613103017,1.0044351413334263,important_topk_cons5_exact1,rolling5,github_outcomes,pull_request_opened,TRUE,sa,att_dr_group,high,observed,att_dr_group
-3,0.49281928278515874,0.1475154491549841,0.20368900244138993,0.7819495631289275,important_topk_cons5_exact1,rolling5,github_outcomes,pull_request_opened,TRUE,sa,att_dr_group,high,observed,att_dr_group
-2,0.396751609716459,0.12364460338089087,0.1544081870899129,0.6390950323430051,important_topk_cons5_exact1,rolling5,github_outcomes,pull_request_opened,TRUE,sa,att_dr_group,high,observed,att_dr_group
-1,0,0,0,0,important_topk_cons5_exact1,rolling5,github_outcomes,pull_request_opened,TRUE,sa,att_dr_group,high,observed,att_dr_group
0,0.5863000494194348,0.19323587204950515,0.2075577402024047,0.9650423586364649,important_topk_cons5_exact1,rolling5,github_outcomes,pull_request_opened,TRUE,sa,att_dr_group,high,observed,att_dr_group
1,0.23635202799636737,0.13770400899098573,-0.03354782962596467,0.5062518856186994,important_topk_cons5_exact1,rolling5,github_outcomes,pull_request_opened,TRUE,sa,att_dr_group,high,observed,att_dr_group
2,0.2922238989156103,0.1530168121421918,-0.007689052883085634,0.5921368507143062,important_topk_cons5_exact1,rolling5,github_outcomes,pull_request_opened,TRUE,sa,att_dr_group,high,observed,att_dr_group
3,0.4547487903580819,0.18363379036845456,0.09482656123591099,0.8146710194802529,important_topk_cons5_exact1,rolling5,github_outcomes,pull_request_opened,TRUE,sa,att_dr_group,high,observed,att_dr_group
4,0.4648341382614051,0.19050616014946564,0.09144206436845248,0.8382262121543578,important_topk_cons5_exact1,rolling5,github_outcomes,pull_request_opened,TRUE,sa,att_dr_group,high,observed,att_dr_group
5,0.43494209821448443,0.19130374530718178,0.059986757412408165,0.8098974390165607,important_topk_cons5_exact1,rolling5,github_outcomes,pull_request_opened,TRUE,sa,att_dr_group,high,observed,att_dr_group
6,0.6508880347922605,0.2414915760410866,0.1775645457517308,1.1242115238327903,important_topk_cons5_exact1,rolling5,github_outcomes,pull_request_opened,TRUE,sa,att_dr_group,high,observed,att_dr_group
7,0.3528981598607056,0.21172731145396229,-0.06208737058906044,0.7678836903104717,important_topk_cons5_exact1,rolling5,github_outcomes,pull_request_opened,TRUE,sa,att_dr_group,high,observed,att_dr_group
8,0.17820815996183317,0.2651155823010092,-0.34141838134814484,0.6978347012718111,important_topk_cons5_exact1,rolling5,github_outcomes,pull_request_opened,TRUE,sa,att_dr_group,high,observed,att_dr_group
9,0.3602707335464816,0.2745991566897269,-0.17794361356538307,0.8984850806583462,important_topk_cons5_exact1,rolling5,github_outcomes,pull_request_opened,TRUE,sa,att_dr_group,high,observed,att_dr_group
10,1.0853015233019674,0.809735512533742,-0.5017800812641668,2.672383127868102,important_topk_cons5_exact1,rolling5,github_outcomes,pull_request_opened,TRUE,sa,att_dr_group,high,observed,att_dr_group
11,0.7430962579982789,0.8014100192183504,-0.8276673796696878,2.313859895666246,important_topk_cons5_exact1,rolling5,github_outcomes,pull_request_opened,TRUE,sa,att_dr_group,high,observed,att_dr_group
12,0.23588788489558235,0.6239326085317456,-0.987020027826639,1.4587957976178036,important_topk_cons5_exact1,rolling5,github_outcomes,pull_request_opened,TRUE,sa,att_dr_group,high,observed,att_dr_group
-14,-1.4864347209106579,1.862608746514398,-5.1371478640788775,2.1642784222575617,important_topk_cons5_exact1,rolling5,github_outcomes,pull_request_opened,TRUE,sa,att_dr_group,low,observed,att_dr_group
-13,-2.324914465308197,1.2956799493560462,-4.864447166046048,0.21461823542965375,important_topk_cons5_exact1,rolling5,github_outcomes,pull_request_opened,TRUE,sa,att_dr_group,low,observed,att_dr_group
-12,-0.6640998617086356,0.5801818456289594,-1.801256279141396,0.47305655572412486,important_topk_cons5_exact1,rolling5,github_outcomes,pull_request_opened,TRUE,sa,att_dr_group,low,observed,att_dr_group
-11,-1.0262566721803965,0.4237508300043401,-1.856808298988903,-0.19570504537188993,important_topk_cons5_exact1,rolling5,github_outcomes,pull_request_opened,TRUE,sa,att_dr_group,low,observed,att_dr_group
-10,1.0465952961348841,1.1844459687756077,-1.274918802665307,3.3681093949350753,important_topk_cons5_exact1,rolling5,github_outcomes,pull_request_opened,TRUE,sa,att_dr_group,low,observed,att_dr_group
-9,1.3393884345329972,1.5041548728668515,-1.6087551162860318,4.287531985352026,important_topk_cons5_exact1,rolling5,github_outcomes,pull_request_opened,TRUE,sa,att_dr_group,low,observed,att_dr_group
-8,-0.07642138836565411,0.3414974972616089,-0.7457564829984076,0.5929137062670993,important_topk_cons5_exact1,rolling5,github_outcomes,pull_request_opened,TRUE,sa,att_dr_group,low,observed,att_dr_group
-7,0.36917043389559473,0.3768535375135528,-0.36946249963096883,1.1078033674221583,important_topk_cons5_exact1,rolling5,github_outcomes,pull_request_opened,TRUE,sa,att_dr_group,low,observed,att_dr_group
-6,0.17730884451881487,0.27004874279555446,-0.3519866913604719,0.7066043803981017,important_topk_cons5_exact1,rolling5,github_outcomes,pull_request_opened,TRUE,sa,att_dr_group,low,observed,att_dr_group
-5,0.38976459971375843,0.190380927968803,0.01661798089490457,0.7629112185326123,important_topk_cons5_exact1,rolling5,github_outcomes,pull_request_opened,TRUE,sa,att_dr_group,low,observed,att_dr_group
-4,0.19647208414189926,0.1768410807438862,-0.15013643411611766,0.5430806023999162,important_topk_cons5_exact1,rolling5,github_outcomes,pull_request_opened,TRUE,sa,att_dr_group,low,observed,att_dr_group
-3,-0.09613227482725734,0.15717883964031432,-0.40420280052227336,0.2119382508677587,important_topk_cons5_exact1,rolling5,github_outcomes,pull_request_opened,TRUE,sa,att_dr_group,low,observed,att_dr_group
-2,-0.29548123357710254,0.14198510010838034,-0.573772029789528,-0.01719043736467707,important_topk_cons5_exact1,rolling5,github_outcomes,pull_request_opened,TRUE,sa,att_dr_group,low,observed,att_dr_group
-1,0,0,0,0,important_topk_cons5_exact1,rolling5,github_outcomes,pull_request_opened,TRUE,sa,att_dr_group,low,observed,att_dr_group
0,-1.002052409456591,0.22920165642896503,-1.4512876560573624,-0.5528171628558196,important_topk_cons5_exact1,rolling5,github_outcomes,pull_request_opened,TRUE,sa,att_dr_group,low,observed,att_dr_group
1,-1.813481988158577,0.18949370624357179,-2.1848896523959778,-1.4420743239211764,important_topk_cons5_exact1,rolling5,github_outcomes,pull_request_opened,TRUE,sa,att_dr_group,low,observed,att_dr_group
2,-2.26168243420886,0.22375853121164122,-2.700249155383677,-1.8231157130340432,important_topk_cons5_exact1,rolling5,github_outcomes,pull_request_opened,TRUE,sa,att_dr_group,low,observed,att_dr_group
3,-2.4370049943558576,0.27207541804056934,-2.9702728137153738,-1.9037371749963417,important_topk_cons5_exact1,rolling5,github_outcomes,pull_request_opened,TRUE,sa,att_dr_group,low,observed,att_dr_group
4,-2.7068244910838684,0.3111897786744277,-3.316756457285747,-2.09689252488199,important_topk_cons5_exact1,rolling5,github_outcomes,pull_request_opened,TRUE,sa,att_dr_group,low,observed,att_dr_group
5,-2.717157478424034,0.36313237606936954,-3.4288969355199983,-2.0054180213280697,important_topk_cons5_exact1,rolling5,github_outcomes,pull_request_opened,TRUE,sa,att_dr_group,low,observed,att_dr_group
6,-2.903053545440363,0.4253000859988114,-3.7366417139980332,-2.0694653768826927,important_topk_cons5_exact1,rolling5,github_outcomes,pull_request_opened,TRUE,sa,att_dr_group,low,observed,att_dr_group
7,-3.103553444401648,0.5940407725042938,-4.267873358510064,-1.9392335302932324,important_topk_cons5_exact1,rolling5,github_outcomes,pull_request_opened,TRUE,sa,att_dr_group,low,observed,att_dr_group
8,-3.9441766993184517,0.49269756885049587,-4.909863934265424,-2.9784894643714797,important_topk_cons5_exact1,rolling5,github_outcomes,pull_request_opened,TRUE,sa,att_dr_group,low,observed,att_dr_group
9,-3.735766121177614,0.4981391742477799,-4.712118902703263,-2.7594133396519656,important_topk_cons5_exact1,rolling5,github_outcomes,pull_request_opened,TRUE,sa,att_dr_group,low,observed,att_dr_group
10,-3.6726660417745327,0.5318796186645266,-4.715150094357005,-2.6301819891920606,important_topk_cons5_exact1,rolling5,github_outcomes,pull_request_opened,TRUE,sa,att_dr_group,low,observed,att_dr_group
11,-3.1494100373972973,0.643767079163637,-4.411193512558025,-1.8876265622365689,important_topk_cons5_exact1,rolling5,github_outcomes,pull_request_opened,TRUE,sa,att_dr_group,low,observed,att_dr_group
12,-3.721952990854943,0.7074939827867284,-5.10864119711693,-2.3352647845929555,important_topk_cons5_exact1,rolling5,github_outcomes,pull_request_opened,TRUE,sa,att_dr_group,low,observed,att_dr_group
-14,0.7017148375428041,0.2177254872675294,0.2749728824984464,1.1284567925871616,important_topk_cons5_exact1,rolling5,github_outcomes,pull_request_merged,TRUE,sa,att_dr_group,high,observed,att_dr_group
-13,0.9726188674159234,0.8568125033729893,-0.7067336391951357,2.6519713740269824,important_topk_cons5_exact1,rolling5,github_outcomes,pull_request_merged,TRUE,sa,att_dr_group,high,observed,att_dr_group
-12,1.339056991828949,0.6496163424878424,0.06580896055277785,2.61230502310512,important_topk_cons5_exact1,rolling5,github_outcomes,pull_request_merged,TRUE,sa,att_dr_group,high,observed,att_dr_group
-11,0.6882239264712088,0.4806333653338842,-0.25381746958320417,1.6302653225256218,important_topk_cons5_exact1,rolling5,github_outcomes,pull_request_merged,TRUE,sa,att_dr_group,high,observed,att_dr_group
-10,1.026223807109188,0.8275188755059597,-0.5957131888824929,2.648160803100869,important_topk_cons5_exact1,rolling5,github_outcomes,pull_request_merged,TRUE,sa,att_dr_group,high,observed,att_dr_group
-9,0.44060209725891236,0.4183892201238981,-0.3794407741839279,1.2606449687017527,important_topk_cons5_exact1,rolling5,github_outcomes,pull_request_merged,TRUE,sa,att_dr_group,high,observed,att_dr_group
-8,0.6958453606999727,0.35924215379093205,-0.008269260730254135,1.3999599821301996,important_topk_cons5_exact1,rolling5,github_outcomes,pull_request_merged,TRUE,sa,att_dr_group,high,observed,att_dr_group
-7,0.9441542135911658,0.3246138284425309,0.3079111098438052,1.5803973173385264,important_topk_cons5_exact1,rolling5,github_outcomes,pull_request_merged,TRUE,sa,att_dr_group,high,observed,att_dr_group
-6,0.7165710997347153,0.32638046445609936,0.0768653894007606,1.3562768100686702,important_topk_cons5_exact1,rolling5,github_outcomes,pull_request_merged,TRUE,sa,att_dr_group,high,observed,att_dr_group
-5,0.4010152499942976,0.18787833388297687,0.03277371558366293,0.7692567844049323,important_topk_cons5_exact1,rolling5,github_outcomes,pull_request_merged,TRUE,sa,att_dr_group,high,observed,att_dr_group
-4,0.826219027063043,0.17155018309026412,0.4899806682061253,1.1624573859199607,important_topk_cons5_exact1,rolling5,github_outcomes,pull_request_merged,TRUE,sa,att_dr_group,high,observed,att_dr_group
-3,0.5757583825841078,0.13591071564530496,0.30937337991931013,0.8421433852489055,important_topk_cons5_exact1,rolling5,github_outcomes,pull_request_merged,TRUE,sa,att_dr_group,high,observed,att_dr_group
-2,0.5382136595397057,0.12406200887390981,0.29505212214684245,0.7813751969325688,important_topk_cons5_exact1,rolling5,github_outcomes,pull_request_merged,TRUE,sa,att_dr_group,high,observed,att_dr_group
-1,0,0,0,0,important_topk_cons5_exact1,rolling5,github_outcomes,pull_request_merged,TRUE,sa,att_dr_group,high,observed,att_dr_group
0,0.5944885084550975,0.1865627896602764,0.22882544072095573,0.9601515761892392,important_topk_cons5_exact1,rolling5,github_outcomes,pull_request_merged,TRUE,sa,att_dr_group,high,observed,att_dr_group
1,0.371428637176359,0.15923282381060902,0.059332302507565327,0.6835249718451526,important_topk_cons5_exact1,rolling5,github_outcomes,pull_request_merged,TRUE,sa,att_dr_group,high,observed,att_dr_group
2,0.4609841735184954,0.14253756665770584,0.181610542869392,0.7403578041675989,important_topk_cons5_exact1,rolling5,github_outcomes,pull_request_merged,TRUE,sa,att_dr_group,high,observed,att_dr_group
3,0.8393674092423558,0.19483446508672667,0.4574918576723715,1.22124296081234,important_topk_cons5_exact1,rolling5,github_outcomes,pull_request_merged,TRUE,sa,att_dr_group,high,observed,att_dr_group
4,0.7082043487585825,0.17869436033708058,0.3579634024979046,1.0584452950192604,important_topk_cons5_exact1,rolling5,github_outcomes,pull_request_merged,TRUE,sa,att_dr_group,high,observed,att_dr_group
5,0.6324442949605847,0.17822699477180678,0.28311938520784347,0.981769204713326,important_topk_cons5_exact1,rolling5,github_outcomes,pull_request_merged,TRUE,sa,att_dr_group,high,observed,att_dr_group
6,0.7912024124775557,0.21631328125180446,0.367228381224019,1.2151764437310923,important_topk_cons5_exact1,rolling5,github_outcomes,pull_request_merged,TRUE,sa,att_dr_group,high,observed,att_dr_group
7,0.5764734705991743,0.22939627437949345,0.12685677281536717,1.0260901683829815,important_topk_cons5_exact1,rolling5,github_outcomes,pull_request_merged,TRUE,sa,att_dr_group,high,observed,att_dr_group
8,0.546342765867711,0.262469378087781,0.031902784815660334,1.0607827469197617,important_topk_cons5_exact1,rolling5,github_outcomes,pull_request_merged,TRUE,sa,att_dr_group,high,observed,att_dr_group
9,0.5341781106509064,0.2675981076561655,0.009685819644822069,1.0586704016569906,important_topk_cons5_exact1,rolling5,github_outcomes,pull_request_merged,TRUE,sa,att_dr_group,high,observed,att_dr_group
10,1.0472609090785512,0.44134480714220875,0.1822250870798221,1.9122967310772803,important_topk_cons5_exact1,rolling5,github_outcomes,pull_request_merged,TRUE,sa,att_dr_group,high,observed,att_dr_group
11,0.8083591632919307,0.8174291279278708,-0.7938019274466961,2.4105202540305575,important_topk_cons5_exact1,rolling5,github_outcomes,pull_request_merged,TRUE,sa,att_dr_group,high,observed,att_dr_group
12,0.39703181174625685,0.7410429032691708,-1.0554122786613178,1.8494759021538314,important_topk_cons5_exact1,rolling5,github_outcomes,pull_request_merged,TRUE,sa,att_dr_group,high,observed,att_dr_group
-14,0.03315129632565725,0.858217461997503,-1.6489549291894487,1.7152575218407633,important_topk_cons5_exact1,rolling5,github_outcomes,pull_request_merged,TRUE,sa,att_dr_group,low,observed,att_dr_group
-13,-0.8861742616052745,0.532606737978571,-1.9300834680432737,0.15773494483272488,important_topk_cons5_exact1,rolling5,github_outcomes,pull_request_merged,TRUE,sa,att_dr_group,low,observed,att_dr_group
-12,-0.5244736504210221,0.44156489377742797,-1.3899408422247808,0.34099354138273663,important_topk_cons5_exact1,rolling5,github_outcomes,pull_request_merged,TRUE,sa,att_dr_group,low,observed,att_dr_group
-11,-0.8976222246292938,0.38452598929627296,-1.6512931636499888,-0.1439512856085987,important_topk_cons5_exact1,rolling5,github_outcomes,pull_request_merged,TRUE,sa,att_dr_group,low,observed,att_dr_group
-10,0.18385928428794046,0.7114788430909615,-1.210639248170344,1.578357816746225,important_topk_cons5_exact1,rolling5,github_outcomes,pull_request_merged,TRUE,sa,att_dr_group,low,observed,att_dr_group
-9,-0.1771519315379376,0.5080550589864953,-1.1729398471514683,0.8186359840755931,important_topk_cons5_exact1,rolling5,github_outcomes,pull_request_merged,TRUE,sa,att_dr_group,low,observed,att_dr_group
-8,-0.2349750044714501,0.4113282404223034,-1.0411783556991647,0.5712283467562647,important_topk_cons5_exact1,rolling5,github_outcomes,pull_request_merged,TRUE,sa,att_dr_group,low,observed,att_dr_group
-7,0.1696098151266345,0.42882526447361957,-0.6708877032416598,1.0101073334949289,important_topk_cons5_exact1,rolling5,github_outcomes,pull_request_merged,TRUE,sa,att_dr_group,low,observed,att_dr_group
-6,0.033839517807797176,0.27746491256775463,-0.5099917108250019,0.5776707464405962,important_topk_cons5_exact1,rolling5,github_outcomes,pull_request_merged,TRUE,sa,att_dr_group,low,observed,att_dr_group
-5,0.2371787738258861,0.2014557471362187,-0.15767449056110255,0.6320320382128748,important_topk_cons5_exact1,rolling5,github_outcomes,pull_request_merged,TRUE,sa,att_dr_group,low,observed,att_dr_group
-4,0.09126728872002837,0.18557126854788575,-0.27245239763382767,0.4549869750738844,important_topk_cons5_exact1,rolling5,github_outcomes,pull_request_merged,TRUE,sa,att_dr_group,low,observed,att_dr_group
-3,-0.13996814350083425,0.16527229683899336,-0.46390184530526124,0.18396555830359274,important_topk_cons5_exact1,rolling5,github_outcomes,pull_request_merged,TRUE,sa,att_dr_group,low,observed,att_dr_group
-2,-0.23183271311956236,0.1429835170848151,-0.5120804066058,0.04841498036667527,important_topk_cons5_exact1,rolling5,github_outcomes,pull_request_merged,TRUE,sa,att_dr_group,low,observed,att_dr_group
-1,0,0,0,0,important_topk_cons5_exact1,rolling5,github_outcomes,pull_request_merged,TRUE,sa,att_dr_group,low,observed,att_dr_group
0,-1.0579261123039077,0.22148276563777852,-1.4920323329539535,-0.6238198916538618,important_topk_cons5_exact1,rolling5,github_outcomes,pull_request_merged,TRUE,sa,att_dr_group,low,observed,att_dr_group
1,-2.013496699150867,0.19841918143784118,-2.4023982947690357,-1.6245951035326982,important_topk_cons5_exact1,rolling5,github_outcomes,pull_request_merged,TRUE,sa,att_dr_group,low,observed,att_dr_group
2,-2.357988910574808,0.23778684709420544,-2.8240511308794507,-1.8919266902701655,important_topk_cons5_exact1,rolling5,github_outcomes,pull_request_merged,TRUE,sa,att_dr_group,low,observed,att_dr_group
3,-2.577338339592141,0.29737296702529836,-3.160189354961726,-1.9944873242225563,important_topk_cons5_exact1,rolling5,github_outcomes,pull_request_merged,TRUE,sa,att_dr_group,low,observed,att_dr_group
4,-2.9773855856550933,0.3921453311543841,-3.7459904347176862,-2.2087807365925003,important_topk_cons5_exact1,rolling5,github_outcomes,pull_request_merged,TRUE,sa,att_dr_group,low,observed,att_dr_group
5,-3.0710647993935396,0.4803793185564241,-4.012608263764131,-2.1295213350229485,important_topk_cons5_exact1,rolling5,github_outcomes,pull_request_merged,TRUE,sa,att_dr_group,low,observed,att_dr_group
6,-3.392787017467554,0.5874348899734817,-4.544159401815578,-2.24141463311953,important_topk_cons5_exact1,rolling5,github_outcomes,pull_request_merged,TRUE,sa,att_dr_group,low,observed,att_dr_group
7,-3.1377910436932996,1.0110917817875815,-5.119530935996959,-1.1560511513896399,important_topk_cons5_exact1,rolling5,github_outcomes,pull_request_merged,TRUE,sa,att_dr_group,low,observed,att_dr_group
8,-4.208239354549775,0.690505573926936,-5.56163027944657,-2.8548484296529804,important_topk_cons5_exact1,rolling5,github_outcomes,pull_request_merged,TRUE,sa,att_dr_group,low,observed,att_dr_group
9,-4.250049962257199,0.733682487460474,-5.688067637679728,-2.81203228683467,important_topk_cons5_exact1,rolling5,github_outcomes,pull_request_merged,TRUE,sa,att_dr_group,low,observed,att_dr_group
10,-3.9944074297633554,0.7539095792390199,-5.472070205071835,-2.516744654454876,important_topk_cons5_exact1,rolling5,github_outcomes,pull_request_merged,TRUE,sa,att_dr_group,low,observed,att_dr_group
11,-3.933310697204033,0.9062877251953879,-5.709634638586993,-2.1569867558210722,important_topk_cons5_exact1,rolling5,github_outcomes,pull_request_merged,TRUE,sa,att_dr_group,low,observed,att_dr_group
12,-4.212295259355595,0.9364773798484157,-6.047790923858489,-2.3767995948527,important_topk_cons5_exact1,rolling5,github_outcomes,pull_request_merged,TRUE,sa,att_dr_group,low,observed,att_dr_group
-14,0.5598141554946326,0.3538755631208903,-0.13378194822231237,1.2534102592115777,important_topk_cons5_exact1,rolling5,downstream_outcomes,overall_new_release_count,TRUE,sa,att_dr_group,high,observed,att_dr_group
-13,-0.5543601330893678,0.4767296530925114,-1.4887502531506902,0.38002998697195456,important_topk_cons5_exact1,rolling5,downstream_outcomes,overall_new_release_count,TRUE,sa,att_dr_group,high,observed,att_dr_group
-12,-0.22015691819193517,0.402942725619273,-1.0099246604057104,0.5696108240218399,important_topk_cons5_exact1,rolling5,downstream_outcomes,overall_new_release_count,TRUE,sa,att_dr_group,high,observed,att_dr_group
-11,0.18222826557596772,0.3100759353935886,-0.4255205677954659,0.7899770989474013,important_topk_cons5_exact1,rolling5,downstream_outcomes,overall_new_release_count,TRUE,sa,att_dr_group,high,observed,att_dr_group
-10,0.37382473624114854,0.26303928278961863,-0.14173225802650402,0.8893817305088011,important_topk_cons5_exact1,rolling5,downstream_outcomes,overall_new_release_count,TRUE,sa,att_dr_group,high,observed,att_dr_group
-9,0.3204569589252962,0.3164461536691248,-0.29977750226618843,0.9406914201167809,important_topk_cons5_exact1,rolling5,downstream_outcomes,overall_new_release_count,TRUE,sa,att_dr_group,high,observed,att_dr_group
-8,0.1939322357855232,0.2826033440553699,-0.35997031856300177,0.7478347901340482,important_topk_cons5_exact1,rolling5,downstream_outcomes,overall_new_release_count,TRUE,sa,att_dr_group,high,observed,att_dr_group
-7,0.44841509670767504,0.20926527305937073,0.03825516151130842,0.8585750319040417,important_topk_cons5_exact1,rolling5,downstream_outcomes,overall_new_release_count,TRUE,sa,att_dr_group,high,observed,att_dr_group
-6,0.3526829907891144,0.2991026993449306,-0.2335582999269496,0.9389242815051784,important_topk_cons5_exact1,rolling5,downstream_outcomes,overall_new_release_count,TRUE,sa,att_dr_group,high,observed,att_dr_group
-5,0.26602454077794613,0.17676469714409307,-0.08043426562447631,0.6124833471803686,important_topk_cons5_exact1,rolling5,downstream_outcomes,overall_new_release_count,TRUE,sa,att_dr_group,high,observed,att_dr_group
-4,0.4710714003954217,0.16205761810415145,0.15343846891128488,0.7887043318795586,important_topk_cons5_exact1,rolling5,downstream_outcomes,overall_new_release_count,TRUE,sa,att_dr_group,high,observed,att_dr_group
-3,0.3129916206832686,0.1585969100389135,0.002141677006998133,0.623841564359539,important_topk_cons5_exact1,rolling5,downstream_outcomes,overall_new_release_count,TRUE,sa,att_dr_group,high,observed,att_dr_group
-2,0.5082810820783994,0.15816704295139739,0.19827367789366052,0.8182884862631383,important_topk_cons5_exact1,rolling5,downstream_outcomes,overall_new_release_count,TRUE,sa,att_dr_group,high,observed,att_dr_group
-1,0,0,0,0,important_topk_cons5_exact1,rolling5,downstream_outcomes,overall_new_release_count,TRUE,sa,att_dr_group,high,observed,att_dr_group
0,0.6412944069660509,0.37589771297742713,-0.0954651104697063,1.378053924401808,important_topk_cons5_exact1,rolling5,downstream_outcomes,overall_new_release_count,TRUE,sa,att_dr_group,high,observed,att_dr_group
1,0.17922099638480085,0.2734076427341088,-0.3566579833740524,0.7150999761436541,important_topk_cons5_exact1,rolling5,downstream_outcomes,overall_new_release_count,TRUE,sa,att_dr_group,high,observed,att_dr_group
2,0.5914760629221114,0.387485074820238,-0.16799468372555504,1.3509468095697779,important_topk_cons5_exact1,rolling5,downstream_outcomes,overall_new_release_count,TRUE,sa,att_dr_group,high,observed,att_dr_group
3,0.7324175945817029,0.3655525544912299,0.01593458777889223,1.4489006013845134,important_topk_cons5_exact1,rolling5,downstream_outcomes,overall_new_release_count,TRUE,sa,att_dr_group,high,observed,att_dr_group
4,0.3640458683271193,0.2186473976296014,-0.06450303102689942,0.792594767681138,important_topk_cons5_exact1,rolling5,downstream_outcomes,overall_new_release_count,TRUE,sa,att_dr_group,high,observed,att_dr_group
5,0.45030761260763164,0.26359540866329423,-0.06633938837242503,0.9669546135876883,important_topk_cons5_exact1,rolling5,downstream_outcomes,overall_new_release_count,TRUE,sa,att_dr_group,high,observed,att_dr_group
6,0.4961598421037615,0.3103800845432697,-0.11218512360104715,1.1045048078085702,important_topk_cons5_exact1,rolling5,downstream_outcomes,overall_new_release_count,TRUE,sa,att_dr_group,high,observed,att_dr_group
7,0.641697691595676,0.41880983039506187,-0.17916957597864525,1.4625649591699972,important_topk_cons5_exact1,rolling5,downstream_outcomes,overall_new_release_count,TRUE,sa,att_dr_group,high,observed,att_dr_group
8,0.37830081752398326,0.3789546488478696,-0.36445029421784114,1.1210519292658077,important_topk_cons5_exact1,rolling5,downstream_outcomes,overall_new_release_count,TRUE,sa,att_dr_group,high,observed,att_dr_group
9,0.40717766861010724,0.4789862943916996,-0.5316354683976239,1.3459908056178385,important_topk_cons5_exact1,rolling5,downstream_outcomes,overall_new_release_count,TRUE,sa,att_dr_group,high,observed,att_dr_group
10,0.5470824296851196,0.35992574331532345,-0.15837202721291443,1.2525368865831537,important_topk_cons5_exact1,rolling5,downstream_outcomes,overall_new_release_count,TRUE,sa,att_dr_group,high,observed,att_dr_group
11,0.08145949383767487,0.5245872278118144,-0.9467314726734815,1.1096504603488313,important_topk_cons5_exact1,rolling5,downstream_outcomes,overall_new_release_count,TRUE,sa,att_dr_group,high,observed,att_dr_group
12,-0.3164947102825213,0.4262594497042177,-1.151963231702788,0.5189738111377453,important_topk_cons5_exact1,rolling5,downstream_outcomes,overall_new_release_count,TRUE,sa,att_dr_group,high,observed,att_dr_group
-14,0.12010910021923865,0.22124230006421405,-0.3135258079066209,0.5537440083450982,important_topk_cons5_exact1,rolling5,downstream_outcomes,overall_new_release_count,TRUE,sa,att_dr_group,low,observed,att_dr_group
-13,0.12300043765395353,0.21751181720708104,-0.30332272407192534,0.5493235993798324,important_topk_cons5_exact1,rolling5,downstream_outcomes,overall_new_release_count,TRUE,sa,att_dr_group,low,observed,att_dr_group
-12,0.2796819342967608,0.20500892257153716,-0.12213555394345205,0.6814994225369737,important_topk_cons5_exact1,rolling5,downstream_outcomes,overall_new_release_count,TRUE,sa,att_dr_group,low,observed,att_dr_group
-11,0.09584581011745955,0.20233028885109697,-0.3007215560306905,0.49241317626560954,important_topk_cons5_exact1,rolling5,downstream_outcomes,overall_new_release_count,TRUE,sa,att_dr_group,low,observed,att_dr_group
-10,0.11189341427808772,0.181526456892969,-0.24389844123213153,0.46768526978830693,important_topk_cons5_exact1,rolling5,downstream_outcomes,overall_new_release_count,TRUE,sa,att_dr_group,low,observed,att_dr_group
-9,-0.22306340856719037,0.21878594381978303,-0.6518838584539651,0.2057570413195844,important_topk_cons5_exact1,rolling5,downstream_outcomes,overall_new_release_count,TRUE,sa,att_dr_group,low,observed,att_dr_group
-8,-0.1740327348682394,0.25474835957202374,-0.6733395196294059,0.32527404989292713,important_topk_cons5_exact1,rolling5,downstream_outcomes,overall_new_release_count,TRUE,sa,att_dr_group,low,observed,att_dr_group
-7,-0.23884542827331287,0.19094940231816918,-0.6131062568169244,0.13541540027029872,important_topk_cons5_exact1,rolling5,downstream_outcomes,overall_new_release_count,TRUE,sa,att_dr_group,low,observed,att_dr_group
-6,0.05680984711846468,0.26910296856079163,-0.4706319712606869,0.5842516654976163,important_topk_cons5_exact1,rolling5,downstream_outcomes,overall_new_release_count,TRUE,sa,att_dr_group,low,observed,att_dr_group
-5,0.23955914309485574,0.1673040501168138,-0.0883567951340993,0.5674750813238107,important_topk_cons5_exact1,rolling5,downstream_outcomes,overall_new_release_count,TRUE,sa,att_dr_group,low,observed,att_dr_group
-4,0.01569104379766259,0.14783053780835953,-0.27405681030672213,0.30543889790204726,important_topk_cons5_exact1,rolling5,downstream_outcomes,overall_new_release_count,TRUE,sa,att_dr_group,low,observed,att_dr_group
-3,-0.14373456090246625,0.14766809294846367,-0.4331640230814551,0.14569490127652254,important_topk_cons5_exact1,rolling5,downstream_outcomes,overall_new_release_count,TRUE,sa,att_dr_group,low,observed,att_dr_group
-2,-0.1319656006360811,0.14636008826902994,-0.41883137364337975,0.15490017237121756,important_topk_cons5_exact1,rolling5,downstream_outcomes,overall_new_release_count,TRUE,sa,att_dr_group,low,observed,att_dr_group
-1,0,0,0,0,important_topk_cons5_exact1,rolling5,downstream_outcomes,overall_new_release_count,TRUE,sa,att_dr_group,low,observed,att_dr_group
0,-0.5680601399683672,0.16508316981375087,-0.8916231528033189,-0.24449712713341554,important_topk_cons5_exact1,rolling5,downstream_outcomes,overall_new_release_count,TRUE,sa,att_dr_group,low,observed,att_dr_group
1,-1.0502890270208733,0.1588368234264081,-1.3616092009366332,-0.7389688531051135,important_topk_cons5_exact1,rolling5,downstream_outcomes,overall_new_release_count,TRUE,sa,att_dr_group,low,observed,att_dr_group
2,-1.1820556119393442,0.14054096625817425,-1.4575159058053657,-0.9065953180733226,important_topk_cons5_exact1,rolling5,downstream_outcomes,overall_new_release_count,TRUE,sa,att_dr_group,low,observed,att_dr_group
3,-1.2419492295037424,0.1602963296484065,-1.5561300356146193,-0.9277684233928657,important_topk_cons5_exact1,rolling5,downstream_outcomes,overall_new_release_count,TRUE,sa,att_dr_group,low,observed,att_dr_group
4,-1.2105233845092975,0.16314875269209586,-1.5302949397858054,-0.8907518292327896,important_topk_cons5_exact1,rolling5,downstream_outcomes,overall_new_release_count,TRUE,sa,att_dr_group,low,observed,att_dr_group
5,-0.9529338278983006,0.19485058089982743,-1.3348409664619623,-0.5710266893346388,important_topk_cons5_exact1,rolling5,downstream_outcomes,overall_new_release_count,TRUE,sa,att_dr_group,low,observed,att_dr_group
6,-1.1038246030287464,0.19189273990690064,-1.4799343732462718,-0.7277148328112212,important_topk_cons5_exact1,rolling5,downstream_outcomes,overall_new_release_count,TRUE,sa,att_dr_group,low,observed,att_dr_group
7,-1.0141415220995862,0.19217393084506543,-1.3908024265559145,-0.6374806176432579,important_topk_cons5_exact1,rolling5,downstream_outcomes,overall_new_release_count,TRUE,sa,att_dr_group,low,observed,att_dr_group
8,-1.0324367419851657,0.2409647847660915,-1.504727720126705,-0.5601457638436262,important_topk_cons5_exact1,rolling5,downstream_outcomes,overall_new_release_count,TRUE,sa,att_dr_group,low,observed,att_dr_group
9,-0.9550530993348403,0.2287219103149346,-1.4033480435521122,-0.5067581551175684,important_topk_cons5_exact1,rolling5,downstream_outcomes,overall_new_release_count,TRUE,sa,att_dr_group,low,observed,att_dr_group
10,-0.8973568766223662,0.2725815284096343,-1.4316166723052492,-0.363097080939483,important_topk_cons5_exact1,rolling5,downstream_outcomes,overall_new_release_count,TRUE,sa,att_dr_group,low,observed,att_dr_group
11,-0.7391124072415359,0.3956006074266731,-1.514489597797815,0.036264783314743254,important_topk_cons5_exact1,rolling5,downstream_outcomes,overall_new_release_count,TRUE,sa,att_dr_group,low,observed,att_dr_group
12,-0.8443758319369716,0.45393890941019005,-1.734096094380944,0.04534443050700088,important_topk_cons5_exact1,rolling5,downstream_outcomes,overall_new_release_count,TRUE,sa,att_dr_group,low,observed,att_dr_group
-14,0.5532561205441695,0.263261478636073,0.03726362241746639,1.0692486186708727,important_topk_cons5_exact1,rolling5,downstream_outcomes,major_minor_release_count,TRUE,sa,att_dr_group,high,observed,att_dr_group
-13,-0.19377323701416632,0.29302452571701953,-0.7681013074195246,0.38055483339119195,important_topk_cons5_exact1,rolling5,downstream_outcomes,major_minor_release_count,TRUE,sa,att_dr_group,high,observed,att_dr_group
-12,0.048664709205360465,0.22575263007427487,-0.3938104457402183,0.49113986415093924,important_topk_cons5_exact1,rolling5,downstream_outcomes,major_minor_release_count,TRUE,sa,att_dr_group,high,observed,att_dr_group
-11,0.17190201780654218,0.1684144836713961,-0.1581903701893942,0.5019944058024786,important_topk_cons5_exact1,rolling5,downstream_outcomes,major_minor_release_count,TRUE,sa,att_dr_group,high,observed,att_dr_group
-10,0.2946613383002801,0.14363901654698258,0.013128865868194228,0.5761938107323659,important_topk_cons5_exact1,rolling5,downstream_outcomes,major_minor_release_count,TRUE,sa,att_dr_group,high,observed,att_dr_group
-9,0.36301390065087824,0.23771875428959527,-0.10291485775672848,0.828942659058485,important_topk_cons5_exact1,rolling5,downstream_outcomes,major_minor_release_count,TRUE,sa,att_dr_group,high,observed,att_dr_group
-8,0.20770901992328633,0.2479012127951896,-0.27817735715528524,0.6935953970018579,important_topk_cons5_exact1,rolling5,downstream_outcomes,major_minor_release_count,TRUE,sa,att_dr_group,high,observed,att_dr_group
-7,0.2445848655080761,0.21276623519362262,-0.1724369554714242,0.6616066864875764,important_topk_cons5_exact1,rolling5,downstream_outcomes,major_minor_release_count,TRUE,sa,att_dr_group,high,observed,att_dr_group
-6,0.012542545946042441,0.21800312199345073,-0.414743573161121,0.43982866505320584,important_topk_cons5_exact1,rolling5,downstream_outcomes,major_minor_release_count,TRUE,sa,att_dr_group,high,observed,att_dr_group
-5,0.23573405705425352,0.17157594192662903,-0.10055478912193941,0.5720229032304465,important_topk_cons5_exact1,rolling5,downstream_outcomes,major_minor_release_count,TRUE,sa,att_dr_group,high,observed,att_dr_group
-4,0.3025824415852769,0.16295893947690532,-0.016817079789457512,0.6219819629600114,important_topk_cons5_exact1,rolling5,downstream_outcomes,major_minor_release_count,TRUE,sa,att_dr_group,high,observed,att_dr_group
-3,0.0986187367905179,0.14219404651344225,-0.18008159437582888,0.3773190679568647,important_topk_cons5_exact1,rolling5,downstream_outcomes,major_minor_release_count,TRUE,sa,att_dr_group,high,observed,att_dr_group
-2,0.3026335326888945,0.1553965427863975,-0.0019436911724446393,0.6072107565502336,important_topk_cons5_exact1,rolling5,downstream_outcomes,major_minor_release_count,TRUE,sa,att_dr_group,high,observed,att_dr_group
-1,0,0,0,0,important_topk_cons5_exact1,rolling5,downstream_outcomes,major_minor_release_count,TRUE,sa,att_dr_group,high,observed,att_dr_group
0,0.34726699007833084,0.22147097519359898,-0.08681612130112315,0.7813501014577848,important_topk_cons5_exact1,rolling5,downstream_outcomes,major_minor_release_count,TRUE,sa,att_dr_group,high,observed,att_dr_group
1,-0.03923987816926236,0.13365499026592745,-0.3012036590904802,0.22272390275195544,important_topk_cons5_exact1,rolling5,downstream_outcomes,major_minor_release_count,TRUE,sa,att_dr_group,high,observed,att_dr_group
2,0.08186577988685854,0.174052882135593,-0.2592778690989037,0.42300942887262083,important_topk_cons5_exact1,rolling5,downstream_outcomes,major_minor_release_count,TRUE,sa,att_dr_group,high,observed,att_dr_group
3,0.5279492521499528,0.3059256560495634,-0.07166503370719146,1.127563538007097,important_topk_cons5_exact1,rolling5,downstream_outcomes,major_minor_release_count,TRUE,sa,att_dr_group,high,observed,att_dr_group
4,-0.009646533579066826,0.12283522187815167,-0.2504035684602441,0.23111050130211044,important_topk_cons5_exact1,rolling5,downstream_outcomes,major_minor_release_count,TRUE,sa,att_dr_group,high,observed,att_dr_group
5,0.1599386162366244,0.1553634779229128,-0.14457380049228472,0.4644510329655335,important_topk_cons5_exact1,rolling5,downstream_outcomes,major_minor_release_count,TRUE,sa,att_dr_group,high,observed,att_dr_group
6,0.2643170095158781,0.24568807551087923,-0.2172316184854452,0.7458656375172015,important_topk_cons5_exact1,rolling5,downstream_outcomes,major_minor_release_count,TRUE,sa,att_dr_group,high,observed,att_dr_group
7,0.39740791996017155,0.3363689208514014,-0.2618751649085752,1.0566910048289184,important_topk_cons5_exact1,rolling5,downstream_outcomes,major_minor_release_count,TRUE,sa,att_dr_group,high,observed,att_dr_group
8,0.09974498472602883,0.22662349170654617,-0.3444370590188017,0.5439270284708593,important_topk_cons5_exact1,rolling5,downstream_outcomes,major_minor_release_count,TRUE,sa,att_dr_group,high,observed,att_dr_group
9,0.15673202699607253,0.31368324384735297,-0.45808713094473924,0.7715511849368843,important_topk_cons5_exact1,rolling5,downstream_outcomes,major_minor_release_count,TRUE,sa,att_dr_group,high,observed,att_dr_group
10,0.2000043795318518,0.4740077256970503,-0.7290507628343668,1.1290595218980704,important_topk_cons5_exact1,rolling5,downstream_outcomes,major_minor_release_count,TRUE,sa,att_dr_group,high,observed,att_dr_group
11,0.09707320184295304,0.6564672243845432,-1.1896025579507516,1.3837489616366576,important_topk_cons5_exact1,rolling5,downstream_outcomes,major_minor_release_count,TRUE,sa,att_dr_group,high,observed,att_dr_group
12,0.08108032810915154,0.7590571923490782,-1.4066717688950419,1.5688324251133448,important_topk_cons5_exact1,rolling5,downstream_outcomes,major_minor_release_count,TRUE,sa,att_dr_group,high,observed,att_dr_group
-14,0.2732825996449596,0.25226678006965025,-0.2211602892915549,0.7677254885814742,important_topk_cons5_exact1,rolling5,downstream_outcomes,major_minor_release_count,TRUE,sa,att_dr_group,low,observed,att_dr_group
-13,0.25604257910405437,0.24878023537318184,-0.23156668222738203,0.7436518404354908,important_topk_cons5_exact1,rolling5,downstream_outcomes,major_minor_release_count,TRUE,sa,att_dr_group,low,observed,att_dr_group
-12,0.26023909334677553,0.18318983114678922,-0.09881297570093134,0.6192911623944823,important_topk_cons5_exact1,rolling5,downstream_outcomes,major_minor_release_count,TRUE,sa,att_dr_group,low,observed,att_dr_group
-11,0.06392071545780756,0.1721159545868412,-0.27342655553240114,0.4012679864480163,important_topk_cons5_exact1,rolling5,downstream_outcomes,major_minor_release_count,TRUE,sa,att_dr_group,low,observed,att_dr_group
-10,-0.05010996178886243,0.14824282568258765,-0.34066590012673426,0.24044597654900937,important_topk_cons5_exact1,rolling5,downstream_outcomes,major_minor_release_count,TRUE,sa,att_dr_group,low,observed,att_dr_group
-9,-0.24618283929181972,0.17541173667560117,-0.589989843175998,0.09762416459235856,important_topk_cons5_exact1,rolling5,downstream_outcomes,major_minor_release_count,TRUE,sa,att_dr_group,low,observed,att_dr_group
-8,-0.26583977155721616,0.19654865502657304,-0.6510751354092993,0.11939559229486696,important_topk_cons5_exact1,rolling5,downstream_outcomes,major_minor_release_count,TRUE,sa,att_dr_group,low,observed,att_dr_group
-7,-0.3896908046952412,0.1844305934891691,-0.7511747679340126,-0.02820684145646979,important_topk_cons5_exact1,rolling5,downstream_outcomes,major_minor_release_count,TRUE,sa,att_dr_group,low,observed,att_dr_group
-6,-0.1120129671924988,0.24149896643917568,-0.5853509414132831,0.3613250070282855,important_topk_cons5_exact1,rolling5,downstream_outcomes,major_minor_release_count,TRUE,sa,att_dr_group,low,observed,att_dr_group
-5,-0.09524950161063994,0.1600032226971451,-0.4088558180970443,0.21835681487576442,important_topk_cons5_exact1,rolling5,downstream_outcomes,major_minor_release_count,TRUE,sa,att_dr_group,low,observed,att_dr_group
-4,-0.23917798542568558,0.15211758555829547,-0.5373284531199447,0.058972482268573545,important_topk_cons5_exact1,rolling5,downstream_outcomes,major_minor_release_count,TRUE,sa,att_dr_group,low,observed,att_dr_group
-3,-0.26546823718991,0.14521488484151157,-0.5500894114792727,0.019152937099452705,important_topk_cons5_exact1,rolling5,downstream_outcomes,major_minor_release_count,TRUE,sa,att_dr_group,low,observed,att_dr_group
-2,-0.07163133857225415,0.1520763393598718,-0.36970096371760286,0.2264382865730946,important_topk_cons5_exact1,rolling5,downstream_outcomes,major_minor_release_count,TRUE,sa,att_dr_group,low,observed,att_dr_group
-1,0,0,0,0,important_topk_cons5_exact1,rolling5,downstream_outcomes,major_minor_release_count,TRUE,sa,att_dr_group,low,observed,att_dr_group
0,-0.37386683354905353,0.17580840954167962,-0.7184513162507455,-0.02928235084736147,important_topk_cons5_exact1,rolling5,downstream_outcomes,major_minor_release_count,TRUE,sa,att_dr_group,low,observed,att_dr_group
1,-0.8232184247170075,0.1265549927739809,-1.07126621055401,-0.5751706388800049,important_topk_cons5_exact1,rolling5,downstream_outcomes,major_minor_release_count,TRUE,sa,att_dr_group,low,observed,att_dr_group
2,-0.8747802198863934,0.11956496991896846,-1.1091275609275717,-0.6404328788452153,important_topk_cons5_exact1,rolling5,downstream_outcomes,major_minor_release_count,TRUE,sa,att_dr_group,low,observed,att_dr_group
3,-0.9695014730459408,0.13733812143506635,-1.2386841910586708,-0.7003187550332108,important_topk_cons5_exact1,rolling5,downstream_outcomes,major_minor_release_count,TRUE,sa,att_dr_group,low,observed,att_dr_group
4,-0.9725897973012759,0.14089130101921588,-1.248736747298939,-0.6964428473036128,important_topk_cons5_exact1,rolling5,downstream_outcomes,major_minor_release_count,TRUE,sa,att_dr_group,low,observed,att_dr_group
5,-0.8667218230701016,0.14332359808804426,-1.1476360753226684,-0.5858075708175348,important_topk_cons5_exact1,rolling5,downstream_outcomes,major_minor_release_count,TRUE,sa,att_dr_group,low,observed,att_dr_group
6,-0.978219434254121,0.14767642492945657,-1.267665227115856,-0.6887736413923861,important_topk_cons5_exact1,rolling5,downstream_outcomes,major_minor_release_count,TRUE,sa,att_dr_group,low,observed,att_dr_group
7,-0.83540226233999,0.16106242188391004,-1.1510846092324538,-0.5197199154475264,important_topk_cons5_exact1,rolling5,downstream_outcomes,major_minor_release_count,TRUE,sa,att_dr_group,low,observed,att_dr_group
8,-0.900355338945303,0.20248331651053547,-1.2972226393059525,-0.5034880385846534,important_topk_cons5_exact1,rolling5,downstream_outcomes,major_minor_release_count,TRUE,sa,att_dr_group,low,observed,att_dr_group
9,-1.0731433003219835,0.1945130977140879,-1.4543889718415957,-0.6918976288023713,important_topk_cons5_exact1,rolling5,downstream_outcomes,major_minor_release_count,TRUE,sa,att_dr_group,low,observed,att_dr_group
10,-0.9190185486308367,0.27125550321904035,-1.4506793349401557,-0.38735776232151753,important_topk_cons5_exact1,rolling5,downstream_outcomes,major_minor_release_count,TRUE,sa,att_dr_group,low,observed,att_dr_group
11,-0.794915772069535,0.370317521503195,-1.5207381142157974,-0.06909342992327272,important_topk_cons5_exact1,rolling5,downstream_outcomes,major_minor_release_count,TRUE,sa,att_dr_group,low,observed,att_dr_group
12,-1.1905768156118537,0.4359622984466218,-2.0450629205672324,-0.3360907106564749,important_topk_cons5_exact1,rolling5,downstream_outcomes,major_minor_release_count,TRUE,sa,att_dr_group,low,observed,att_dr_group
