event_time,estimate,sd,ci_low,ci_high,dataset,rolling,category,outcome,normalize,method,covar,split_value,estimation_type
-12,0.12303823156124727,1.195090624822968,-2.21933939309177,2.4654158562142645,important_topk_cons5_exact1,rolling5,github_outcomes,pull_request_opened,TRUE,sa,policy_tree_group,1,all
-11,-0.2762664394523504,0.6554474404151625,-1.5609434226660688,1.008410543761368,important_topk_cons5_exact1,rolling5,github_outcomes,pull_request_opened,TRUE,sa,policy_tree_group,1,all
-10,-0.8448605961265339,0.3759442941518051,-1.5817114126640717,-0.10800977958899594,important_topk_cons5_exact1,rolling5,github_outcomes,pull_request_opened,TRUE,sa,policy_tree_group,1,all
-9,0.5784668309268686,0.7879567822688797,-0.9659284623201356,2.1228621241738725,important_topk_cons5_exact1,rolling5,github_outcomes,pull_request_opened,TRUE,sa,policy_tree_group,1,all
-8,0.03973487663371894,0.5362347038011411,-1.0112851428165177,1.0907548960839555,important_topk_cons5_exact1,rolling5,github_outcomes,pull_request_opened,TRUE,sa,policy_tree_group,1,all
-7,0.13757361896923262,0.4465052497755932,-0.73757667059093,1.0127239085293953,important_topk_cons5_exact1,rolling5,github_outcomes,pull_request_opened,TRUE,sa,policy_tree_group,1,all
-6,0.4162785792490977,0.4984531514171697,-0.560689597528555,1.3932467560267505,important_topk_cons5_exact1,rolling5,github_outcomes,pull_request_opened,TRUE,sa,policy_tree_group,1,all
-5,0.07042051277414571,0.24252330475732928,-0.40492516455021965,0.5457661900985111,important_topk_cons5_exact1,rolling5,github_outcomes,pull_request_opened,TRUE,sa,policy_tree_group,1,all
-4,0.45758820200627004,0.2058308224405069,0.05415979002287652,0.8610166139896636,important_topk_cons5_exact1,rolling5,github_outcomes,pull_request_opened,TRUE,sa,policy_tree_group,1,all
-3,0.1414375718903842,0.17730592845092738,-0.20608204787343348,0.4889571916542019,important_topk_cons5_exact1,rolling5,github_outcomes,pull_request_opened,TRUE,sa,policy_tree_group,1,all
-2,0.1322855436970951,0.18496745890805563,-0.23025067576269392,0.49482176315688414,important_topk_cons5_exact1,rolling5,github_outcomes,pull_request_opened,TRUE,sa,policy_tree_group,1,all
-1,0,0,0,0,important_topk_cons5_exact1,rolling5,github_outcomes,pull_request_opened,TRUE,sa,policy_tree_group,1,all
0,0.2087123437170679,0.23759409958339706,-0.25697209146639033,0.6743967789005261,important_topk_cons5_exact1,rolling5,github_outcomes,pull_request_opened,TRUE,sa,policy_tree_group,1,all
1,-0.16429256197135636,0.22027102127717965,-0.5960237636746285,0.26743863973191573,important_topk_cons5_exact1,rolling5,github_outcomes,pull_request_opened,TRUE,sa,policy_tree_group,1,all
2,-0.20616538510123694,0.2531096815667082,-0.7022603609719851,0.28992959076951114,important_topk_cons5_exact1,rolling5,github_outcomes,pull_request_opened,TRUE,sa,policy_tree_group,1,all
3,0.2999552070338273,0.312783913493166,-0.313101263412778,0.9130116774804325,important_topk_cons5_exact1,rolling5,github_outcomes,pull_request_opened,TRUE,sa,policy_tree_group,1,all
4,0.4413819581812252,0.33409595118088137,-0.21344610613330223,1.0962100224957527,important_topk_cons5_exact1,rolling5,github_outcomes,pull_request_opened,TRUE,sa,policy_tree_group,1,all
5,0.2288479084736587,0.36475404450655846,-0.4860700187591958,0.9437658357065133,important_topk_cons5_exact1,rolling5,github_outcomes,pull_request_opened,TRUE,sa,policy_tree_group,1,all
6,0.3860625616800191,0.44472382293227647,-0.4855961312672427,1.257721254627281,important_topk_cons5_exact1,rolling5,github_outcomes,pull_request_opened,TRUE,sa,policy_tree_group,1,all
7,-0.1437878122013194,0.3716318515436435,-0.8721862412268606,0.5846106168242218,important_topk_cons5_exact1,rolling5,github_outcomes,pull_request_opened,TRUE,sa,policy_tree_group,1,all
8,-0.5169255799264575,0.43274762611632417,-1.3651109271144528,0.33125976726153783,important_topk_cons5_exact1,rolling5,github_outcomes,pull_request_opened,TRUE,sa,policy_tree_group,1,all
9,-0.995719131779197,0.3773133614230914,-1.7352533201684561,-0.2561849433899379,important_topk_cons5_exact1,rolling5,github_outcomes,pull_request_opened,TRUE,sa,policy_tree_group,1,all
10,-1.1327978064058315,0.41036486048363613,-1.9371129329537582,-0.3284826798579047,important_topk_cons5_exact1,rolling5,github_outcomes,pull_request_opened,TRUE,sa,policy_tree_group,1,all
11,-0.18798998998299743,1.2305709872164026,-2.599909124927146,2.2239291449611516,important_topk_cons5_exact1,rolling5,github_outcomes,pull_request_opened,TRUE,sa,policy_tree_group,1,all
12,0.03563057652028645,0.9428276052232338,-1.8123115297172518,1.8835726827578247,important_topk_cons5_exact1,rolling5,github_outcomes,pull_request_opened,TRUE,sa,policy_tree_group,1,all
-14,-1.012540367577481,1.3061547171083012,-3.5726036131097514,1.5475228779547896,important_topk_cons5_exact1,rolling5,github_outcomes,pull_request_opened,TRUE,sa,policy_tree_group,0,all
-13,-0.0539165280651418,0.6711176693672672,-1.3693071600249858,1.261474103894702,important_topk_cons5_exact1,rolling5,github_outcomes,pull_request_opened,TRUE,sa,policy_tree_group,0,all
-12,0.49633209960258506,0.7090813800048853,-0.8934674052069902,1.8861316044121603,important_topk_cons5_exact1,rolling5,github_outcomes,pull_request_opened,TRUE,sa,policy_tree_group,0,all
-11,-0.34417931943878355,0.37571184311059785,-1.0805745319355553,0.3922158930579882,important_topk_cons5_exact1,rolling5,github_outcomes,pull_request_opened,TRUE,sa,policy_tree_group,0,all
-10,1.0107563302854716,0.8234524927619716,-0.6032105555279927,2.624723216098936,important_topk_cons5_exact1,rolling5,github_outcomes,pull_request_opened,TRUE,sa,policy_tree_group,0,all
-9,0.8874322114279555,1.063473005812859,-1.1969748799652478,2.971839302821159,important_topk_cons5_exact1,rolling5,github_outcomes,pull_request_opened,TRUE,sa,policy_tree_group,0,all
-8,0.3036276111502225,0.3071796397666854,-0.2984444827924808,0.9056997050929259,important_topk_cons5_exact1,rolling5,github_outcomes,pull_request_opened,TRUE,sa,policy_tree_group,0,all
-7,0.5588841522360841,0.28446293061572125,0.0013368082292705141,1.1164314962428978,important_topk_cons5_exact1,rolling5,github_outcomes,pull_request_opened,TRUE,sa,policy_tree_group,0,all
-6,0.2846056981338295,0.2040431759544166,-0.11531892673682698,0.684530323004486,important_topk_cons5_exact1,rolling5,github_outcomes,pull_request_opened,TRUE,sa,policy_tree_group,0,all
-5,0.478640885695538,0.1519264719996925,0.1808650005761407,0.7764167708149352,important_topk_cons5_exact1,rolling5,github_outcomes,pull_request_opened,TRUE,sa,policy_tree_group,0,all
-4,0.35964017926621517,0.14376443751550705,0.07786188173582137,0.6414184767966089,important_topk_cons5_exact1,rolling5,github_outcomes,pull_request_opened,TRUE,sa,policy_tree_group,0,all
-3,0.13154860312778685,0.1367219526245404,-0.1364264240163123,0.399523630271886,important_topk_cons5_exact1,rolling5,github_outcomes,pull_request_opened,TRUE,sa,policy_tree_group,0,all
-2,-0.020327326264158785,0.12025473739707143,-0.2560266115624188,0.21537195903410122,important_topk_cons5_exact1,rolling5,github_outcomes,pull_request_opened,TRUE,sa,policy_tree_group,0,all
-1,0,0,0,0,important_topk_cons5_exact1,rolling5,github_outcomes,pull_request_opened,TRUE,sa,policy_tree_group,0,all
0,-0.38737122766260307,0.1921064076585897,-0.7638997866734388,-0.010842668651767307,important_topk_cons5_exact1,rolling5,github_outcomes,pull_request_opened,TRUE,sa,policy_tree_group,0,all
1,-1.1124834245506887,0.15593224461070226,-1.418110623987665,-0.8068562251137124,important_topk_cons5_exact1,rolling5,github_outcomes,pull_request_opened,TRUE,sa,policy_tree_group,0,all
2,-1.3540049255568736,0.17374370530796218,-1.6945425879604794,-1.0134672631532677,important_topk_cons5_exact1,rolling5,github_outcomes,pull_request_opened,TRUE,sa,policy_tree_group,0,all
3,-1.5808946421252128,0.20470690234038172,-1.982120170712361,-1.1796691135380646,important_topk_cons5_exact1,rolling5,github_outcomes,pull_request_opened,TRUE,sa,policy_tree_group,0,all
4,-1.7833616645601469,0.2227810171362673,-2.220012458147231,-1.3467108709730629,important_topk_cons5_exact1,rolling5,github_outcomes,pull_request_opened,TRUE,sa,policy_tree_group,0,all
5,-1.7557534817367815,0.2438279126394499,-2.233656190510103,-1.2778507729634598,important_topk_cons5_exact1,rolling5,github_outcomes,pull_request_opened,TRUE,sa,policy_tree_group,0,all
6,-1.7045717556366333,0.2852614349347564,-2.263684168108756,-1.1454593431645108,important_topk_cons5_exact1,rolling5,github_outcomes,pull_request_opened,TRUE,sa,policy_tree_group,0,all
7,-1.9193812510904562,0.4229147990180542,-2.7482942571658424,-1.09046824501507,important_topk_cons5_exact1,rolling5,github_outcomes,pull_request_opened,TRUE,sa,policy_tree_group,0,all
8,-2.4597398742769174,0.3584652711562626,-3.162331805743192,-1.7571479428106427,important_topk_cons5_exact1,rolling5,github_outcomes,pull_request_opened,TRUE,sa,policy_tree_group,0,all
9,-2.0426076250116307,0.3723341769246592,-2.7723826117839625,-1.3128326382392987,important_topk_cons5_exact1,rolling5,github_outcomes,pull_request_opened,TRUE,sa,policy_tree_group,0,all
10,-1.5027636865224883,0.6702402424096118,-2.8164345616453272,-0.18909281139964929,important_topk_cons5_exact1,rolling5,github_outcomes,pull_request_opened,TRUE,sa,policy_tree_group,0,all
11,-1.6881946106477725,0.43222179920135523,-2.5353493370824287,-0.8410398842131163,important_topk_cons5_exact1,rolling5,github_outcomes,pull_request_opened,TRUE,sa,policy_tree_group,0,all
12,-2.4891046867952613,0.49496402935516925,-3.459234184331393,-1.5189751892591294,important_topk_cons5_exact1,rolling5,github_outcomes,pull_request_opened,TRUE,sa,policy_tree_group,0,all
-12,0.5270077062859557,1.3526918081121557,-2.1242682376138693,3.1782836501857807,important_topk_cons5_exact1,rolling5,github_outcomes,pull_request_merged,TRUE,sa,policy_tree_group,1,all
-11,-0.28107261775544334,0.6009746416825531,-1.4589829154532472,0.8968376799423606,important_topk_cons5_exact1,rolling5,github_outcomes,pull_request_merged,TRUE,sa,policy_tree_group,1,all
-10,-0.6159794346543807,0.31539544017486626,-1.2341544973971184,0.00219562808835716,important_topk_cons5_exact1,rolling5,github_outcomes,pull_request_merged,TRUE,sa,policy_tree_group,1,all
-9,0.48633079248003586,0.6199958106199267,-0.7288609963350204,1.7015225812950923,important_topk_cons5_exact1,rolling5,github_outcomes,pull_request_merged,TRUE,sa,policy_tree_group,1,all
-8,-9.416363513134185e-4,0.4688110348144128,-0.9198112645875625,0.9179279918849357,important_topk_cons5_exact1,rolling5,github_outcomes,pull_request_merged,TRUE,sa,policy_tree_group,1,all
-7,0.5880920846668689,0.5043909083326605,-0.40051409566514573,1.5766982649988837,important_topk_cons5_exact1,rolling5,github_outcomes,pull_request_merged,TRUE,sa,policy_tree_group,1,all
-6,0.41241292917785866,0.35180840880800923,-0.2771315520858394,1.1019574104415568,important_topk_cons5_exact1,rolling5,github_outcomes,pull_request_merged,TRUE,sa,policy_tree_group,1,all
-5,-0.06698259024021327,0.25138919840897306,-0.5597054191218005,0.4257402386413739,important_topk_cons5_exact1,rolling5,github_outcomes,pull_request_merged,TRUE,sa,policy_tree_group,1,all
-4,0.37590224173482645,0.22827767254153744,-0.07152199644658691,0.8233264799162399,important_topk_cons5_exact1,rolling5,github_outcomes,pull_request_merged,TRUE,sa,policy_tree_group,1,all
-3,0.03888118431869558,0.1837672962740807,-0.3213027163785026,0.3990650850158938,important_topk_cons5_exact1,rolling5,github_outcomes,pull_request_merged,TRUE,sa,policy_tree_group,1,all
-2,0.15570290829949984,0.21711140981985763,-0.2698354549474211,0.5812412715464208,important_topk_cons5_exact1,rolling5,github_outcomes,pull_request_merged,TRUE,sa,policy_tree_group,1,all
-1,0,0,0,0,important_topk_cons5_exact1,rolling5,github_outcomes,pull_request_merged,TRUE,sa,policy_tree_group,1,all
0,0.2464505899424896,0.29322978526959453,-0.3282797891859157,0.8211809690708949,important_topk_cons5_exact1,rolling5,github_outcomes,pull_request_merged,TRUE,sa,policy_tree_group,1,all
1,-0.013680353908177637,0.3104901805773717,-0.6222411078398262,0.5948804000234709,important_topk_cons5_exact1,rolling5,github_outcomes,pull_request_merged,TRUE,sa,policy_tree_group,1,all
2,-0.01288191593942091,0.26544763057108095,-0.5331592718587396,0.5073954399798978,important_topk_cons5_exact1,rolling5,github_outcomes,pull_request_merged,TRUE,sa,policy_tree_group,1,all
3,0.5797644540907271,0.34203814767184704,-0.09063031534609312,1.2501592235275472,important_topk_cons5_exact1,rolling5,github_outcomes,pull_request_merged,TRUE,sa,policy_tree_group,1,all
4,0.4124982386525884,0.31962616111587855,-0.21396903713453352,1.0389655144397103,important_topk_cons5_exact1,rolling5,github_outcomes,pull_request_merged,TRUE,sa,policy_tree_group,1,all
5,0.20156162764230365,0.35075957749500214,-0.4859271442479005,0.8890503995325079,important_topk_cons5_exact1,rolling5,github_outcomes,pull_request_merged,TRUE,sa,policy_tree_group,1,all
6,0.2905619812249303,0.3918130992146007,-0.47739169323568703,1.0585156556855477,important_topk_cons5_exact1,rolling5,github_outcomes,pull_request_merged,TRUE,sa,policy_tree_group,1,all
7,-0.0018077593475347847,0.3859821682862206,-0.7583328091885272,0.7547172904934577,important_topk_cons5_exact1,rolling5,github_outcomes,pull_request_merged,TRUE,sa,policy_tree_group,1,all
8,-0.1862732231774552,0.44176019104079667,-1.0521231976174166,0.6795767512625063,important_topk_cons5_exact1,rolling5,github_outcomes,pull_request_merged,TRUE,sa,policy_tree_group,1,all
9,-0.923028740520265,0.4538418406340115,-1.8125587481629275,-0.03349873287760241,important_topk_cons5_exact1,rolling5,github_outcomes,pull_request_merged,TRUE,sa,policy_tree_group,1,all
10,-0.8781499214954817,0.49606053125501376,-1.8504285627553085,0.09412871976434534,important_topk_cons5_exact1,rolling5,github_outcomes,pull_request_merged,TRUE,sa,policy_tree_group,1,all
11,-0.19562986260621218,1.253136106496909,-2.651776631340154,2.2605169061277297,important_topk_cons5_exact1,rolling5,github_outcomes,pull_request_merged,TRUE,sa,policy_tree_group,1,all
12,0.03342100179713564,1.144011861495014,-2.208842246733092,2.275684250327363,important_topk_cons5_exact1,rolling5,github_outcomes,pull_request_merged,TRUE,sa,policy_tree_group,1,all
-14,0.3274603712385576,0.5789586854741942,-0.807298652290863,1.462219394767978,important_topk_cons5_exact1,rolling5,github_outcomes,pull_request_merged,TRUE,sa,policy_tree_group,0,all
-13,0.6624805356810978,0.7230935864862681,-0.7547828938319877,2.0797439651941834,important_topk_cons5_exact1,rolling5,github_outcomes,pull_request_merged,TRUE,sa,policy_tree_group,0,all
-12,0.5008710292597874,0.4940450639995828,-0.4674572961793949,1.46919935469897,important_topk_cons5_exact1,rolling5,github_outcomes,pull_request_merged,TRUE,sa,policy_tree_group,0,all
-11,-0.17201475409333938,0.37518972111738935,-0.9073866074834225,0.5633570992967438,important_topk_cons5_exact1,rolling5,github_outcomes,pull_request_merged,TRUE,sa,policy_tree_group,0,all
-10,0.9450028932846458,0.6375898686899685,-0.30467324934769235,2.194679035916984,important_topk_cons5_exact1,rolling5,github_outcomes,pull_request_merged,TRUE,sa,policy_tree_group,0,all
-9,-0.006739798710652882,0.3799785256898143,-0.7514977090626889,0.7380181116413831,important_topk_cons5_exact1,rolling5,github_outcomes,pull_request_merged,TRUE,sa,policy_tree_group,0,all
-8,0.1969381277607687,0.33524939742989746,-0.4601506912018303,0.8540269467233677,important_topk_cons5_exact1,rolling5,github_outcomes,pull_request_merged,TRUE,sa,policy_tree_group,0,all
-7,0.44737915986305565,0.3253152534554099,-0.19023873690954773,1.084997056635659,important_topk_cons5_exact1,rolling5,github_outcomes,pull_request_merged,TRUE,sa,policy_tree_group,0,all
-6,0.2786493303778826,0.24480005798921328,-0.20115878328097542,0.7584574440367406,important_topk_cons5_exact1,rolling5,github_outcomes,pull_request_merged,TRUE,sa,policy_tree_group,0,all
-5,0.4039157489984294,0.1520402368139116,0.1059168848431627,0.7019146131536962,important_topk_cons5_exact1,rolling5,github_outcomes,pull_request_merged,TRUE,sa,policy_tree_group,0,all
-4,0.4050153396363653,0.15213008244742693,0.10684037803940855,0.703190301233322,important_topk_cons5_exact1,rolling5,github_outcomes,pull_request_merged,TRUE,sa,policy_tree_group,0,all
-3,0.18771586719978833,0.13557492448942776,-0.07801098479949009,0.45344271919906676,important_topk_cons5_exact1,rolling5,github_outcomes,pull_request_merged,TRUE,sa,policy_tree_group,0,all
-2,0.11026869967577055,0.11708255289242514,-0.11921310399338272,0.33975050334492385,important_topk_cons5_exact1,rolling5,github_outcomes,pull_request_merged,TRUE,sa,policy_tree_group,0,all
-1,0,0,0,0,important_topk_cons5_exact1,rolling5,github_outcomes,pull_request_merged,TRUE,sa,policy_tree_group,0,all
0,-0.4398891493358163,0.17489196043898436,-0.7826773917962256,-0.09710090687540696,important_topk_cons5_exact1,rolling5,github_outcomes,pull_request_merged,TRUE,sa,policy_tree_group,0,all
1,-1.2119564280971566,0.16100001481037632,-1.5275164571254942,-0.8963963990688191,important_topk_cons5_exact1,rolling5,github_outcomes,pull_request_merged,TRUE,sa,policy_tree_group,0,all
2,-1.3706611694271633,0.17595619837301196,-1.7155353182382669,-1.0257870206160598,important_topk_cons5_exact1,rolling5,github_outcomes,pull_request_merged,TRUE,sa,policy_tree_group,0,all
3,-1.50680948823775,0.20926915226723866,-1.9169770266815378,-1.0966419497939623,important_topk_cons5_exact1,rolling5,github_outcomes,pull_request_merged,TRUE,sa,policy_tree_group,0,all
4,-1.7666346804536943,0.2568126284593929,-2.2699874322341045,-1.2632819286732841,important_topk_cons5_exact1,rolling5,github_outcomes,pull_request_merged,TRUE,sa,policy_tree_group,0,all
5,-1.8220840890149366,0.3033425857408165,-2.416635557066937,-1.2275326209629362,important_topk_cons5_exact1,rolling5,github_outcomes,pull_request_merged,TRUE,sa,policy_tree_group,0,all
6,-1.8706358285206603,0.3775142641444273,-2.6105637862437376,-1.1307078707975828,important_topk_cons5_exact1,rolling5,github_outcomes,pull_request_merged,TRUE,sa,policy_tree_group,0,all
7,-1.7714993526984577,0.7247445260964998,-3.1919986238475975,-0.35100008154931817,important_topk_cons5_exact1,rolling5,github_outcomes,pull_request_merged,TRUE,sa,policy_tree_group,0,all
8,-2.4551893869616266,0.4589061121119238,-3.3546453667009972,-1.555733407222256,important_topk_cons5_exact1,rolling5,github_outcomes,pull_request_merged,TRUE,sa,policy_tree_group,0,all
9,-2.2508035460810714,0.5094198057496622,-3.249266365350409,-1.2523407268117335,important_topk_cons5_exact1,rolling5,github_outcomes,pull_request_merged,TRUE,sa,policy_tree_group,0,all
10,-1.788356453674709,0.5637131726084949,-2.893234271987359,-0.683478635362059,important_topk_cons5_exact1,rolling5,github_outcomes,pull_request_merged,TRUE,sa,policy_tree_group,0,all
11,-2.1329007036335383,0.5366439061136868,-3.1847227596163643,-1.0810786476507122,important_topk_cons5_exact1,rolling5,github_outcomes,pull_request_merged,TRUE,sa,policy_tree_group,0,all
12,-2.627581458840342,0.6074223000307157,-3.818129166900545,-1.4370337507801392,important_topk_cons5_exact1,rolling5,github_outcomes,pull_request_merged,TRUE,sa,policy_tree_group,0,all
-12,0.5181687209304102,0.6901435862430321,-0.8345127081059327,1.8708501499667531,important_topk_cons5_exact1,rolling5,downstream_outcomes,overall_new_release_count,TRUE,sa,policy_tree_group,1,all
-11,0.633289553640241,0.5068770321817971,-0.36018942943608134,1.6267685367165634,important_topk_cons5_exact1,rolling5,downstream_outcomes,overall_new_release_count,TRUE,sa,policy_tree_group,1,all
-10,0.7994117578268087,0.43056500630640937,-0.04449565453375359,1.643319170187371,important_topk_cons5_exact1,rolling5,downstream_outcomes,overall_new_release_count,TRUE,sa,policy_tree_group,1,all
-9,0.482863387901534,0.35623755697759324,-0.21536222377454878,1.1810889995776168,important_topk_cons5_exact1,rolling5,downstream_outcomes,overall_new_release_count,TRUE,sa,policy_tree_group,1,all
-8,0.0610353314312754,0.3616273325096593,-0.6477542402876568,0.7698249031502076,important_topk_cons5_exact1,rolling5,downstream_outcomes,overall_new_release_count,TRUE,sa,policy_tree_group,1,all
-7,0.5181643253750869,0.3705766754312064,-0.20816595847007768,1.2444946092202516,important_topk_cons5_exact1,rolling5,downstream_outcomes,overall_new_release_count,TRUE,sa,policy_tree_group,1,all
-6,0.40337582829745156,0.4044844756435132,-0.3894137439638343,1.1961654005587374,important_topk_cons5_exact1,rolling5,downstream_outcomes,overall_new_release_count,TRUE,sa,policy_tree_group,1,all
-5,-0.1596777822394491,0.27141408154633584,-0.6916493820702673,0.37229381759136915,important_topk_cons5_exact1,rolling5,downstream_outcomes,overall_new_release_count,TRUE,sa,policy_tree_group,1,all
-4,0.10325899247002158,0.21426665744692505,-0.3167036561259515,0.5232216410659947,important_topk_cons5_exact1,rolling5,downstream_outcomes,overall_new_release_count,TRUE,sa,policy_tree_group,1,all
-3,0.12156015710637727,0.20345838220338067,-0.2772182720122488,0.5203385862250034,important_topk_cons5_exact1,rolling5,downstream_outcomes,overall_new_release_count,TRUE,sa,policy_tree_group,1,all
-2,0.3759096540770216,0.22262413212914267,-0.06043364489609804,0.8122529530501412,important_topk_cons5_exact1,rolling5,downstream_outcomes,overall_new_release_count,TRUE,sa,policy_tree_group,1,all
-1,0,0,0,0,important_topk_cons5_exact1,rolling5,downstream_outcomes,overall_new_release_count,TRUE,sa,policy_tree_group,1,all
0,0.4841298688958504,0.42356212973211627,-0.34605190537909747,1.3143116431707984,important_topk_cons5_exact1,rolling5,downstream_outcomes,overall_new_release_count,TRUE,sa,policy_tree_group,1,all
1,-0.05951720681463621,0.4092105294398196,-0.8615698445166826,0.7425354308874101,important_topk_cons5_exact1,rolling5,downstream_outcomes,overall_new_release_count,TRUE,sa,policy_tree_group,1,all
2,0.6409851169041159,0.6984547186996604,-0.7279861317472185,2.00995636555545,important_topk_cons5_exact1,rolling5,downstream_outcomes,overall_new_release_count,TRUE,sa,policy_tree_group,1,all
3,0.48792644776997923,0.6326798860875738,-0.7521261289616654,1.7279790245016238,important_topk_cons5_exact1,rolling5,downstream_outcomes,overall_new_release_count,TRUE,sa,policy_tree_group,1,all
4,0.021556571625693452,0.320325436323751,-0.6062812835688585,0.6493944268202454,important_topk_cons5_exact1,rolling5,downstream_outcomes,overall_new_release_count,TRUE,sa,policy_tree_group,1,all
5,0.5538522863983255,0.4879895633817202,-0.4026072578298461,1.510311830626497,important_topk_cons5_exact1,rolling5,downstream_outcomes,overall_new_release_count,TRUE,sa,policy_tree_group,1,all
6,0.5396543446971891,0.47514790386861794,-0.391635546885302,1.47094423627968,important_topk_cons5_exact1,rolling5,downstream_outcomes,overall_new_release_count,TRUE,sa,policy_tree_group,1,all
7,0.5596383886576732,0.6157568243638292,-0.647244987095432,1.7665217644107785,important_topk_cons5_exact1,rolling5,downstream_outcomes,overall_new_release_count,TRUE,sa,policy_tree_group,1,all
8,0.06102768069228357,0.4134853476284523,-0.7494036006594829,0.87145896204405,important_topk_cons5_exact1,rolling5,downstream_outcomes,overall_new_release_count,TRUE,sa,policy_tree_group,1,all
9,0.13539823248713137,0.7209957067447806,-1.2777533527326386,1.5485498177069015,important_topk_cons5_exact1,rolling5,downstream_outcomes,overall_new_release_count,TRUE,sa,policy_tree_group,1,all
10,-0.08772968870897296,0.82524390878151,-1.7052077499207325,1.5297483725027867,important_topk_cons5_exact1,rolling5,downstream_outcomes,overall_new_release_count,TRUE,sa,policy_tree_group,1,all
11,0.03125795958860533,0.7242646814803262,-1.388300816112834,1.4508167352900447,important_topk_cons5_exact1,rolling5,downstream_outcomes,overall_new_release_count,TRUE,sa,policy_tree_group,1,all
12,-0.29189967892876323,0.6010046837244397,-1.469868859028665,0.8860695011711387,important_topk_cons5_exact1,rolling5,downstream_outcomes,overall_new_release_count,TRUE,sa,policy_tree_group,1,all
-14,0.17712862208335195,0.2270549137299643,-0.2678990088273781,0.6221562529940821,important_topk_cons5_exact1,rolling5,downstream_outcomes,overall_new_release_count,TRUE,sa,policy_tree_group,0,all
-13,-0.5760029192418,0.3628958083070063,-1.2872787035235325,0.1352728650399323,important_topk_cons5_exact1,rolling5,downstream_outcomes,overall_new_release_count,TRUE,sa,policy_tree_group,0,all
-12,-0.14203155328744899,0.25094638909829176,-0.6338864759201008,0.34982336934520286,important_topk_cons5_exact1,rolling5,downstream_outcomes,overall_new_release_count,TRUE,sa,policy_tree_group,0,all
-11,-0.016505009332372256,0.20603618368810195,-0.4203359293610521,0.38732591069630756,important_topk_cons5_exact1,rolling5,downstream_outcomes,overall_new_release_count,TRUE,sa,policy_tree_group,0,all
-10,0.11880503767082641,0.17863501238369422,-0.23131958660121427,0.46892966194286706,important_topk_cons5_exact1,rolling5,downstream_outcomes,overall_new_release_count,TRUE,sa,policy_tree_group,0,all
-9,-0.09762527392315441,0.24297719755769207,-0.5738605811362308,0.37861003328992204,important_topk_cons5_exact1,rolling5,downstream_outcomes,overall_new_release_count,TRUE,sa,policy_tree_group,0,all
-8,-0.013562749713100898,0.22437718208469995,-0.45334202659911277,0.426216527172911,important_topk_cons5_exact1,rolling5,downstream_outcomes,overall_new_release_count,TRUE,sa,policy_tree_group,0,all
-7,-0.020663601413461602,0.16354803880201124,-0.3412177574654036,0.29989055463848047,important_topk_cons5_exact1,rolling5,downstream_outcomes,overall_new_release_count,TRUE,sa,policy_tree_group,0,all
-6,0.13682583771381762,0.2372812272416711,-0.32824536767985774,0.601897043107493,important_topk_cons5_exact1,rolling5,downstream_outcomes,overall_new_release_count,TRUE,sa,policy_tree_group,0,all
-5,0.43970970028727996,0.14087039166253448,0.16360373262871236,0.7158156679458476,important_topk_cons5_exact1,rolling5,downstream_outcomes,overall_new_release_count,TRUE,sa,policy_tree_group,0,all
-4,0.3141517643567868,0.13378125487688078,0.05194050479810053,0.5763630239154731,important_topk_cons5_exact1,rolling5,downstream_outcomes,overall_new_release_count,TRUE,sa,policy_tree_group,0,all
-3,0.06675645033064986,0.13201144426700906,-0.19198598043268789,0.3254988810939876,important_topk_cons5_exact1,rolling5,downstream_outcomes,overall_new_release_count,TRUE,sa,policy_tree_group,0,all
-2,0.11527566609807095,0.12892102518700654,-0.1374095432684619,0.36796087546460376,important_topk_cons5_exact1,rolling5,downstream_outcomes,overall_new_release_count,TRUE,sa,policy_tree_group,0,all
-1,0,0,0,0,important_topk_cons5_exact1,rolling5,downstream_outcomes,overall_new_release_count,TRUE,sa,policy_tree_group,0,all
0,-0.21770686517230337,0.21795433058143035,-0.6448973531119069,0.2094836227673001,important_topk_cons5_exact1,rolling5,downstream_outcomes,overall_new_release_count,TRUE,sa,policy_tree_group,0,all
1,-0.6853708773082772,0.16593048945355948,-1.0105946366372538,-0.3601471179793006,important_topk_cons5_exact1,rolling5,downstream_outcomes,overall_new_release_count,TRUE,sa,policy_tree_group,0,all
2,-0.7974773398882714,0.1580392687779713,-1.1072343066930952,-0.4877203730834476,important_topk_cons5_exact1,rolling5,downstream_outcomes,overall_new_release_count,TRUE,sa,policy_tree_group,0,all
3,-0.7204978315142655,0.19933589369297386,-1.1111961831524941,-0.32979947987603675,important_topk_cons5_exact1,rolling5,downstream_outcomes,overall_new_release_count,TRUE,sa,policy_tree_group,0,all
4,-0.7526848473312987,0.1623656647054606,-1.0709215501540015,-0.4344481445085959,important_topk_cons5_exact1,rolling5,downstream_outcomes,overall_new_release_count,TRUE,sa,policy_tree_group,0,all
5,-0.6949989277428907,0.14830691900145734,-0.9856804889857471,-0.40431736650003436,important_topk_cons5_exact1,rolling5,downstream_outcomes,overall_new_release_count,TRUE,sa,policy_tree_group,0,all
6,-0.7680258730303857,0.18279510375891914,-1.1263042763978672,-0.4097474696629042,important_topk_cons5_exact1,rolling5,downstream_outcomes,overall_new_release_count,TRUE,sa,policy_tree_group,0,all
7,-0.6732267776964423,0.1977799685727825,-1.0608755160990961,-0.28557803929378867,important_topk_cons5_exact1,rolling5,downstream_outcomes,overall_new_release_count,TRUE,sa,policy_tree_group,0,all
8,-0.6122476002351874,0.29641441552806386,-1.1932198546701924,-0.03127534580018232,important_topk_cons5_exact1,rolling5,downstream_outcomes,overall_new_release_count,TRUE,sa,policy_tree_group,0,all
9,-0.6893783443267882,0.19839989244804515,-1.0782421335249568,-0.30051455512861974,important_topk_cons5_exact1,rolling5,downstream_outcomes,overall_new_release_count,TRUE,sa,policy_tree_group,0,all
10,-0.5725136012752177,0.25263698001785134,-1.0676820821102062,-0.07734512044022906,important_topk_cons5_exact1,rolling5,downstream_outcomes,overall_new_release_count,TRUE,sa,policy_tree_group,0,all
11,-0.6229275259498189,0.3440488156090062,-1.297263204543471,0.05140815264383314,important_topk_cons5_exact1,rolling5,downstream_outcomes,overall_new_release_count,TRUE,sa,policy_tree_group,0,all
12,-0.8172243857533974,0.3606446587009243,-1.524087916807209,-0.11036085469958579,important_topk_cons5_exact1,rolling5,downstream_outcomes,overall_new_release_count,TRUE,sa,policy_tree_group,0,all
-12,0.08207932667508189,0.18580972473179272,-0.2821077337992318,0.4462663871493956,important_topk_cons5_exact1,rolling5,downstream_outcomes,major_minor_release_count,TRUE,sa,policy_tree_group,1,all
-11,0.10702438888344679,0.18907758896244242,-0.26356768548294035,0.4776164632498339,important_topk_cons5_exact1,rolling5,downstream_outcomes,major_minor_release_count,TRUE,sa,policy_tree_group,1,all
-10,0.24028071657077843,0.16268166438684625,-0.07857534562744023,0.5591367787689971,important_topk_cons5_exact1,rolling5,downstream_outcomes,major_minor_release_count,TRUE,sa,policy_tree_group,1,all
-9,0.07156774239261991,0.1536511991259802,-0.22958860789430124,0.3727240926795411,important_topk_cons5_exact1,rolling5,downstream_outcomes,major_minor_release_count,TRUE,sa,policy_tree_group,1,all
-8,-0.2040731534832052,0.23816722640594185,-0.6708809172388512,0.2627346102724408,important_topk_cons5_exact1,rolling5,downstream_outcomes,major_minor_release_count,TRUE,sa,policy_tree_group,1,all
-7,0.07662405818434806,0.2774644611764752,-0.46720628572154344,0.6204544020902395,important_topk_cons5_exact1,rolling5,downstream_outcomes,major_minor_release_count,TRUE,sa,policy_tree_group,1,all
-6,-0.23179019677968232,0.2221222388022988,-0.667149784832188,0.20356939127282336,important_topk_cons5_exact1,rolling5,downstream_outcomes,major_minor_release_count,TRUE,sa,policy_tree_group,1,all
-5,-0.2987799763957896,0.21991366012960178,-0.7298107502498091,0.13225079745822987,important_topk_cons5_exact1,rolling5,downstream_outcomes,major_minor_release_count,TRUE,sa,policy_tree_group,1,all
-4,0.014925948978095765,0.1914045073769325,-0.3602268854806919,0.3900787834368834,important_topk_cons5_exact1,rolling5,downstream_outcomes,major_minor_release_count,TRUE,sa,policy_tree_group,1,all
-3,-0.12290260032005895,0.15433988231154322,-0.42540876965068364,0.17960356901056573,important_topk_cons5_exact1,rolling5,downstream_outcomes,major_minor_release_count,TRUE,sa,policy_tree_group,1,all
-2,0.3825773040655968,0.19185531796100977,0.006540880862017651,0.758613727269176,important_topk_cons5_exact1,rolling5,downstream_outcomes,major_minor_release_count,TRUE,sa,policy_tree_group,1,all
-1,0,0,0,0,important_topk_cons5_exact1,rolling5,downstream_outcomes,major_minor_release_count,TRUE,sa,policy_tree_group,1,all
0,-0.03414709536280437,0.18672627488509153,-0.40013059413758373,0.331836403411975,important_topk_cons5_exact1,rolling5,downstream_outcomes,major_minor_release_count,TRUE,sa,policy_tree_group,1,all
1,-0.40610156432760175,0.19223506811892155,-0.782882297840688,-0.02932083081451553,important_topk_cons5_exact1,rolling5,downstream_outcomes,major_minor_release_count,TRUE,sa,policy_tree_group,1,all
2,0.00783327113785616,0.2618339494898899,-0.5053612698623281,0.5210278121380404,important_topk_cons5_exact1,rolling5,downstream_outcomes,major_minor_release_count,TRUE,sa,policy_tree_group,1,all
3,0.14732645909856792,0.260744843867608,-0.36373343488194376,0.6583863530790796,important_topk_cons5_exact1,rolling5,downstream_outcomes,major_minor_release_count,TRUE,sa,policy_tree_group,1,all
4,-0.4267908139190716,0.18247718000709687,-0.7844460867329814,-0.06913554110516174,important_topk_cons5_exact1,rolling5,downstream_outcomes,major_minor_release_count,TRUE,sa,policy_tree_group,1,all
5,-0.14011695794063317,0.22499492049023911,-0.5811070021015019,0.3008730862202355,important_topk_cons5_exact1,rolling5,downstream_outcomes,major_minor_release_count,TRUE,sa,policy_tree_group,1,all
6,0.2664125514575725,0.413704202393742,-0.5444476852341619,1.077272788149307,important_topk_cons5_exact1,rolling5,downstream_outcomes,major_minor_release_count,TRUE,sa,policy_tree_group,1,all
7,0.34876940388061534,0.5063599202664386,-0.6436960398416043,1.341234847602835,important_topk_cons5_exact1,rolling5,downstream_outcomes,major_minor_release_count,TRUE,sa,policy_tree_group,1,all
8,-0.2720370021814719,0.3224426731229263,-0.9040246415024074,0.35995063713946357,important_topk_cons5_exact1,rolling5,downstream_outcomes,major_minor_release_count,TRUE,sa,policy_tree_group,1,all
9,-0.3202469662505635,0.43831377921381115,-1.1793419735096333,0.5388480410085064,important_topk_cons5_exact1,rolling5,downstream_outcomes,major_minor_release_count,TRUE,sa,policy_tree_group,1,all
10,-0.5926710174637446,0.38410028969607113,-1.345507585268044,0.1601655503405548,important_topk_cons5_exact1,rolling5,downstream_outcomes,major_minor_release_count,TRUE,sa,policy_tree_group,1,all
11,-0.05368211160980624,0.7972286910458903,-1.6162503460597513,1.5088861228401387,important_topk_cons5_exact1,rolling5,downstream_outcomes,major_minor_release_count,TRUE,sa,policy_tree_group,1,all
12,0.14869701792602547,1.0531205653260662,-1.9154192901130642,2.212813325965115,important_topk_cons5_exact1,rolling5,downstream_outcomes,major_minor_release_count,TRUE,sa,policy_tree_group,1,all
-14,0.45820749817816314,0.2481213885631435,-0.028110423405598106,0.9445254197619244,important_topk_cons5_exact1,rolling5,downstream_outcomes,major_minor_release_count,TRUE,sa,policy_tree_group,0,all
-13,-0.15005971926485684,0.2944042980991441,-0.7270921435391793,0.4269727050094656,important_topk_cons5_exact1,rolling5,downstream_outcomes,major_minor_release_count,TRUE,sa,policy_tree_group,0,all
-12,0.09253145771889452,0.21515223288991733,-0.32916691874534343,0.5142298341831325,important_topk_cons5_exact1,rolling5,downstream_outcomes,major_minor_release_count,TRUE,sa,policy_tree_group,0,all
-11,0.08506355644871959,0.18023406044008167,-0.26819520201384045,0.43832231491127965,important_topk_cons5_exact1,rolling5,downstream_outcomes,major_minor_release_count,TRUE,sa,policy_tree_group,0,all
-10,0.12158489658879025,0.15419529836503876,-0.18063788820668575,0.4238076813842662,important_topk_cons5_exact1,rolling5,downstream_outcomes,major_minor_release_count,TRUE,sa,policy_tree_group,0,all
-9,0.03801321268096147,0.210753782677151,-0.3750642013662545,0.45109062672817746,important_topk_cons5_exact1,rolling5,downstream_outcomes,major_minor_release_count,TRUE,sa,policy_tree_group,0,all
-8,-0.007742237802892793,0.20776297708796918,-0.4149576728953124,0.3994731972895268,important_topk_cons5_exact1,rolling5,downstream_outcomes,major_minor_release_count,TRUE,sa,policy_tree_group,0,all
-7,-0.14533446888931567,0.17596832015032143,-0.4902323763839457,0.19956343860531434,important_topk_cons5_exact1,rolling5,downstream_outcomes,major_minor_release_count,TRUE,sa,policy_tree_group,0,all
-6,0.006435334169130629,0.21363855239091945,-0.4122962285170715,0.4251668968553327,important_topk_cons5_exact1,rolling5,downstream_outcomes,major_minor_release_count,TRUE,sa,policy_tree_group,0,all
-5,0.2053291602534652,0.150992508246893,-0.09061615591044508,0.5012744764173755,important_topk_cons5_exact1,rolling5,downstream_outcomes,major_minor_release_count,TRUE,sa,policy_tree_group,0,all
-4,0.04152900481011336,0.1453927337716311,-0.2434407533822836,0.3264987630025103,important_topk_cons5_exact1,rolling5,downstream_outcomes,major_minor_release_count,TRUE,sa,policy_tree_group,0,all
-3,-0.07244957221974864,0.12928311489945968,-0.32584447742268957,0.18094533298319232,important_topk_cons5_exact1,rolling5,downstream_outcomes,major_minor_release_count,TRUE,sa,policy_tree_group,0,all
-2,0.022205454498831115,0.13538124238424862,-0.2431417805742962,0.2875526895719584,important_topk_cons5_exact1,rolling5,downstream_outcomes,major_minor_release_count,TRUE,sa,policy_tree_group,0,all
-1,0,0,0,0,important_topk_cons5_exact1,rolling5,downstream_outcomes,major_minor_release_count,TRUE,sa,policy_tree_group,0,all
0,-0.07177935865612528,0.17600334808176465,-0.416745920896384,0.27318720358413345,important_topk_cons5_exact1,rolling5,downstream_outcomes,major_minor_release_count,TRUE,sa,policy_tree_group,0,all
1,-0.5211535055794602,0.11463876019077554,-0.7458454755533802,-0.2964615356055401,important_topk_cons5_exact1,rolling5,downstream_outcomes,major_minor_release_count,TRUE,sa,policy_tree_group,0,all
2,-0.6312516647021555,0.11711978260686781,-0.8608064386116164,-0.40169689079269466,important_topk_cons5_exact1,rolling5,downstream_outcomes,major_minor_release_count,TRUE,sa,policy_tree_group,0,all
3,-0.49425257019504326,0.2051742685362053,-0.8963941365260056,-0.09211100386408089,important_topk_cons5_exact1,rolling5,downstream_outcomes,major_minor_release_count,TRUE,sa,policy_tree_group,0,all
4,-0.6314598276975821,0.13152524537447352,-0.8892493086315503,-0.37367034676361405,important_topk_cons5_exact1,rolling5,downstream_outcomes,major_minor_release_count,TRUE,sa,policy_tree_group,0,all
5,-0.5580251551569603,0.13555463323990657,-0.8237122363071772,-0.2923380740067434,important_topk_cons5_exact1,rolling5,downstream_outcomes,major_minor_release_count,TRUE,sa,policy_tree_group,0,all
6,-0.7247095001656115,0.13440640492321104,-0.9881460538151052,-0.4612729465161179,important_topk_cons5_exact1,rolling5,downstream_outcomes,major_minor_release_count,TRUE,sa,policy_tree_group,0,all
7,-0.6252564193702297,0.1550694953144104,-0.929192630186474,-0.32132020855398535,important_topk_cons5_exact1,rolling5,downstream_outcomes,major_minor_release_count,TRUE,sa,policy_tree_group,0,all
8,-0.5862791083681476,0.2010433417992781,-0.9803240582947326,-0.1922341584415625,important_topk_cons5_exact1,rolling5,downstream_outcomes,major_minor_release_count,TRUE,sa,policy_tree_group,0,all
9,-0.7417294527910714,0.20229172582146698,-1.1382212354011467,-0.3452376701809961,important_topk_cons5_exact1,rolling5,downstream_outcomes,major_minor_release_count,TRUE,sa,policy_tree_group,0,all
10,-0.5329449952749721,0.34789065205962644,-1.21481067331184,0.14892068276189574,important_topk_cons5_exact1,rolling5,downstream_outcomes,major_minor_release_count,TRUE,sa,policy_tree_group,0,all
11,-0.6521029159499354,0.40214399937831924,-1.4403051547314412,0.13609932283157034,important_topk_cons5_exact1,rolling5,downstream_outcomes,major_minor_release_count,TRUE,sa,policy_tree_group,0,all
12,-1.0523931869782648,0.3993130244980545,-1.8350467149944516,-0.26973965896207797,important_topk_cons5_exact1,rolling5,downstream_outcomes,major_minor_release_count,TRUE,sa,policy_tree_group,0,all
-13,0.2601850243237679,0.6163781527392255,-0.947916155045114,1.4682862036926498,important_topk_cons5_exact1,rolling5,github_outcomes,pull_request_opened,TRUE,sa,policy_tree_group,1,observed
-12,0.5605032393722011,0.6583307013495631,-0.7298249352729425,1.8508314140173447,important_topk_cons5_exact1,rolling5,github_outcomes,pull_request_opened,TRUE,sa,policy_tree_group,1,observed
-11,0.47593719643653126,0.4168457531096256,-0.34108047965833493,1.2929548725313975,important_topk_cons5_exact1,rolling5,github_outcomes,pull_request_opened,TRUE,sa,policy_tree_group,1,observed
-10,0.15631211838806708,0.4245651514045776,-0.675835578364905,0.9884598151410393,important_topk_cons5_exact1,rolling5,github_outcomes,pull_request_opened,TRUE,sa,policy_tree_group,1,observed
-9,0.4219936341960592,0.4867216350947015,-0.5319807705895557,1.3759680389816742,important_topk_cons5_exact1,rolling5,github_outcomes,pull_request_opened,TRUE,sa,policy_tree_group,1,observed
-8,0.7263846588773428,0.4147700782475693,-0.08656469448789295,1.5393340122425787,important_topk_cons5_exact1,rolling5,github_outcomes,pull_request_opened,TRUE,sa,policy_tree_group,1,observed
-7,0.6709743345649867,0.333805135997127,0.016716268010617763,1.3252324011193557,important_topk_cons5_exact1,rolling5,github_outcomes,pull_request_opened,TRUE,sa,policy_tree_group,1,observed
-6,0.6058182642549432,0.32863087587887196,-0.038298252467645844,1.2499347809775323,important_topk_cons5_exact1,rolling5,github_outcomes,pull_request_opened,TRUE,sa,policy_tree_group,1,observed
-5,0.7717552146014185,0.21234262243259552,0.3555636746335313,1.1879467545693057,important_topk_cons5_exact1,rolling5,github_outcomes,pull_request_opened,TRUE,sa,policy_tree_group,1,observed
-4,0.6580754548450958,0.1754317081313127,0.3142293069077229,1.0019216027824687,important_topk_cons5_exact1,rolling5,github_outcomes,pull_request_opened,TRUE,sa,policy_tree_group,1,observed
-3,0.2895198713074862,0.16639968533960808,-0.03662351195814567,0.615663254573118,important_topk_cons5_exact1,rolling5,github_outcomes,pull_request_opened,TRUE,sa,policy_tree_group,1,observed
-2,0.23702462809552655,0.13579503356409867,-0.02913363769010685,0.50318289388116,important_topk_cons5_exact1,rolling5,github_outcomes,pull_request_opened,TRUE,sa,policy_tree_group,1,observed
-1,0,0,0,0,important_topk_cons5_exact1,rolling5,github_outcomes,pull_request_opened,TRUE,sa,policy_tree_group,1,observed
0,0.11671139062579552,0.18281840961847723,-0.24161269222641982,0.4750354734780109,important_topk_cons5_exact1,rolling5,github_outcomes,pull_request_opened,TRUE,sa,policy_tree_group,1,observed
1,-0.2777530279563082,0.18007384327578446,-0.6306977607768458,0.07519170486422938,important_topk_cons5_exact1,rolling5,github_outcomes,pull_request_opened,TRUE,sa,policy_tree_group,1,observed
2,-0.45607804346115893,0.22812626120607687,-0.9032055154250695,-0.00895057149724826,important_topk_cons5_exact1,rolling5,github_outcomes,pull_request_opened,TRUE,sa,policy_tree_group,1,observed
3,-0.526523014735039,0.2659001844815945,-1.0476873763189642,-0.005358653151113835,important_topk_cons5_exact1,rolling5,github_outcomes,pull_request_opened,TRUE,sa,policy_tree_group,1,observed
4,-0.47097625577530033,0.3107774059165494,-1.0800999713717372,0.13814745982113652,important_topk_cons5_exact1,rolling5,github_outcomes,pull_request_opened,TRUE,sa,policy_tree_group,1,observed
5,-0.6234343770726787,0.3345617612144789,-1.2791754290530573,0.032306674907699895,important_topk_cons5_exact1,rolling5,github_outcomes,pull_request_opened,TRUE,sa,policy_tree_group,1,observed
6,-0.3214868101548511,0.3665853314791111,-1.0399940598539088,0.3970204395442067,important_topk_cons5_exact1,rolling5,github_outcomes,pull_request_opened,TRUE,sa,policy_tree_group,1,observed
7,-0.8513310152575282,0.3442627443026725,-1.5260859940907663,-0.1765760364242901,important_topk_cons5_exact1,rolling5,github_outcomes,pull_request_opened,TRUE,sa,policy_tree_group,1,observed
8,-0.9861537575768471,0.40210155858126073,-1.7742728123961182,-0.19803470275757606,important_topk_cons5_exact1,rolling5,github_outcomes,pull_request_opened,TRUE,sa,policy_tree_group,1,observed
9,-1.416407358276155,0.3807137179999477,-2.162606245556052,-0.6702084709962575,important_topk_cons5_exact1,rolling5,github_outcomes,pull_request_opened,TRUE,sa,policy_tree_group,1,observed
10,-1.4693266836057606,0.3610253581371779,-2.176936385554629,-0.761716981656892,important_topk_cons5_exact1,rolling5,github_outcomes,pull_request_opened,TRUE,sa,policy_tree_group,1,observed
11,-0.851966275075862,0.8485548849818382,-2.515133849640265,0.8112012994885408,important_topk_cons5_exact1,rolling5,github_outcomes,pull_request_opened,TRUE,sa,policy_tree_group,1,observed
12,-0.879423274044956,0.9532542312768945,-2.7478015673476692,0.9889550192577571,important_topk_cons5_exact1,rolling5,github_outcomes,pull_request_opened,TRUE,sa,policy_tree_group,1,observed
-14,-1.4148366946984907,1.3217788590925053,-4.005523258519801,1.1758498691228196,important_topk_cons5_exact1,rolling5,github_outcomes,pull_request_opened,TRUE,sa,policy_tree_group,0,observed
-13,-0.4812388253611229,0.905478922860275,-2.2559775141672618,1.293499863445016,important_topk_cons5_exact1,rolling5,github_outcomes,pull_request_opened,TRUE,sa,policy_tree_group,0,observed
-12,0.3274669587193528,0.8397203250869723,-1.3183848784511127,1.9733187958898184,important_topk_cons5_exact1,rolling5,github_outcomes,pull_request_opened,TRUE,sa,policy_tree_group,0,observed
-11,-0.7994378554083268,0.43659425840757443,-1.6551626018871728,0.056286891070519096,important_topk_cons5_exact1,rolling5,github_outcomes,pull_request_opened,TRUE,sa,policy_tree_group,0,observed
-10,1.2996169008283824,1.1401997669233541,-0.9351746423413916,3.5344084439981565,important_topk_cons5_exact1,rolling5,github_outcomes,pull_request_opened,TRUE,sa,policy_tree_group,0,observed
-9,1.2714722721979368,1.3944274106090606,-1.4616054525958218,4.004549996991695,important_topk_cons5_exact1,rolling5,github_outcomes,pull_request_opened,TRUE,sa,policy_tree_group,0,observed
-8,-0.009298844783225652,0.36482188700442947,-0.7243497433119074,0.7057520537454561,important_topk_cons5_exact1,rolling5,github_outcomes,pull_request_opened,TRUE,sa,policy_tree_group,0,observed
-7,0.4086021699694866,0.3463390019593468,-0.2702222738708331,1.0874266138098063,important_topk_cons5_exact1,rolling5,github_outcomes,pull_request_opened,TRUE,sa,policy_tree_group,0,observed
-6,0.16457112620879955,0.2511519699769493,-0.327686734946021,0.6568289873636202,important_topk_cons5_exact1,rolling5,github_outcomes,pull_request_opened,TRUE,sa,policy_tree_group,0,observed
-5,0.12354810773727373,0.1635254199065991,-0.19696171527966053,0.44405793075420796,important_topk_cons5_exact1,rolling5,github_outcomes,pull_request_opened,TRUE,sa,policy_tree_group,0,observed
-4,0.1964040623823283,0.17275643704577948,-0.1421985542273995,0.5350066789920561,important_topk_cons5_exact1,rolling5,github_outcomes,pull_request_opened,TRUE,sa,policy_tree_group,0,observed
-3,0.031787248527514106,0.15452885263984698,-0.27108930264658593,0.3346637997016142,important_topk_cons5_exact1,rolling5,github_outcomes,pull_request_opened,TRUE,sa,policy_tree_group,0,observed
-2,-0.14423728018493098,0.1447252919841135,-0.42789885247379345,0.13942429210393148,important_topk_cons5_exact1,rolling5,github_outcomes,pull_request_opened,TRUE,sa,policy_tree_group,0,observed
-1,0,0,0,0,important_topk_cons5_exact1,rolling5,github_outcomes,pull_request_opened,TRUE,sa,policy_tree_group,0,observed
0,-0.5102875886722619,0.23781557686352936,-0.9764061193247794,-0.044169058019744356,important_topk_cons5_exact1,rolling5,github_outcomes,pull_request_opened,TRUE,sa,policy_tree_group,0,observed
1,-1.3066781606780382,0.1703952450412229,-1.640652840958835,-0.9727034803972414,important_topk_cons5_exact1,rolling5,github_outcomes,pull_request_opened,TRUE,sa,policy_tree_group,0,observed
2,-1.5725516765936545,0.1886234476252177,-1.9422536339390812,-1.2028497192482277,important_topk_cons5_exact1,rolling5,github_outcomes,pull_request_opened,TRUE,sa,policy_tree_group,0,observed
3,-1.605053958061089,0.24306304848477994,-2.0814575330912577,-1.1286503830309202,important_topk_cons5_exact1,rolling5,github_outcomes,pull_request_opened,TRUE,sa,policy_tree_group,0,observed
4,-1.8799858134364122,0.24733041691402555,-2.3647534305879025,-1.3952181962849222,important_topk_cons5_exact1,rolling5,github_outcomes,pull_request_opened,TRUE,sa,policy_tree_group,0,observed
5,-1.8404935369901323,0.28054313578957185,-2.390358083137693,-1.2906289908425714,important_topk_cons5_exact1,rolling5,github_outcomes,pull_request_opened,TRUE,sa,policy_tree_group,0,observed
6,-1.9380847295393133,0.3364752728512976,-2.5975762643278566,-1.27859319475077,important_topk_cons5_exact1,rolling5,github_outcomes,pull_request_opened,TRUE,sa,policy_tree_group,0,observed
7,-2.016547219389207,0.5187003498105859,-3.0331999050179554,-0.9998945337604586,important_topk_cons5_exact1,rolling5,github_outcomes,pull_request_opened,TRUE,sa,policy_tree_group,0,observed
8,-2.791114007514368,0.3935112172033716,-3.5623959932329763,-2.01983202179576,important_topk_cons5_exact1,rolling5,github_outcomes,pull_request_opened,TRUE,sa,policy_tree_group,0,observed
9,-2.1674876529067033,0.46577643178081546,-3.0804094591971016,-1.254565846616305,important_topk_cons5_exact1,rolling5,github_outcomes,pull_request_opened,TRUE,sa,policy_tree_group,0,observed
10,-1.5467567711454173,0.8716502433216571,-3.255191248055865,0.1616777057650305,important_topk_cons5_exact1,rolling5,github_outcomes,pull_request_opened,TRUE,sa,policy_tree_group,0,observed
11,-1.7168086244295884,0.5304748408323586,-2.7565393124610114,-0.6770779363981654,important_topk_cons5_exact1,rolling5,github_outcomes,pull_request_opened,TRUE,sa,policy_tree_group,0,observed
12,-2.366821687906583,0.543436569801582,-3.4319573647176838,-1.3016860110954824,important_topk_cons5_exact1,rolling5,github_outcomes,pull_request_opened,TRUE,sa,policy_tree_group,0,observed
-13,1.5991673827650505,1.5944190394123046,-1.5258939344830662,4.7242287000131675,important_topk_cons5_exact1,rolling5,github_outcomes,pull_request_merged,TRUE,sa,policy_tree_group,1,observed
-12,1.028867572503538,0.8100864721157273,-0.5589019128432873,2.6166370578503635,important_topk_cons5_exact1,rolling5,github_outcomes,pull_request_merged,TRUE,sa,policy_tree_group,1,observed
-11,0.814528908835999,0.5404610496029641,-0.2447747483858107,1.8738325660578088,important_topk_cons5_exact1,rolling5,github_outcomes,pull_request_merged,TRUE,sa,policy_tree_group,1,observed
-10,1.0342215008691709,0.8260931915327763,-0.5849211545350705,2.6533641562734123,important_topk_cons5_exact1,rolling5,github_outcomes,pull_request_merged,TRUE,sa,policy_tree_group,1,observed
-9,0.5542979376920938,0.44026518682625576,-0.3086218284873675,1.4172177038715552,important_topk_cons5_exact1,rolling5,github_outcomes,pull_request_merged,TRUE,sa,policy_tree_group,1,observed
-8,0.9094941788350512,0.37325005260859373,0.1779240757222076,1.6410642819478949,important_topk_cons5_exact1,rolling5,github_outcomes,pull_request_merged,TRUE,sa,policy_tree_group,1,observed
-7,0.9679354751259311,0.3539944399890349,0.2741063727474228,1.6617645775044396,important_topk_cons5_exact1,rolling5,github_outcomes,pull_request_merged,TRUE,sa,policy_tree_group,1,observed
-6,0.9143516885874955,0.3530749304018457,0.22232482499987793,1.606378552175113,important_topk_cons5_exact1,rolling5,github_outcomes,pull_request_merged,TRUE,sa,policy_tree_group,1,observed
-5,0.7688342315798518,0.2101415584461048,0.35695677702548634,1.180711686134217,important_topk_cons5_exact1,rolling5,github_outcomes,pull_request_merged,TRUE,sa,policy_tree_group,1,observed
-4,0.7244696966012244,0.18305898492789424,0.3656740861425517,1.083265307059897,important_topk_cons5_exact1,rolling5,github_outcomes,pull_request_merged,TRUE,sa,policy_tree_group,1,observed
-3,0.36797063079929515,0.15565553953060546,0.06288577331930845,0.6730554882792819,important_topk_cons5_exact1,rolling5,github_outcomes,pull_request_merged,TRUE,sa,policy_tree_group,1,observed
-2,0.41869075029840097,0.14074040549280756,0.14283955553249816,0.6945419450643038,important_topk_cons5_exact1,rolling5,github_outcomes,pull_request_merged,TRUE,sa,policy_tree_group,1,observed
-1,0,0,0,0,important_topk_cons5_exact1,rolling5,github_outcomes,pull_request_merged,TRUE,sa,policy_tree_group,1,observed
0,0.23418500764149522,0.2072193172159592,-0.17196485410178483,0.6403348693847752,important_topk_cons5_exact1,rolling5,github_outcomes,pull_request_merged,TRUE,sa,policy_tree_group,1,observed
1,-0.14463237699715148,0.2062920392851653,-0.5489647739960755,0.2597000200017725,important_topk_cons5_exact1,rolling5,github_outcomes,pull_request_merged,TRUE,sa,policy_tree_group,1,observed
2,-0.20967414813929997,0.20180550259777322,-0.6052129332309355,0.18586463695233552,important_topk_cons5_exact1,rolling5,github_outcomes,pull_request_merged,TRUE,sa,policy_tree_group,1,observed
3,-0.12303453527733146,0.24625156049797453,-0.6056875938533616,0.3596185232986986,important_topk_cons5_exact1,rolling5,github_outcomes,pull_request_merged,TRUE,sa,policy_tree_group,1,observed
4,-0.2911917666697579,0.2667286253727956,-0.8139798724004373,0.23159633906092159,important_topk_cons5_exact1,rolling5,github_outcomes,pull_request_merged,TRUE,sa,policy_tree_group,1,observed
5,-0.5211526644742708,0.2893105408773752,-1.0882013245939262,0.0458959956453846,important_topk_cons5_exact1,rolling5,github_outcomes,pull_request_merged,TRUE,sa,policy_tree_group,1,observed
6,-0.3187197796166856,0.3261856015633572,-0.9580435586808655,0.32060399944749446,important_topk_cons5_exact1,rolling5,github_outcomes,pull_request_merged,TRUE,sa,policy_tree_group,1,observed
7,-0.6673430843626158,0.33659123164415455,-1.3270618983851588,-0.007624270340072847,important_topk_cons5_exact1,rolling5,github_outcomes,pull_request_merged,TRUE,sa,policy_tree_group,1,observed
8,-0.681756207082691,0.37985087684799856,-1.4262639257047682,0.06275151153938618,important_topk_cons5_exact1,rolling5,github_outcomes,pull_request_merged,TRUE,sa,policy_tree_group,1,observed
9,-1.1470875015893125,0.42341955003665704,-1.9769898196611604,-0.3171851835174647,important_topk_cons5_exact1,rolling5,github_outcomes,pull_request_merged,TRUE,sa,policy_tree_group,1,observed
10,-1.2624506191704628,0.41931938118836287,-2.084316606299654,-0.4405846320412715,important_topk_cons5_exact1,rolling5,github_outcomes,pull_request_merged,TRUE,sa,policy_tree_group,1,observed
11,-0.8645070860950506,0.8820812674423998,-2.593386370282154,0.8643721980920529,important_topk_cons5_exact1,rolling5,github_outcomes,pull_request_merged,TRUE,sa,policy_tree_group,1,observed
12,-0.8758661328952481,1.1447200082475433,-3.1195173490604327,1.3677850832699368,important_topk_cons5_exact1,rolling5,github_outcomes,pull_request_merged,TRUE,sa,policy_tree_group,1,observed
-14,-0.04217841807329736,0.6095368864818181,-1.2368707155776608,1.152513879431066,important_topk_cons5_exact1,rolling5,github_outcomes,pull_request_merged,TRUE,sa,policy_tree_group,0,observed
-13,-0.16884124320323368,0.6269586799559244,-1.3976802559168453,1.0599977695103782,important_topk_cons5_exact1,rolling5,github_outcomes,pull_request_merged,TRUE,sa,policy_tree_group,0,observed
-12,0.03889870991711111,0.5727065821096461,-1.0836061910177952,1.1614036108520176,important_topk_cons5_exact1,rolling5,github_outcomes,pull_request_merged,TRUE,sa,policy_tree_group,0,observed
-11,-0.8436698668642102,0.3290483819790195,-1.4886046955430885,-0.198735038185332,important_topk_cons5_exact1,rolling5,github_outcomes,pull_request_merged,TRUE,sa,policy_tree_group,0,observed
-10,0.4966802011576459,0.6802524936121054,-0.8366146863220807,1.8299750886373725,important_topk_cons5_exact1,rolling5,github_outcomes,pull_request_merged,TRUE,sa,policy_tree_group,0,observed
-9,-0.1327249354100413,0.4683804847102919,-1.0507506854422135,0.7853008146221309,important_topk_cons5_exact1,rolling5,github_outcomes,pull_request_merged,TRUE,sa,policy_tree_group,0,observed
-8,-0.32353742846927835,0.3853607656008679,-1.0788445290469795,0.43176967210842276,important_topk_cons5_exact1,rolling5,github_outcomes,pull_request_merged,TRUE,sa,policy_tree_group,0,observed
-7,0.2193741299198247,0.39114792073511057,-0.5472757947209921,0.9860240545606413,important_topk_cons5_exact1,rolling5,github_outcomes,pull_request_merged,TRUE,sa,policy_tree_group,0,observed
-6,-0.08452566748605245,0.24240889655544648,-0.5596471047347276,0.39059576976262267,important_topk_cons5_exact1,rolling5,github_outcomes,pull_request_merged,TRUE,sa,policy_tree_group,0,observed
-5,-0.0470760412030375,0.1678371229123619,-0.37603680211126683,0.28188471970519186,important_topk_cons5_exact1,rolling5,github_outcomes,pull_request_merged,TRUE,sa,policy_tree_group,0,observed
-4,0.15300349590519355,0.18161578098414313,-0.202963434823727,0.5089704266341141,important_topk_cons5_exact1,rolling5,github_outcomes,pull_request_merged,TRUE,sa,policy_tree_group,0,observed
-3,-0.009578180569817765,0.15824477604093395,-0.31973794161004826,0.3005815804704128,important_topk_cons5_exact1,rolling5,github_outcomes,pull_request_merged,TRUE,sa,policy_tree_group,0,observed
-2,-0.11232818455636256,0.14325899106185672,-0.39311580703760174,0.1684594379248766,important_topk_cons5_exact1,rolling5,github_outcomes,pull_request_merged,TRUE,sa,policy_tree_group,0,observed
-1,0,0,0,0,important_topk_cons5_exact1,rolling5,github_outcomes,pull_request_merged,TRUE,sa,policy_tree_group,0,observed
0,-0.6577055433723897,0.20875386005190222,-1.066863109074118,-0.2485479776706614,important_topk_cons5_exact1,rolling5,github_outcomes,pull_request_merged,TRUE,sa,policy_tree_group,0,observed
1,-1.4734215319723405,0.18016593161558436,-1.8265467579388859,-1.120296306005795,important_topk_cons5_exact1,rolling5,github_outcomes,pull_request_merged,TRUE,sa,policy_tree_group,0,observed
2,-1.6785098365167754,0.19773378500282418,-2.0660680551223107,-1.2909516179112401,important_topk_cons5_exact1,rolling5,github_outcomes,pull_request_merged,TRUE,sa,policy_tree_group,0,observed
3,-1.677509518816952,0.25176916946586625,-2.17097709097005,-1.184041946663854,important_topk_cons5_exact1,rolling5,github_outcomes,pull_request_merged,TRUE,sa,policy_tree_group,0,observed
4,-1.9938312358342625,0.30130635181819054,-2.584391685397916,-1.403270786270609,important_topk_cons5_exact1,rolling5,github_outcomes,pull_request_merged,TRUE,sa,policy_tree_group,0,observed
5,-1.994990685358661,0.3624069999974836,-2.705308405353729,-1.284672965363593,important_topk_cons5_exact1,rolling5,github_outcomes,pull_request_merged,TRUE,sa,policy_tree_group,0,observed
6,-2.192400868394157,0.4538224573269001,-3.081892884754881,-1.302908852033433,important_topk_cons5_exact1,rolling5,github_outcomes,pull_request_merged,TRUE,sa,policy_tree_group,0,observed
7,-1.8960606986041415,0.9046868250351587,-3.6692468756730525,-0.12287452153523049,important_topk_cons5_exact1,rolling5,github_outcomes,pull_request_merged,TRUE,sa,policy_tree_group,0,observed
8,-2.8538407916686386,0.5318842990258431,-3.8963340177592913,-1.811347565577986,important_topk_cons5_exact1,rolling5,github_outcomes,pull_request_merged,TRUE,sa,policy_tree_group,0,observed
9,-2.6486953613526203,0.5937031894447099,-3.8123536126642517,-1.485037110040989,important_topk_cons5_exact1,rolling5,github_outcomes,pull_request_merged,TRUE,sa,policy_tree_group,0,observed
10,-1.8924815336884273,0.7278186056850975,-3.3190060008312186,-0.4659570665456363,important_topk_cons5_exact1,rolling5,github_outcomes,pull_request_merged,TRUE,sa,policy_tree_group,0,observed
11,-2.300097416371841,0.6740394347458211,-3.6212147084736506,-0.9789801242700318,important_topk_cons5_exact1,rolling5,github_outcomes,pull_request_merged,TRUE,sa,policy_tree_group,0,observed
12,-2.582815013831757,0.7036278266574709,-3.9619255540804,-1.2037044735831142,important_topk_cons5_exact1,rolling5,github_outcomes,pull_request_merged,TRUE,sa,policy_tree_group,0,observed
-13,-0.5810135551354378,0.5846852870761385,-1.7269967178046695,0.5649696075337938,important_topk_cons5_exact1,rolling5,downstream_outcomes,overall_new_release_count,TRUE,sa,policy_tree_group,1,observed
-12,0.08605662541987254,0.4680864033950028,-0.8313927252343328,1.0035059760740779,important_topk_cons5_exact1,rolling5,downstream_outcomes,overall_new_release_count,TRUE,sa,policy_tree_group,1,observed
-11,0.5400947955487744,0.3826679327630439,-0.2099343526667916,1.2901239437643404,important_topk_cons5_exact1,rolling5,downstream_outcomes,overall_new_release_count,TRUE,sa,policy_tree_group,1,observed
-10,0.7466837693410912,0.34738684167322187,0.06580555966157631,1.427561979020606,important_topk_cons5_exact1,rolling5,downstream_outcomes,overall_new_release_count,TRUE,sa,policy_tree_group,1,observed
-9,0.5114302372427322,0.31600995101437396,-0.10794926674544081,1.1308097412309053,important_topk_cons5_exact1,rolling5,downstream_outcomes,overall_new_release_count,TRUE,sa,policy_tree_group,1,observed
-8,0.2600886639966784,0.3416769473969532,-0.4095981529013498,0.9297754808947066,important_topk_cons5_exact1,rolling5,downstream_outcomes,overall_new_release_count,TRUE,sa,policy_tree_group,1,observed
-7,0.40670880968533274,0.2620794241099154,-0.10696686157010149,0.920384480940767,important_topk_cons5_exact1,rolling5,downstream_outcomes,overall_new_release_count,TRUE,sa,policy_tree_group,1,observed
-6,0.3256611127168124,0.33871117563943964,-0.3382127915364893,0.9895350169701141,important_topk_cons5_exact1,rolling5,downstream_outcomes,overall_new_release_count,TRUE,sa,policy_tree_group,1,observed
-5,0.4115478672918195,0.2142399778370232,-0.008362489268745943,0.831458223852385,important_topk_cons5_exact1,rolling5,downstream_outcomes,overall_new_release_count,TRUE,sa,policy_tree_group,1,observed
-4,0.4917478279811862,0.1799693963048785,0.13900781122362438,0.844487844738748,important_topk_cons5_exact1,rolling5,downstream_outcomes,overall_new_release_count,TRUE,sa,policy_tree_group,1,observed
-3,0.1040965014022936,0.17489133056299472,-0.23869050650117607,0.44688350930576326,important_topk_cons5_exact1,rolling5,downstream_outcomes,overall_new_release_count,TRUE,sa,policy_tree_group,1,observed
-2,0.2574828089564452,0.16227858774085124,-0.060583223015623244,0.5755488409285137,important_topk_cons5_exact1,rolling5,downstream_outcomes,overall_new_release_count,TRUE,sa,policy_tree_group,1,observed
-1,0,0,0,0,important_topk_cons5_exact1,rolling5,downstream_outcomes,overall_new_release_count,TRUE,sa,policy_tree_group,1,observed
0,0.27131454973070895,0.37645114848505623,-0.4665297013000012,1.0091588007614192,important_topk_cons5_exact1,rolling5,downstream_outcomes,overall_new_release_count,TRUE,sa,policy_tree_group,1,observed
1,-0.1607227866143084,0.3045730813090254,-0.7576860259799981,0.43624045275138135,important_topk_cons5_exact1,rolling5,downstream_outcomes,overall_new_release_count,TRUE,sa,policy_tree_group,1,observed
2,0.17402490683670507,0.4338776742186791,-0.6763753346319059,1.0244251483053162,important_topk_cons5_exact1,rolling5,downstream_outcomes,overall_new_release_count,TRUE,sa,policy_tree_group,1,observed
3,0.09969233315810538,0.4224375701286966,-0.72828530429414,0.9276699706103506,important_topk_cons5_exact1,rolling5,downstream_outcomes,overall_new_release_count,TRUE,sa,policy_tree_group,1,observed
4,-0.18732727101778524,0.24907157143750647,-0.6755075510352979,0.30085300899972744,important_topk_cons5_exact1,rolling5,downstream_outcomes,overall_new_release_count,TRUE,sa,policy_tree_group,1,observed
5,5.961426210547571e-5,0.2913414135319901,-0.5709695562605952,0.5710887847848061,important_topk_cons5_exact1,rolling5,downstream_outcomes,overall_new_release_count,TRUE,sa,policy_tree_group,1,observed
6,0.2639278576213504,0.3375282655471768,-0.3976275428511161,0.9254832580938169,important_topk_cons5_exact1,rolling5,downstream_outcomes,overall_new_release_count,TRUE,sa,policy_tree_group,1,observed
7,0.292900055798872,0.45026539921988024,-0.5896201266720932,1.175420238269837,important_topk_cons5_exact1,rolling5,downstream_outcomes,overall_new_release_count,TRUE,sa,policy_tree_group,1,observed
8,0.19415526000522745,0.39983281266444004,-0.589517052817075,0.9778275728275299,important_topk_cons5_exact1,rolling5,downstream_outcomes,overall_new_release_count,TRUE,sa,policy_tree_group,1,observed
9,0.06669947977545163,0.4645060725477758,-0.8437324224181889,0.9771313819690922,important_topk_cons5_exact1,rolling5,downstream_outcomes,overall_new_release_count,TRUE,sa,policy_tree_group,1,observed
10,-0.22349931642886312,0.5712167321070242,-1.3430841113586305,0.8960854785009041,important_topk_cons5_exact1,rolling5,downstream_outcomes,overall_new_release_count,TRUE,sa,policy_tree_group,1,observed
11,-0.525593003967429,0.4543713848305463,-1.4161609182352999,0.3649749103004417,important_topk_cons5_exact1,rolling5,downstream_outcomes,overall_new_release_count,TRUE,sa,policy_tree_group,1,observed
12,-0.36317583134513876,0.5495226639262056,-1.4402402526405018,0.7138885899502243,important_topk_cons5_exact1,rolling5,downstream_outcomes,overall_new_release_count,TRUE,sa,policy_tree_group,1,observed
-14,0.06861797305903083,0.26152623640618755,-0.4439734502970968,0.5812093964151585,important_topk_cons5_exact1,rolling5,downstream_outcomes,overall_new_release_count,TRUE,sa,policy_tree_group,0,observed
-13,-0.5844381632550999,0.45353852175835074,-1.4733736659014673,0.30449733939126755,important_topk_cons5_exact1,rolling5,downstream_outcomes,overall_new_release_count,TRUE,sa,policy_tree_group,0,observed
-12,-0.09751526430916255,0.2888082189827143,-0.6635793735152826,0.4685488448969575,important_topk_cons5_exact1,rolling5,downstream_outcomes,overall_new_release_count,TRUE,sa,policy_tree_group,0,observed
-11,-0.024714087007306026,0.2322246169258673,-0.4798743361820059,0.43044616216739384,important_topk_cons5_exact1,rolling5,downstream_outcomes,overall_new_release_count,TRUE,sa,policy_tree_group,0,observed
-10,0.024138365397609732,0.18877568178533471,-0.34586197090164633,0.39413870169686577,important_topk_cons5_exact1,rolling5,downstream_outcomes,overall_new_release_count,TRUE,sa,policy_tree_group,0,observed
-9,-0.20158162212378297,0.2838627380988014,-0.7579525887974337,0.35478934454986777,important_topk_cons5_exact1,rolling5,downstream_outcomes,overall_new_release_count,TRUE,sa,policy_tree_group,0,observed
-8,-0.10567081721113322,0.24553876093543253,-0.5869267886445809,0.37558515422231453,important_topk_cons5_exact1,rolling5,downstream_outcomes,overall_new_release_count,TRUE,sa,policy_tree_group,0,observed
-7,-0.06738368934977378,0.1944241800697464,-0.44845508228647674,0.31368770358692916,important_topk_cons5_exact1,rolling5,downstream_outcomes,overall_new_release_count,TRUE,sa,policy_tree_group,0,observed
-6,0.1419551999824225,0.2603594744704379,-0.3683493699796358,0.6522597699444808,important_topk_cons5_exact1,rolling5,downstream_outcomes,overall_new_release_count,TRUE,sa,policy_tree_group,0,observed
-5,0.21435696791388031,0.15836944298230596,-0.09604714033143935,0.5247610761592,important_topk_cons5_exact1,rolling5,downstream_outcomes,overall_new_release_count,TRUE,sa,policy_tree_group,0,observed
-4,0.08231295697591991,0.14445966768529447,-0.2008279916872573,0.3654539056390971,important_topk_cons5_exact1,rolling5,downstream_outcomes,overall_new_release_count,TRUE,sa,policy_tree_group,0,observed
-3,0.0720527409100015,0.14308991376382924,-0.20840349006710382,0.35250897188710684,important_topk_cons5_exact1,rolling5,downstream_outcomes,overall_new_release_count,TRUE,sa,policy_tree_group,0,observed
-2,0.1225770430951923,0.14906111955846818,-0.16958275123940536,0.41473683742978995,important_topk_cons5_exact1,rolling5,downstream_outcomes,overall_new_release_count,TRUE,sa,policy_tree_group,0,observed
-1,0,0,0,0,important_topk_cons5_exact1,rolling5,downstream_outcomes,overall_new_release_count,TRUE,sa,policy_tree_group,0,observed
0,-0.23608862958459387,0.1971370529683105,-0.6224772534024825,0.1502999942332947,important_topk_cons5_exact1,rolling5,downstream_outcomes,overall_new_release_count,TRUE,sa,policy_tree_group,0,observed
1,-0.7663124243924777,0.15851977070065906,-1.0770111749657696,-0.45561367381918594,important_topk_cons5_exact1,rolling5,downstream_outcomes,overall_new_release_count,TRUE,sa,policy_tree_group,0,observed
2,-0.8365316010860502,0.155591056304062,-1.1414900714420118,-0.5315731307300886,important_topk_cons5_exact1,rolling5,downstream_outcomes,overall_new_release_count,TRUE,sa,policy_tree_group,0,observed
3,-0.7566663760611376,0.18473667661954635,-1.1187502622354484,-0.3945824898868268,important_topk_cons5_exact1,rolling5,downstream_outcomes,overall_new_release_count,TRUE,sa,policy_tree_group,0,observed
4,-0.7948022004326483,0.16731231052162768,-1.1227343290550384,-0.466870071810258,important_topk_cons5_exact1,rolling5,downstream_outcomes,overall_new_release_count,TRUE,sa,policy_tree_group,0,observed
5,-0.6246074376333052,0.18796838564511167,-0.993025473497724,-0.2561894017688863,important_topk_cons5_exact1,rolling5,downstream_outcomes,overall_new_release_count,TRUE,sa,policy_tree_group,0,observed
6,-0.9240783907820993,0.1705944364091656,-1.2584434861440639,-0.5897132954201347,important_topk_cons5_exact1,rolling5,downstream_outcomes,overall_new_release_count,TRUE,sa,policy_tree_group,0,observed
7,-0.7532615851433798,0.1888988317479524,-1.1235032953693667,-0.3830198749173931,important_topk_cons5_exact1,rolling5,downstream_outcomes,overall_new_release_count,TRUE,sa,policy_tree_group,0,observed
8,-0.8900108167195626,0.23645764319300716,-1.3534677973778566,-0.42655383606126857,important_topk_cons5_exact1,rolling5,downstream_outcomes,overall_new_release_count,TRUE,sa,policy_tree_group,0,observed
9,-0.7776885417079638,0.22633978243546338,-1.221314515281472,-0.33406256813445556,important_topk_cons5_exact1,rolling5,downstream_outcomes,overall_new_release_count,TRUE,sa,policy_tree_group,0,observed
10,-0.4568679938208115,0.3422403832677553,-1.127659145025612,0.21392315738398887,important_topk_cons5_exact1,rolling5,downstream_outcomes,overall_new_release_count,TRUE,sa,policy_tree_group,0,observed
11,-0.37550522414259074,0.41242663496093446,-1.1838614286660223,0.43285098038084074,important_topk_cons5_exact1,rolling5,downstream_outcomes,overall_new_release_count,TRUE,sa,policy_tree_group,0,observed
12,-0.7969111854037557,0.36717947404513773,-1.5165829545322258,-0.07723941627528574,important_topk_cons5_exact1,rolling5,downstream_outcomes,overall_new_release_count,TRUE,sa,policy_tree_group,0,observed
-13,-0.38855847405458455,0.42422494046271797,-1.2200393573615118,0.4429224092523426,important_topk_cons5_exact1,rolling5,downstream_outcomes,major_minor_release_count,TRUE,sa,policy_tree_group,1,observed
-12,-0.03458147176333208,0.25203648713260896,-0.5285729865432456,0.45941004301658145,important_topk_cons5_exact1,rolling5,downstream_outcomes,major_minor_release_count,TRUE,sa,policy_tree_group,1,observed
-11,0.10025714096363793,0.18557856096782432,-0.26347683853329773,0.46399112046057356,important_topk_cons5_exact1,rolling5,downstream_outcomes,major_minor_release_count,TRUE,sa,policy_tree_group,1,observed
-10,0.21677370354504094,0.1631195640965089,-0.10294064208411652,0.5364880491741983,important_topk_cons5_exact1,rolling5,downstream_outcomes,major_minor_release_count,TRUE,sa,policy_tree_group,1,observed
-9,0.07027397332717232,0.1596233905105881,-0.24258787207358035,0.383135818727925,important_topk_cons5_exact1,rolling5,downstream_outcomes,major_minor_release_count,TRUE,sa,policy_tree_group,1,observed
-8,0.04805468776731674,0.2668521806682123,-0.4749755863423794,0.5710849618770129,important_topk_cons5_exact1,rolling5,downstream_outcomes,major_minor_release_count,TRUE,sa,policy_tree_group,1,observed
-7,0.025488050480136207,0.2357318708415615,-0.43654641636932434,0.4875225173295967,important_topk_cons5_exact1,rolling5,downstream_outcomes,major_minor_release_count,TRUE,sa,policy_tree_group,1,observed
-6,-0.0472631439346634,0.2423702603773238,-0.522308854274218,0.4277825664048912,important_topk_cons5_exact1,rolling5,downstream_outcomes,major_minor_release_count,TRUE,sa,policy_tree_group,1,observed
-5,0.09769076139256998,0.1875926024968461,-0.26999073950124836,0.46537226228638834,important_topk_cons5_exact1,rolling5,downstream_outcomes,major_minor_release_count,TRUE,sa,policy_tree_group,1,observed
-4,0.10576198884359632,0.17708191871293627,-0.24131857183375877,0.45284254952095143,important_topk_cons5_exact1,rolling5,downstream_outcomes,major_minor_release_count,TRUE,sa,policy_tree_group,1,observed
-3,-0.1826067707963106,0.13688285733270433,-0.4508971711684111,0.0856836295757899,important_topk_cons5_exact1,rolling5,downstream_outcomes,major_minor_release_count,TRUE,sa,policy_tree_group,1,observed
-2,0.07697740854853584,0.14252368434447002,-0.2023690127666254,0.3563238298636971,important_topk_cons5_exact1,rolling5,downstream_outcomes,major_minor_release_count,TRUE,sa,policy_tree_group,1,observed
-1,0,0,0,0,important_topk_cons5_exact1,rolling5,downstream_outcomes,major_minor_release_count,TRUE,sa,policy_tree_group,1,observed
0,-0.0022905660342418324,0.21897350750779782,-0.4314786407495255,0.42689750868104187,important_topk_cons5_exact1,rolling5,downstream_outcomes,major_minor_release_count,TRUE,sa,policy_tree_group,1,observed
1,-0.35236731034226904,0.15636857283831604,-0.6588497131053684,-0.04588490757916963,important_topk_cons5_exact1,rolling5,downstream_outcomes,major_minor_release_count,TRUE,sa,policy_tree_group,1,observed
2,-0.1261876782841031,0.19347782528070961,-0.505404215834294,0.25302885926608776,important_topk_cons5_exact1,rolling5,downstream_outcomes,major_minor_release_count,TRUE,sa,policy_tree_group,1,observed
3,0.1539381537070294,0.32179543668057353,-0.4767809021868947,0.7846572096009534,important_topk_cons5_exact1,rolling5,downstream_outcomes,major_minor_release_count,TRUE,sa,policy_tree_group,1,observed
4,-0.3297088136101588,0.14638850078690177,-0.6166302751524863,-0.04278735206783135,important_topk_cons5_exact1,rolling5,downstream_outcomes,major_minor_release_count,TRUE,sa,policy_tree_group,1,observed
5,-0.15428260073089559,0.1659313088517898,-0.4795079660804036,0.17094276461861244,important_topk_cons5_exact1,rolling5,downstream_outcomes,major_minor_release_count,TRUE,sa,policy_tree_group,1,observed
6,0.15365533490786593,0.2695946087822838,-0.37475009830541034,0.6820607681211421,important_topk_cons5_exact1,rolling5,downstream_outcomes,major_minor_release_count,TRUE,sa,policy_tree_group,1,observed
7,0.18791529738436125,0.34637582531830385,-0.4909813202395143,0.8668119150082367,important_topk_cons5_exact1,rolling5,downstream_outcomes,major_minor_release_count,TRUE,sa,policy_tree_group,1,observed
8,-0.07646770419567323,0.23309392575650204,-0.5333317986784172,0.38039639028707073,important_topk_cons5_exact1,rolling5,downstream_outcomes,major_minor_release_count,TRUE,sa,policy_tree_group,1,observed
9,-0.16952864075425453,0.2913703314802557,-0.7406144904555557,0.4015572089470466,important_topk_cons5_exact1,rolling5,downstream_outcomes,major_minor_release_count,TRUE,sa,policy_tree_group,1,observed
10,-0.5409259503622105,0.28604426777886266,-1.1015727152087813,0.01972081448436036,important_topk_cons5_exact1,rolling5,downstream_outcomes,major_minor_release_count,TRUE,sa,policy_tree_group,1,observed
11,-0.34504266526506566,0.5269275858256655,-1.3778207334833699,0.6877354029532387,important_topk_cons5_exact1,rolling5,downstream_outcomes,major_minor_release_count,TRUE,sa,policy_tree_group,1,observed
12,0.40616800403864906,1.0201418121090906,-1.5933099476951684,2.4056459557724663,important_topk_cons5_exact1,rolling5,downstream_outcomes,major_minor_release_count,TRUE,sa,policy_tree_group,1,observed
-14,0.5603715085389488,0.2713822961310281,0.028462208122133736,1.0922808089557638,important_topk_cons5_exact1,rolling5,downstream_outcomes,major_minor_release_count,TRUE,sa,policy_tree_group,0,observed
-13,-0.1258055063785911,0.34008197914934635,-0.79236618551131,0.5407551727541278,important_topk_cons5_exact1,rolling5,downstream_outcomes,major_minor_release_count,TRUE,sa,policy_tree_group,0,observed
-12,0.17822838684154502,0.24355518258599715,-0.2991397710270094,0.6555965447100994,important_topk_cons5_exact1,rolling5,downstream_outcomes,major_minor_release_count,TRUE,sa,policy_tree_group,0,observed
-11,0.18374239874777748,0.20969607517445427,-0.22726190859415285,0.5947467060897078,important_topk_cons5_exact1,rolling5,downstream_outcomes,major_minor_release_count,TRUE,sa,policy_tree_group,0,observed
-10,0.14701504819288244,0.17523790365249067,-0.19645124296599928,0.4904813393517642,important_topk_cons5_exact1,rolling5,downstream_outcomes,major_minor_release_count,TRUE,sa,policy_tree_group,0,observed
-9,0.07973439783886703,0.253741093663152,-0.41759814574091086,0.5770669414186449,important_topk_cons5_exact1,rolling5,downstream_outcomes,major_minor_release_count,TRUE,sa,policy_tree_group,0,observed
-8,-0.06843903719300162,0.21772346482969815,-0.49517702825920995,0.35829895387320676,important_topk_cons5_exact1,rolling5,downstream_outcomes,major_minor_release_count,TRUE,sa,policy_tree_group,0,observed
-7,-0.132232221269623,0.195152447412818,-0.5147310181987463,0.2502665756595003,important_topk_cons5_exact1,rolling5,downstream_outcomes,major_minor_release_count,TRUE,sa,policy_tree_group,0,observed
-6,-0.04159436054903958,0.241296397990121,-0.5145353006096768,0.4313465795115976,important_topk_cons5_exact1,rolling5,downstream_outcomes,major_minor_release_count,TRUE,sa,policy_tree_group,0,observed
-5,0.056092834753731724,0.167328691839071,-0.27187140125084747,0.3840570707583109,important_topk_cons5_exact1,rolling5,downstream_outcomes,major_minor_release_count,TRUE,sa,policy_tree_group,0,observed
-4,-0.038137124467252856,0.15334239506280498,-0.3386882187903506,0.26241396985584486,important_topk_cons5_exact1,rolling5,downstream_outcomes,major_minor_release_count,TRUE,sa,policy_tree_group,0,observed
-3,-0.010499207773850022,0.1534115955214144,-0.31118593499582226,0.29018751944812216,important_topk_cons5_exact1,rolling5,downstream_outcomes,major_minor_release_count,TRUE,sa,policy_tree_group,0,observed
-2,0.12987498479895743,0.16240122809292828,-0.188431422263182,0.44818139186109685,important_topk_cons5_exact1,rolling5,downstream_outcomes,major_minor_release_count,TRUE,sa,policy_tree_group,0,observed
-1,0,0,0,0,important_topk_cons5_exact1,rolling5,downstream_outcomes,major_minor_release_count,TRUE,sa,policy_tree_group,0,observed
0,-0.0983525742953434,0.18306647570548953,-0.45716286667810285,0.2604577180874161,important_topk_cons5_exact1,rolling5,downstream_outcomes,major_minor_release_count,TRUE,sa,policy_tree_group,0,observed
1,-0.5850927439978872,0.12477102250761973,-0.8296439481128219,-0.34054153988295255,important_topk_cons5_exact1,rolling5,downstream_outcomes,major_minor_release_count,TRUE,sa,policy_tree_group,0,observed
2,-0.7035264424786843,0.12435917238357001,-0.9472704203504816,-0.4597824646068871,important_topk_cons5_exact1,rolling5,downstream_outcomes,major_minor_release_count,TRUE,sa,policy_tree_group,0,observed
3,-0.6544961696543584,0.15236130870983824,-0.9531243347256414,-0.35586800458307544,important_topk_cons5_exact1,rolling5,downstream_outcomes,major_minor_release_count,TRUE,sa,policy_tree_group,0,observed
4,-0.7295640263889416,0.1467536541943638,-1.0172011886098946,-0.44192686416798854,important_topk_cons5_exact1,rolling5,downstream_outcomes,major_minor_release_count,TRUE,sa,policy_tree_group,0,observed
5,-0.6225436977757473,0.15324016683005787,-0.9228944247626607,-0.32219297078883385,important_topk_cons5_exact1,rolling5,downstream_outcomes,major_minor_release_count,TRUE,sa,policy_tree_group,0,observed
6,-0.8829567584894686,0.15028173548025556,-1.1775089600307695,-0.5884045569481677,important_topk_cons5_exact1,rolling5,downstream_outcomes,major_minor_release_count,TRUE,sa,policy_tree_group,0,observed
7,-0.6947966241535236,0.18866646072121224,-1.0645828871670995,-0.32501036113994763,important_topk_cons5_exact1,rolling5,downstream_outcomes,major_minor_release_count,TRUE,sa,policy_tree_group,0,observed
8,-0.7707233180210127,0.22748013456953212,-1.2165843817772957,-0.32486225426472976,important_topk_cons5_exact1,rolling5,downstream_outcomes,major_minor_release_count,TRUE,sa,policy_tree_group,0,observed
9,-0.8993895327568946,0.2400081327170446,-1.3698054728823021,-0.42897359263148716,important_topk_cons5_exact1,rolling5,downstream_outcomes,major_minor_release_count,TRUE,sa,policy_tree_group,0,observed
10,-0.43666488034957496,0.44608781483883486,-1.3109969974336912,0.43766723673454133,important_topk_cons5_exact1,rolling5,downstream_outcomes,major_minor_release_count,TRUE,sa,policy_tree_group,0,observed
11,-0.5573113511599953,0.49051221323763927,-1.5187152891057683,0.40409258678577764,important_topk_cons5_exact1,rolling5,downstream_outcomes,major_minor_release_count,TRUE,sa,policy_tree_group,0,observed
12,-1.1672971734457245,0.4124368569692324,-1.9756734131054199,-0.3589209337860291,important_topk_cons5_exact1,rolling5,downstream_outcomes,major_minor_release_count,TRUE,sa,policy_tree_group,0,observed
