,repo_name,had_common_issue,time_index,treatment_group,pr_opener,commits,issue_number,issue_comments,contributors
0,Azure/azure-kusto-python,False,7,10.0,0.0,0.0,0.0,0.0,1
1,Azure/azure-kusto-python,False,8,10.0,0.0,0.0,0.0,0.0,1
2,Azure/azure-kusto-python,False,9,10.0,3.0,6.0,5.0,6.0,5
3,Azure/azure-kusto-python,False,10,10.0,3.0,8.0,8.0,16.0,2
4,Azure/azure-kusto-python,False,11,10.0,4.0,7.0,7.0,8.0,5
5,Azure/azure-kusto-python,False,12,10.0,10.0,15.0,16.0,18.0,2
6,Azure/azure-kusto-python,False,13,10.0,2.0,7.0,10.0,11.0,2
7,Azure/azure-kusto-python,True,8,10.0,5.0,16.0,7.0,8.0,1
8,Azure/azure-kusto-python,True,9,10.0,9.0,28.0,10.0,13.0,1
9,Azure/azure-kusto-python,True,10,10.0,2.0,7.0,14.0,23.0,1
10,Azure/azure-kusto-python,True,11,10.0,12.0,39.0,12.0,15.0,1
11,Azure/azure-kusto-python,True,13,10.0,0.0,1.0,0.0,0.0,1
12,Azure/azure-uamqp-python,False,15,16.0,1.0,1.0,0.0,0.0,1
13,Azure/azure-uamqp-python,False,16,16.0,0.0,1.0,2.0,2.0,2
14,Azure/azure-uamqp-python,True,12,16.0,0.0,0.0,1.0,1.0,2
15,Azure/azure-uamqp-python,True,13,16.0,1.0,7.0,1.0,5.0,3
16,Azure/azure-uamqp-python,True,14,16.0,10.0,29.0,4.0,6.0,5
17,Azure/azure-uamqp-python,True,15,16.0,4.0,5.0,0.0,0.0,2
18,Azure/azure-uamqp-python,True,16,16.0,2.0,3.0,4.0,4.0,5
19,Azure/azure-uamqp-python,True,17,16.0,0.0,0.0,3.0,3.0,2
20,CartoDB/carto-python,False,12,12.0,0.0,0.0,1.0,1.0,1
21,CenturyLinkCloud/clc-python-sdk,False,3,4.0,1.0,1.0,0.0,0.0,1
22,CenturyLinkCloud/clc-python-sdk,False,6,4.0,0.0,0.0,1.0,1.0,1
23,CenturyLinkCloud/clc-python-sdk,True,1,4.0,0.0,0.0,1.0,1.0,1
24,CenturyLinkCloud/clc-python-sdk,True,4,4.0,0.0,0.0,1.0,1.0,1
25,City-of-Helsinki/django-helusers,False,11,12.0,6.0,8.0,0.0,0.0,1
26,City-of-Helsinki/django-helusers,False,12,12.0,4.0,13.0,1.0,1.0,1
27,City-of-Helsinki/django-helusers,False,13,12.0,0.0,0.0,0.0,0.0,1
28,City-of-Helsinki/django-helusers,False,15,12.0,0.0,0.0,0.0,0.0,1
29,ClearcodeHQ/mirakuru,False,13,14.0,0.0,0.0,0.0,0.0,1
30,ClearcodeHQ/mirakuru,False,14,14.0,0.0,0.0,1.0,1.0,1
31,ClearcodeHQ/mirakuru,False,15,14.0,0.0,0.0,0.0,0.0,1
32,ClearcodeHQ/mirakuru,False,16,14.0,0.0,0.0,0.0,0.0,1
33,ClearcodeHQ/mirakuru,False,17,14.0,0.0,0.0,0.0,0.0,1
34,ClearcodeHQ/mirakuru,True,10,14.0,10.0,38.0,2.0,2.0,1
35,ClearcodeHQ/mirakuru,True,11,14.0,0.0,8.0,3.0,5.0,1
36,ClearcodeHQ/mirakuru,True,12,14.0,1.0,5.0,0.0,0.0,1
37,ClearcodeHQ/mirakuru,True,13,14.0,5.0,27.0,2.0,2.0,1
38,ClearcodeHQ/mirakuru,True,14,14.0,0.0,7.0,0.0,0.0,1
39,ClearcodeHQ/mirakuru,True,15,14.0,1.0,4.0,0.0,0.0,1
40,ClearcodeHQ/mirakuru,True,16,14.0,0.0,2.0,1.0,1.0,1
41,ClearcodeHQ/mirakuru,True,17,14.0,6.0,24.0,1.0,2.0,1
42,ClearcodeHQ/pytest-postgresql,False,10,14.0,0.0,0.0,2.0,2.0,1
43,ClearcodeHQ/pytest-postgresql,False,12,14.0,0.0,0.0,1.0,2.0,1
44,ClearcodeHQ/pytest-postgresql,False,13,14.0,6.0,16.0,3.0,4.0,5
45,ClearcodeHQ/pytest-postgresql,False,14,14.0,0.0,5.0,6.0,6.0,4
46,ClearcodeHQ/pytest-postgresql,False,15,14.0,1.0,1.0,2.0,2.0,2
47,ClearcodeHQ/pytest-postgresql,False,16,14.0,0.0,0.0,0.0,0.0,1
48,ClearcodeHQ/pytest-postgresql,False,17,14.0,0.0,0.0,2.0,3.0,3
49,ClearcodeHQ/pytest-postgresql,True,10,14.0,17.0,44.0,11.0,23.0,1
50,ClearcodeHQ/pytest-postgresql,True,11,14.0,2.0,16.0,2.0,2.0,1
51,ClearcodeHQ/pytest-postgresql,True,12,14.0,6.0,27.0,14.0,24.0,1
52,ClearcodeHQ/pytest-postgresql,True,13,14.0,20.0,85.0,15.0,25.0,1
53,ClearcodeHQ/pytest-postgresql,True,14,14.0,7.0,22.0,7.0,14.0,1
54,ClearcodeHQ/pytest-postgresql,True,15,14.0,1.0,17.0,7.0,13.0,1
55,ClearcodeHQ/pytest-postgresql,True,16,14.0,1.0,9.0,6.0,12.0,1
56,ClearcodeHQ/pytest-postgresql,True,17,14.0,10.0,33.0,5.0,7.0,1
57,ClearcodeHQ/pytest-redis,False,13,14.0,0.0,0.0,0.0,0.0,1
58,ClearcodeHQ/pytest-redis,False,14,14.0,0.0,0.0,2.0,2.0,1
59,ClearcodeHQ/pytest-redis,False,15,14.0,0.0,0.0,1.0,1.0,2
60,ClearcodeHQ/pytest-redis,False,16,14.0,0.0,0.0,0.0,0.0,1
61,ClearcodeHQ/pytest-redis,False,17,14.0,0.0,0.0,0.0,0.0,1
62,ClearcodeHQ/pytest-redis,True,10,14.0,7.0,22.0,2.0,3.0,1
63,ClearcodeHQ/pytest-redis,True,11,14.0,1.0,4.0,3.0,4.0,1
64,ClearcodeHQ/pytest-redis,True,12,14.0,0.0,4.0,0.0,0.0,1
65,ClearcodeHQ/pytest-redis,True,13,14.0,7.0,28.0,4.0,6.0,1
66,ClearcodeHQ/pytest-redis,True,14,14.0,2.0,14.0,1.0,1.0,1
67,ClearcodeHQ/pytest-redis,True,15,14.0,2.0,4.0,3.0,4.0,1
68,ClearcodeHQ/pytest-redis,True,16,14.0,3.0,16.0,2.0,3.0,1
69,ClearcodeHQ/pytest-redis,True,17,14.0,8.0,30.0,6.0,10.0,1
70,Cog-Creators/Red-DiscordBot,False,10,13.0,0.0,0.0,1.0,1.0,2
71,Cog-Creators/Red-DiscordBot,False,11,13.0,0.0,1.0,4.0,8.0,5
72,Cog-Creators/Red-DiscordBot,False,12,13.0,15.0,30.0,14.0,15.0,10
73,Cog-Creators/Red-DiscordBot,False,13,13.0,63.0,106.0,24.0,28.0,12
74,Cog-Creators/Red-DiscordBot,False,14,13.0,16.0,45.0,8.0,9.0,9
75,Cog-Creators/Red-DiscordBot,False,15,13.0,13.0,35.0,4.0,4.0,7
76,Cog-Creators/Red-DiscordBot,False,16,13.0,16.0,30.0,7.0,7.0,7
77,Cog-Creators/Red-DiscordBot,True,9,13.0,211.0,412.0,109.0,132.0,23
78,Cog-Creators/Red-DiscordBot,True,10,13.0,181.0,319.0,105.0,153.0,21
79,Cog-Creators/Red-DiscordBot,True,11,13.0,444.0,675.0,270.0,375.0,28
80,Cog-Creators/Red-DiscordBot,True,12,13.0,294.0,598.0,204.0,283.0,30
81,Cog-Creators/Red-DiscordBot,True,13,13.0,207.0,473.0,149.0,178.0,29
82,Cog-Creators/Red-DiscordBot,True,14,13.0,73.0,192.0,64.0,84.0,25
83,Cog-Creators/Red-DiscordBot,True,15,13.0,82.0,192.0,39.0,50.0,21
84,Cog-Creators/Red-DiscordBot,True,16,13.0,53.0,136.0,91.0,108.0,18
85,Cornices/cornice,True,12,16.0,3.0,17.0,0.0,0.0,2
86,Cornices/cornice,True,13,16.0,3.0,18.0,4.0,4.0,2
87,Cornices/cornice,True,14,16.0,2.0,7.0,1.0,1.0,1
88,Cornices/cornice,True,15,16.0,0.0,7.0,0.0,0.0,1
89,Cornices/cornice,True,16,16.0,0.0,1.0,1.0,1.0,2
90,CybOXProject/python-cybox,False,4,8.0,1.0,4.0,0.0,0.0,1
91,CybOXProject/python-cybox,False,10,8.0,0.0,3.0,1.0,1.0,1
92,CybOXProject/python-cybox,False,11,8.0,0.0,1.0,0.0,0.0,1
93,CybOXProject/python-cybox,True,5,8.0,2.0,2.0,0.0,0.0,1
94,CybOXProject/python-cybox,True,6,8.0,1.0,1.0,8.0,9.0,2
95,CybOXProject/python-cybox,True,7,8.0,5.0,6.0,4.0,10.0,2
96,CybOXProject/python-cybox,True,9,8.0,0.0,0.0,1.0,1.0,1
97,CybOXProject/python-cybox,True,10,8.0,3.0,12.0,2.0,3.0,2
98,CybOXProject/python-cybox,True,11,8.0,1.0,8.0,1.0,1.0,1
99,EpistasisLab/tpot,False,13,14.0,2.0,2.0,2.0,2.0,2
100,EpistasisLab/tpot,False,14,14.0,1.0,1.0,13.0,19.0,2
101,EpistasisLab/tpot,True,10,14.0,0.0,0.0,3.0,6.0,3
102,EpistasisLab/tpot,True,11,14.0,9.0,9.0,12.0,20.0,6
103,EpistasisLab/tpot,True,12,14.0,1.0,1.0,4.0,8.0,3
104,EpistasisLab/tpot,True,13,14.0,0.0,1.0,21.0,25.0,4
105,EpistasisLab/tpot,True,14,14.0,0.0,0.0,6.0,7.0,4
106,EpistasisLab/tpot,True,15,14.0,1.0,1.0,4.0,5.0,5
107,EpistasisLab/tpot,True,16,14.0,0.0,0.0,4.0,4.0,3
108,EpistasisLab/tpot,True,17,14.0,0.0,1.0,3.0,3.0,6
109,Hipo/drf-extra-fields,True,10,14.0,3.0,3.0,4.0,5.0,4
110,Hipo/drf-extra-fields,True,11,14.0,4.0,4.0,5.0,8.0,3
111,Hipo/drf-extra-fields,True,12,14.0,4.0,4.0,2.0,4.0,5
112,Hipo/drf-extra-fields,True,13,14.0,2.0,3.0,1.0,1.0,4
113,Hipo/drf-extra-fields,True,14,14.0,1.0,4.0,2.0,2.0,5
114,Hipo/drf-extra-fields,True,15,14.0,5.0,12.0,4.0,4.0,5
115,Hipo/drf-extra-fields,True,16,14.0,0.0,1.0,0.0,0.0,1
116,Hipo/drf-extra-fields,True,17,14.0,9.0,17.0,2.0,2.0,5
117,MIT-LCP/wfdb-python,True,10,14.0,0.0,0.0,1.0,3.0,1
118,MIT-LCP/wfdb-python,True,11,14.0,0.0,0.0,4.0,6.0,2
119,MIT-LCP/wfdb-python,True,12,14.0,5.0,5.0,2.0,7.0,4
120,MIT-LCP/wfdb-python,True,13,14.0,3.0,9.0,0.0,0.0,2
121,MIT-LCP/wfdb-python,True,14,14.0,1.0,9.0,12.0,15.0,5
122,MIT-LCP/wfdb-python,True,15,14.0,24.0,44.0,23.0,36.0,5
123,MIT-LCP/wfdb-python,True,16,14.0,1.0,8.0,16.0,20.0,4
124,MIT-LCP/wfdb-python,True,17,14.0,3.0,13.0,10.0,31.0,5
125,MLBazaar/MLBlocks,True,12,14.0,1.0,8.0,0.0,0.0,1
126,MLBazaar/MLBlocks,True,13,14.0,0.0,2.0,0.0,0.0,1
127,MLBazaar/MLBlocks,True,14,14.0,0.0,2.0,0.0,0.0,1
128,MLBazaar/MLBlocks,True,16,14.0,0.0,2.0,0.0,0.0,1
129,MLBazaar/MLBlocks,True,17,14.0,1.0,14.0,0.0,0.0,1
130,MisterWil/abodepy,True,9,13.0,0.0,3.0,4.0,6.0,1
131,MisterWil/abodepy,True,10,13.0,3.0,14.0,6.0,12.0,1
132,MisterWil/abodepy,True,11,13.0,0.0,6.0,2.0,2.0,2
133,MisterWil/abodepy,True,12,13.0,1.0,13.0,7.0,16.0,3
134,MisterWil/abodepy,True,13,13.0,0.0,0.0,3.0,3.0,3
135,MisterWil/abodepy,True,15,13.0,0.0,0.0,1.0,1.0,1
136,MisterWil/abodepy,True,16,13.0,0.0,0.0,2.0,3.0,2
137,MycroftAI/adapt,True,11,15.0,1.0,5.0,1.0,1.0,1
138,MycroftAI/adapt,True,12,15.0,5.0,11.0,2.0,2.0,1
139,MycroftAI/adapt,True,13,15.0,5.0,11.0,7.0,10.0,2
140,MycroftAI/adapt,True,14,15.0,4.0,11.0,0.0,0.0,1
141,MycroftAI/adapt,True,15,15.0,0.0,0.0,1.0,4.0,2
142,MycroftAI/adapt,True,16,15.0,0.0,0.0,0.0,0.0,1
143,MycroftAI/adapt,True,17,15.0,0.0,0.0,0.0,0.0,1
144,Parsely/pykafka,False,8,10.0,0.0,0.0,0.0,0.0,1
145,Parsely/pykafka,False,9,10.0,3.0,4.0,0.0,0.0,1
146,Parsely/pykafka,False,10,10.0,0.0,0.0,0.0,0.0,1
147,Parsely/pykafka,False,11,10.0,0.0,0.0,0.0,0.0,1
148,Parsely/pykafka,False,12,10.0,0.0,0.0,0.0,0.0,1
149,Parsely/pykafka,False,13,10.0,0.0,0.0,0.0,0.0,1
150,Parsely/pykafka,True,6,10.0,20.0,75.0,48.0,71.0,5
151,Parsely/pykafka,True,7,10.0,15.0,58.0,53.0,74.0,3
152,Parsely/pykafka,True,8,10.0,13.0,67.0,35.0,64.0,2
153,Parsely/pykafka,True,9,10.0,2.0,33.0,18.0,28.0,3
154,Parsely/pykafka,True,10,10.0,0.0,0.0,1.0,1.0,2
155,Parsely/pykafka,True,12,10.0,0.0,0.0,1.0,1.0,2
156,RLBot/RLBot,True,12,16.0,4.0,6.0,3.0,4.0,3
157,RLBot/RLBot,True,13,16.0,1.0,2.0,3.0,6.0,3
158,RLBot/RLBot,True,14,16.0,2.0,5.0,3.0,3.0,2
159,RLBot/RLBot,True,15,16.0,6.0,11.0,5.0,6.0,2
160,RLBot/RLBot,True,16,16.0,5.0,10.0,2.0,3.0,4
161,RLBot/RLBot,True,17,16.0,0.0,0.0,10.0,10.0,2
162,RedHatQE/widgetastic.patternfly,False,6,8.0,0.0,0.0,0.0,0.0,1
163,RedHatQE/widgetastic.patternfly,False,7,8.0,4.0,6.0,1.0,1.0,2
164,RedHatQE/widgetastic.patternfly,False,8,8.0,4.0,4.0,0.0,0.0,2
165,RedHatQE/widgetastic.patternfly,False,9,8.0,6.0,6.0,3.0,3.0,2
166,RedHatQE/widgetastic.patternfly,False,10,8.0,1.0,1.0,0.0,0.0,2
167,RedHatQE/widgetastic.patternfly,False,11,8.0,0.0,0.0,0.0,0.0,1
168,RedHatQE/widgetastic.patternfly,True,5,8.0,4.0,5.0,0.0,0.0,3
169,RedHatQE/widgetastic.patternfly,True,6,8.0,3.0,5.0,0.0,0.0,4
170,RedHatQE/widgetastic.patternfly,True,7,8.0,3.0,6.0,3.0,5.0,5
171,RedHatQE/widgetastic.patternfly,True,8,8.0,9.0,24.0,1.0,1.0,4
172,RedHatQE/widgetastic.patternfly,True,9,8.0,2.0,14.0,1.0,1.0,4
173,RedHatQE/widgetastic.patternfly,True,10,8.0,10.0,26.0,1.0,1.0,3
174,RedHatQE/widgetastic.patternfly,True,11,8.0,0.0,5.0,0.0,0.0,2
175,UMIACS/rgwadmin,False,13,13.0,0.0,4.0,1.0,1.0,1
176,WattTime/pyiso,True,1,5.0,0.0,1.0,0.0,0.0,1
177,WattTime/pyiso,True,2,5.0,0.0,1.0,0.0,0.0,1
178,WattTime/pyiso,True,3,5.0,1.0,1.0,1.0,1.0,2
179,WattTime/pyiso,True,4,5.0,1.0,1.0,1.0,1.0,3
180,WattTime/pyiso,True,5,5.0,0.0,3.0,3.0,4.0,3
181,WattTime/pyiso,True,6,5.0,0.0,1.0,0.0,0.0,1
182,Z3Prover/z3,False,10,14.0,39.0,75.0,48.0,89.0,26
183,Z3Prover/z3,False,11,14.0,64.0,849.0,211.0,338.0,35
184,Z3Prover/z3,False,12,14.0,31.0,77.0,71.0,136.0,30
185,Z3Prover/z3,False,13,14.0,81.0,144.0,57.0,92.0,34
186,Z3Prover/z3,False,14,14.0,37.0,155.0,69.0,124.0,42
187,Z3Prover/z3,False,15,14.0,14.0,84.0,58.0,122.0,36
188,Z3Prover/z3,False,16,14.0,41.0,379.0,46.0,76.0,29
189,Z3Prover/z3,False,17,14.0,17.0,304.0,20.0,40.0,19
190,Z3Prover/z3,True,10,14.0,0.0,525.0,310.0,500.0,7
191,Z3Prover/z3,True,11,14.0,12.0,1285.0,1055.0,1405.0,8
192,Z3Prover/z3,True,12,14.0,24.0,489.0,290.0,482.0,10
193,Z3Prover/z3,True,13,14.0,6.0,749.0,263.0,561.0,9
194,Z3Prover/z3,True,14,14.0,7.0,795.0,227.0,481.0,10
195,Z3Prover/z3,True,15,14.0,7.0,606.0,203.0,389.0,8
196,Z3Prover/z3,True,16,14.0,3.0,774.0,170.0,324.0,6
197,Z3Prover/z3,True,17,14.0,1.0,385.0,126.0,184.0,6
198,agoragames/haigha,False,3,4.0,1.0,1.0,1.0,7.0,1
199,agoragames/haigha,False,4,4.0,0.0,0.0,0.0,0.0,1
200,agoragames/haigha,True,1,4.0,2.0,2.0,2.0,5.0,1
201,agoragames/haigha,True,2,4.0,1.0,1.0,0.0,0.0,1
202,agoragames/haigha,True,3,4.0,3.0,3.0,5.0,10.0,1
203,agoragames/haigha,True,5,4.0,0.0,0.0,1.0,1.0,1
204,aio-libs/aiorwlock,False,12,14.0,0.0,18.0,0.0,0.0,1
205,aio-libs/aiorwlock,False,13,14.0,1.0,2.0,0.0,0.0,2
206,aio-libs/aiorwlock,False,14,14.0,20.0,50.0,0.0,0.0,2
207,aio-libs/aiorwlock,False,15,14.0,28.0,65.0,0.0,0.0,2
208,aio-libs/aiorwlock,False,16,14.0,27.0,63.0,0.0,0.0,1
209,aio-libs/aiorwlock,False,17,14.0,18.0,46.0,0.0,0.0,1
210,aio-libs/aiorwlock,True,10,14.0,0.0,0.0,0.0,0.0,1
211,aio-libs/aiorwlock,True,11,14.0,0.0,0.0,0.0,0.0,1
212,aio-libs/aiorwlock,True,12,14.0,0.0,0.0,0.0,0.0,1
213,aio-libs/aiorwlock,True,13,14.0,0.0,0.0,0.0,0.0,1
214,aio-libs/aiorwlock,True,14,14.0,0.0,0.0,0.0,0.0,1
215,aio-libs/aiorwlock,True,15,14.0,0.0,0.0,0.0,0.0,1
216,aio-libs/aiorwlock,True,16,14.0,0.0,0.0,0.0,0.0,1
217,aio-libs/yarl,False,10,13.0,0.0,0.0,1.0,4.0,1
218,aio-libs/yarl,False,11,13.0,0.0,0.0,3.0,4.0,3
219,aio-libs/yarl,False,12,13.0,1.0,2.0,4.0,5.0,5
220,aio-libs/yarl,False,13,13.0,0.0,0.0,1.0,1.0,2
221,aio-libs/yarl,False,14,13.0,0.0,0.0,2.0,4.0,2
222,aio-libs/yarl,False,15,13.0,0.0,0.0,2.0,2.0,2
223,aio-libs/yarl,False,16,13.0,0.0,1.0,2.0,2.0,3
224,aio-libs/yarl,True,9,13.0,0.0,4.0,6.0,13.0,3
225,aio-libs/yarl,True,10,13.0,25.0,94.0,23.0,35.0,3
226,aio-libs/yarl,True,11,13.0,0.0,5.0,6.0,10.0,3
227,aio-libs/yarl,True,12,13.0,20.0,69.0,43.0,80.0,3
228,aio-libs/yarl,True,13,13.0,0.0,3.0,6.0,9.0,3
229,aio-libs/yarl,True,14,13.0,4.0,18.0,12.0,14.0,3
230,aio-libs/yarl,True,15,13.0,1.0,4.0,4.0,4.0,3
231,aio-libs/yarl,True,16,13.0,4.0,24.0,10.0,24.0,3
232,aiogram/aiogram,False,9,13.0,15.0,15.0,0.0,0.0,3
233,aiogram/aiogram,False,10,13.0,8.0,8.0,1.0,1.0,2
234,aiogram/aiogram,False,11,13.0,9.0,9.0,3.0,3.0,7
235,aiogram/aiogram,False,12,13.0,21.0,21.0,7.0,7.0,8
236,aiogram/aiogram,False,13,13.0,9.0,9.0,4.0,6.0,9
237,aiogram/aiogram,False,14,13.0,17.0,17.0,0.0,0.0,5
238,aiogram/aiogram,False,15,13.0,4.0,5.0,5.0,5.0,6
239,aiogram/aiogram,False,16,13.0,6.0,7.0,3.0,3.0,5
240,aiogram/aiogram,True,9,13.0,3.0,69.0,12.0,19.0,2
241,aiogram/aiogram,True,10,13.0,13.0,204.0,29.0,41.0,6
242,aiogram/aiogram,True,11,13.0,14.0,73.0,41.0,61.0,7
243,aiogram/aiogram,True,12,13.0,23.0,25.0,40.0,46.0,6
244,aiogram/aiogram,True,13,13.0,15.0,19.0,35.0,45.0,6
245,aiogram/aiogram,True,14,13.0,43.0,53.0,34.0,46.0,7
246,aiogram/aiogram,True,15,13.0,32.0,33.0,42.0,50.0,5
247,aiogram/aiogram,True,16,13.0,25.0,55.0,33.0,38.0,5
248,aiven/aiven-client,False,8,12.0,3.0,11.0,0.0,0.0,2
249,aiven/aiven-client,False,9,12.0,7.0,13.0,1.0,1.0,2
250,aiven/aiven-client,False,10,12.0,7.0,16.0,0.0,0.0,3
251,aiven/aiven-client,False,11,12.0,3.0,7.0,1.0,2.0,2
252,aiven/aiven-client,False,12,12.0,1.0,10.0,0.0,0.0,2
253,aiven/aiven-client,False,13,12.0,1.0,17.0,0.0,0.0,2
254,aiven/aiven-client,False,14,12.0,3.0,9.0,2.0,3.0,3
255,aiven/aiven-client,False,15,12.0,0.0,2.0,1.0,2.0,2
256,aldryn/aldryn-people,True,1,4.0,5.0,13.0,1.0,1.0,3
257,aldryn/aldryn-people,True,2,4.0,13.0,25.0,5.0,7.0,4
258,aldryn/aldryn-people,True,3,4.0,9.0,18.0,0.0,0.0,5
259,aldryn/aldryn-people,True,4,4.0,5.0,7.0,4.0,5.0,5
260,aldryn/aldryn-people,True,5,4.0,0.0,0.0,0.0,0.0,1
261,aldryn/aldryn-people,True,6,4.0,0.0,0.0,0.0,0.0,1
262,aldryn/aldryn-people,True,7,4.0,1.0,4.0,0.0,0.0,3
263,alex-sherman/deco,True,12,15.0,0.0,2.0,4.0,5.0,1
264,alex-sherman/deco,True,13,15.0,0.0,4.0,5.0,9.0,2
265,alex-sherman/deco,True,14,15.0,0.0,3.0,1.0,2.0,1
266,alex-sherman/deco,True,15,15.0,0.0,0.0,3.0,3.0,2
267,angr/archinfo,False,12,16.0,1.0,2.0,0.0,0.0,1
268,angr/archinfo,False,14,16.0,0.0,0.0,0.0,0.0,1
269,angr/archinfo,False,15,16.0,4.0,19.0,5.0,6.0,2
270,angr/archinfo,False,16,16.0,0.0,2.0,3.0,7.0,2
271,angr/archinfo,False,17,16.0,7.0,22.0,0.0,0.0,3
272,angr/archinfo,True,12,16.0,1.0,5.0,1.0,1.0,2
273,angr/archinfo,True,13,16.0,0.0,1.0,0.0,0.0,1
274,angr/archinfo,True,14,16.0,1.0,4.0,0.0,0.0,2
275,angr/archinfo,True,15,16.0,2.0,9.0,5.0,7.0,2
276,angr/archinfo,True,16,16.0,2.0,7.0,1.0,1.0,2
277,angr/archinfo,True,17,16.0,2.0,6.0,0.0,0.0,2
278,ansible/ansible-runner,False,11,15.0,4.0,5.0,4.0,7.0,3
279,ansible/ansible-runner,False,12,15.0,4.0,20.0,5.0,8.0,2
280,ansible/ansible-runner,False,13,15.0,0.0,2.0,4.0,4.0,4
281,ansible/ansible-runner,False,14,15.0,0.0,0.0,5.0,7.0,5
282,ansible/ansible-runner,False,15,15.0,1.0,1.0,5.0,7.0,7
283,ansible/ansible-runner,False,16,15.0,3.0,5.0,6.0,8.0,6
284,ansible/ansible-runner,False,17,15.0,1.0,2.0,4.0,5.0,4
285,ansible/ansible-runner,True,11,15.0,9.0,35.0,11.0,15.0,4
286,ansible/ansible-runner,True,12,15.0,35.0,108.0,49.0,66.0,4
287,ansible/ansible-runner,True,13,15.0,26.0,116.0,28.0,33.0,6
288,ansible/ansible-runner,True,14,15.0,37.0,155.0,20.0,27.0,7
289,ansible/ansible-runner,True,15,15.0,39.0,78.0,42.0,64.0,10
290,ansible/ansible-runner,True,16,15.0,13.0,29.0,11.0,14.0,7
291,ansible/ansible-runner,True,17,15.0,10.0,24.0,15.0,31.0,3
292,appknox/vendor,False,6,7.0,2.0,4.0,0.0,0.0,1
293,appknox/vendor,False,7,7.0,1.0,39.0,0.0,0.0,1
294,appknox/vendor,False,8,7.0,5.0,38.0,0.0,0.0,1
295,appknox/vendor,False,9,7.0,1.0,13.0,0.0,0.0,1
296,appknox/vendor,False,10,7.0,3.0,11.0,0.0,0.0,1
297,appknox/vendor,True,4,7.0,0.0,1.0,0.0,0.0,1
298,appknox/vendor,True,5,7.0,3.0,16.0,0.0,0.0,2
299,appknox/vendor,True,6,7.0,3.0,10.0,1.0,1.0,2
300,appknox/vendor,True,7,7.0,10.0,34.0,0.0,0.0,2
301,appknox/vendor,True,8,7.0,2.0,3.0,0.0,0.0,1
302,appknox/vendor,True,9,7.0,1.0,2.0,0.0,0.0,1
303,appknox/vendor,True,10,7.0,0.0,3.0,0.0,0.0,1
304,arose/nglview,True,8,12.0,0.0,16.0,19.0,61.0,1
305,arose/nglview,True,9,12.0,37.0,131.0,45.0,162.0,1
306,arose/nglview,True,10,12.0,8.0,85.0,24.0,125.0,1
307,arose/nglview,True,11,12.0,4.0,20.0,45.0,164.0,5
308,arose/nglview,True,12,12.0,0.0,0.0,12.0,19.0,5
309,arrow-py/arrow,False,13,16.0,9.0,19.0,0.0,0.0,1
310,arrow-py/arrow,False,14,16.0,4.0,8.0,0.0,0.0,1
311,arrow-py/arrow,False,15,16.0,1.0,4.0,0.0,0.0,1
312,arrow-py/arrow,False,16,16.0,0.0,0.0,0.0,0.0,1
313,arrow-py/arrow,True,12,16.0,9.0,17.0,25.0,40.0,3
314,arrow-py/arrow,True,13,16.0,10.0,24.0,33.0,41.0,4
315,arrow-py/arrow,True,14,16.0,23.0,51.0,33.0,45.0,4
316,arrow-py/arrow,True,15,16.0,2.0,9.0,18.0,22.0,5
317,arrow-py/arrow,True,16,16.0,2.0,14.0,8.0,10.0,5
318,arrow-py/arrow,True,17,16.0,0.0,0.0,7.0,9.0,3
319,astropy/regions,False,10,11.0,0.0,0.0,1.0,1.0,1
320,astropy/regions,False,13,11.0,1.0,2.0,0.0,0.0,1
321,astropy/regions,True,7,11.0,4.0,20.0,7.0,10.0,4
322,astropy/regions,True,8,11.0,2.0,30.0,8.0,10.0,4
323,astropy/regions,True,9,11.0,22.0,46.0,21.0,39.0,6
324,astropy/regions,True,10,11.0,5.0,10.0,11.0,12.0,6
325,astropy/regions,True,11,11.0,5.0,18.0,5.0,8.0,4
326,astropy/regions,True,12,11.0,6.0,11.0,3.0,3.0,4
327,astropy/regions,True,13,11.0,47.0,139.0,11.0,21.0,4
328,astropy/regions,True,14,11.0,27.0,71.0,15.0,15.0,4
329,autoprotocol/autoprotocol-python,False,1,5.0,0.0,1.0,2.0,2.0,2
330,autoprotocol/autoprotocol-python,False,2,5.0,2.0,14.0,0.0,0.0,2
331,autoprotocol/autoprotocol-python,False,3,5.0,8.0,26.0,1.0,1.0,2
332,autoprotocol/autoprotocol-python,False,4,5.0,1.0,3.0,4.0,7.0,2
333,autoprotocol/autoprotocol-python,False,7,5.0,0.0,1.0,0.0,0.0,1
334,autoprotocol/autoprotocol-python,False,8,5.0,7.0,14.0,0.0,0.0,1
335,avast/yaramod,True,12,16.0,5.0,23.0,2.0,2.0,2
336,avast/yaramod,True,13,16.0,4.0,25.0,2.0,2.0,2
337,avast/yaramod,True,14,16.0,2.0,12.0,1.0,1.0,2
338,avast/yaramod,True,15,16.0,4.0,30.0,0.0,0.0,2
339,avast/yaramod,True,16,16.0,5.0,13.0,0.0,0.0,2
340,avast/yaramod,True,17,16.0,7.0,32.0,2.0,2.0,2
341,aws/aws-encryption-sdk-python,False,11,15.0,0.0,0.0,0.0,0.0,1
342,aws/aws-encryption-sdk-python,False,12,15.0,0.0,1.0,0.0,0.0,1
343,aws/aws-encryption-sdk-python,False,13,15.0,3.0,9.0,1.0,1.0,2
344,aws/aws-encryption-sdk-python,False,14,15.0,13.0,26.0,2.0,2.0,3
345,aws/aws-encryption-sdk-python,False,15,15.0,23.0,53.0,2.0,4.0,4
346,aws/aws-encryption-sdk-python,False,16,15.0,26.0,46.0,3.0,3.0,3
347,aws/aws-encryption-sdk-python,False,17,15.0,10.0,26.0,2.0,2.0,4
348,aws/aws-encryption-sdk-python,True,11,15.0,42.0,76.0,14.0,21.0,2
349,aws/aws-encryption-sdk-python,True,12,15.0,7.0,12.0,6.0,6.0,3
350,aws/aws-encryption-sdk-python,True,13,15.0,5.0,18.0,2.0,2.0,4
351,aws/aws-encryption-sdk-python,True,14,15.0,4.0,6.0,0.0,0.0,3
352,aws/aws-encryption-sdk-python,True,15,15.0,5.0,11.0,2.0,4.0,4
353,aws/aws-encryption-sdk-python,True,16,15.0,1.0,1.0,0.0,0.0,3
354,aws/aws-encryption-sdk-python,True,17,15.0,0.0,1.0,3.0,3.0,2
355,aws/aws-xray-sdk-python,True,6,9.0,2.0,11.0,5.0,10.0,3
356,aws/aws-xray-sdk-python,True,7,9.0,4.0,15.0,35.0,73.0,5
357,aws/aws-xray-sdk-python,True,8,9.0,3.0,19.0,37.0,60.0,8
358,aws/aws-xray-sdk-python,True,9,9.0,0.0,0.0,1.0,1.0,4
359,aws/aws-xray-sdk-python,True,10,9.0,0.0,0.0,5.0,5.0,4
360,aws/aws-xray-sdk-python,True,11,9.0,1.0,1.0,9.0,13.0,4
361,aws/aws-xray-sdk-python,True,12,9.0,0.0,0.0,2.0,4.0,2
362,awslabs/aws-config-rdk,False,10,11.0,0.0,0.0,1.0,1.0,1
363,awslabs/aws-config-rdk,False,11,11.0,0.0,0.0,2.0,2.0,2
364,awslabs/aws-config-rdk,True,7,11.0,0.0,0.0,1.0,1.0,1
365,awslabs/aws-config-rdk,True,8,11.0,0.0,0.0,12.0,16.0,1
366,awslabs/aws-config-rdk,True,9,11.0,1.0,2.0,5.0,6.0,2
367,awslabs/aws-config-rdk,True,10,11.0,3.0,7.0,4.0,7.0,2
368,awslabs/aws-config-rdk,True,11,11.0,18.0,31.0,10.0,10.0,3
369,awslabs/aws-config-rdk,True,12,11.0,2.0,6.0,1.0,2.0,2
370,awslabs/aws-config-rdk,True,13,11.0,4.0,7.0,0.0,0.0,1
371,awslabs/aws-config-rdk,True,14,11.0,4.0,7.0,0.0,0.0,2
372,beeware/toga,False,11,15.0,30.0,32.0,26.0,65.0,3
373,beeware/toga,False,12,15.0,37.0,51.0,18.0,20.0,3
374,beeware/toga,False,13,15.0,10.0,10.0,5.0,8.0,3
375,beeware/toga,False,14,15.0,1.0,2.0,1.0,1.0,4
376,beeware/toga,False,15,15.0,3.0,3.0,3.0,5.0,6
377,beeware/toga,False,16,15.0,19.0,19.0,15.0,26.0,4
378,beeware/toga,False,17,15.0,0.0,0.0,1.0,5.0,1
379,beeware/toga,True,11,15.0,34.0,170.0,128.0,198.0,2
380,beeware/toga,True,12,15.0,62.0,199.0,85.0,152.0,5
381,beeware/toga,True,13,15.0,18.0,73.0,45.0,65.0,5
382,beeware/toga,True,14,15.0,25.0,76.0,21.0,33.0,5
383,beeware/toga,True,15,15.0,44.0,122.0,80.0,99.0,4
384,beeware/toga,True,16,15.0,23.0,115.0,49.0,78.0,3
385,beeware/toga,True,17,15.0,71.0,188.0,83.0,148.0,4
386,biolink/ontobio,False,10,14.0,0.0,0.0,1.0,1.0,1
387,biolink/ontobio,False,14,14.0,0.0,0.0,2.0,2.0,1
388,biolink/ontobio,True,10,14.0,7.0,19.0,16.0,20.0,5
389,biolink/ontobio,True,11,14.0,4.0,21.0,0.0,0.0,5
390,biolink/ontobio,True,12,14.0,10.0,24.0,10.0,18.0,6
391,biolink/ontobio,True,13,14.0,33.0,68.0,19.0,25.0,6
392,biolink/ontobio,True,14,14.0,11.0,56.0,15.0,19.0,8
393,biolink/ontobio,True,15,14.0,9.0,30.0,7.0,9.0,4
394,biolink/ontobio,True,16,14.0,3.0,6.0,1.0,1.0,3
395,biolink/ontobio,True,17,14.0,1.0,4.0,0.0,0.0,2
396,bitcraze/crazyflie-lib-python,False,14,16.0,0.0,0.0,1.0,2.0,1
397,bitcraze/crazyflie-lib-python,False,15,16.0,0.0,3.0,1.0,1.0,1
398,bitcraze/crazyflie-lib-python,False,16,16.0,3.0,5.0,2.0,2.0,3
399,bitcraze/crazyflie-lib-python,False,17,16.0,1.0,1.0,0.0,0.0,1
400,bitcraze/crazyflie-lib-python,True,12,16.0,0.0,63.0,15.0,20.0,4
401,bitcraze/crazyflie-lib-python,True,13,16.0,14.0,102.0,10.0,11.0,4
402,bitcraze/crazyflie-lib-python,True,14,16.0,4.0,18.0,10.0,14.0,4
403,bitcraze/crazyflie-lib-python,True,15,16.0,26.0,82.0,11.0,14.0,3
404,bitcraze/crazyflie-lib-python,True,16,16.0,12.0,35.0,11.0,12.0,4
405,bitcraze/crazyflie-lib-python,True,17,16.0,16.0,43.0,17.0,28.0,4
406,box/box-python-sdk,False,11,14.0,0.0,0.0,1.0,3.0,1
407,box/box-python-sdk,False,13,14.0,3.0,6.0,3.0,3.0,4
408,box/box-python-sdk,False,14,14.0,6.0,24.0,6.0,15.0,2
409,box/box-python-sdk,False,15,14.0,4.0,9.0,2.0,2.0,2
410,box/box-python-sdk,False,16,14.0,2.0,3.0,3.0,3.0,2
411,box/box-python-sdk,False,17,14.0,0.0,0.0,2.0,4.0,2
412,box/box-python-sdk,True,10,14.0,0.0,2.0,5.0,7.0,3
413,box/box-python-sdk,True,11,14.0,8.0,24.0,13.0,17.0,5
414,box/box-python-sdk,True,12,14.0,3.0,7.0,4.0,4.0,6
415,box/box-python-sdk,True,13,14.0,0.0,1.0,7.0,10.0,5
416,box/box-python-sdk,True,14,14.0,2.0,7.0,3.0,5.0,5
417,box/box-python-sdk,True,15,14.0,1.0,2.0,7.0,8.0,5
418,box/box-python-sdk,True,16,14.0,0.0,0.0,5.0,11.0,4
419,box/box-python-sdk,True,17,14.0,0.0,0.0,1.0,1.0,3
420,brainix/pottery,True,12,16.0,150.0,298.0,1.0,2.0,1
421,brainix/pottery,True,13,16.0,98.0,195.0,2.0,4.0,1
422,brainix/pottery,True,14,16.0,163.0,296.0,11.0,15.0,1
423,brainix/pottery,True,15,16.0,127.0,233.0,0.0,0.0,1
424,brainix/pottery,True,16,16.0,0.0,0.0,1.0,1.0,1
425,camptocamp/tilecloud-chain,False,10,14.0,1.0,2.0,0.0,0.0,1
426,camptocamp/tilecloud-chain,False,11,14.0,2.0,3.0,0.0,0.0,2
427,camptocamp/tilecloud-chain,False,12,14.0,0.0,0.0,0.0,0.0,2
428,camptocamp/tilecloud-chain,False,13,14.0,43.0,84.0,0.0,0.0,4
429,camptocamp/tilecloud-chain,False,14,14.0,83.0,173.0,1.0,1.0,4
430,camptocamp/tilecloud-chain,False,15,14.0,139.0,270.0,0.0,0.0,3
431,camptocamp/tilecloud-chain,False,16,14.0,7.0,12.0,1.0,1.0,4
432,camptocamp/tilecloud-chain,False,17,14.0,15.0,15.0,0.0,0.0,3
433,camptocamp/tilecloud-chain,True,10,14.0,14.0,52.0,1.0,3.0,1
434,camptocamp/tilecloud-chain,True,11,14.0,19.0,91.0,0.0,0.0,1
435,camptocamp/tilecloud-chain,True,12,14.0,13.0,80.0,0.0,0.0,1
436,camptocamp/tilecloud-chain,True,13,14.0,28.0,128.0,0.0,0.0,1
437,camptocamp/tilecloud-chain,True,14,14.0,11.0,51.0,0.0,0.0,1
438,camptocamp/tilecloud-chain,True,15,14.0,28.0,147.0,0.0,0.0,1
439,camptocamp/tilecloud-chain,True,16,14.0,39.0,199.0,0.0,0.0,1
440,camptocamp/tilecloud-chain,True,17,14.0,35.0,133.0,0.0,0.0,1
441,celery/billiard,False,4,5.0,2.0,4.0,3.0,4.0,3
442,celery/billiard,False,5,5.0,0.0,0.0,1.0,1.0,1
443,celery/billiard,False,6,5.0,0.0,0.0,2.0,4.0,2
444,celery/billiard,True,1,5.0,1.0,8.0,6.0,8.0,2
445,celery/billiard,True,2,5.0,0.0,1.0,1.0,1.0,2
446,celery/billiard,True,3,5.0,0.0,0.0,2.0,2.0,3
447,celery/billiard,True,4,5.0,0.0,0.0,3.0,5.0,3
448,celery/billiard,True,5,5.0,0.0,0.0,4.0,4.0,2
449,celery/billiard,True,6,5.0,0.0,1.0,22.0,29.0,4
450,celery/billiard,True,7,5.0,0.0,0.0,10.0,15.0,3
451,celery/billiard,True,8,5.0,0.0,3.0,6.0,10.0,3
452,charlesthk/python-mailchimp,True,4,8.0,5.0,33.0,41.0,73.0,2
453,charlesthk/python-mailchimp,True,5,8.0,1.0,18.0,20.0,25.0,2
454,charlesthk/python-mailchimp,True,6,8.0,0.0,6.0,8.0,10.0,2
455,charlesthk/python-mailchimp,True,7,8.0,0.0,10.0,21.0,26.0,3
456,charlesthk/python-mailchimp,True,8,8.0,0.0,3.0,6.0,9.0,3
457,charlesthk/python-mailchimp,True,9,8.0,0.0,1.0,0.0,0.0,1
458,cloudbase/PyMI,True,8,12.0,0.0,0.0,1.0,1.0,1
459,cloudbase/PyMI,True,9,12.0,0.0,0.0,0.0,0.0,1
460,cloudbase/PyMI,True,10,12.0,0.0,0.0,0.0,0.0,1
461,cloudbase/PyMI,True,11,12.0,0.0,1.0,0.0,0.0,1
462,cloudbase/PyMI,True,12,12.0,0.0,0.0,0.0,0.0,1
463,cloudendpoints/endpoints-management-python,True,5,9.0,0.0,0.0,0.0,0.0,1
464,cloudendpoints/endpoints-management-python,True,7,9.0,0.0,0.0,0.0,0.0,1
465,cloudendpoints/endpoints-management-python,True,12,9.0,0.0,0.0,0.0,0.0,1
466,codalab/codalab-worksheets,False,12,16.0,69.0,151.0,4.0,4.0,3
467,codalab/codalab-worksheets,False,13,16.0,8.0,25.0,0.0,0.0,1
468,codalab/codalab-worksheets,False,14,16.0,1.0,7.0,2.0,2.0,3
469,codalab/codalab-worksheets,False,15,16.0,14.0,29.0,4.0,4.0,2
470,codalab/codalab-worksheets,False,16,16.0,12.0,29.0,16.0,29.0,6
471,codalab/codalab-worksheets,False,17,16.0,8.0,30.0,7.0,13.0,3
472,codalab/codalab-worksheets,True,12,16.0,80.0,254.0,120.0,147.0,4
473,codalab/codalab-worksheets,True,13,16.0,99.0,328.0,146.0,220.0,5
474,codalab/codalab-worksheets,True,14,16.0,64.0,225.0,98.0,180.0,6
475,codalab/codalab-worksheets,True,15,16.0,68.0,204.0,119.0,198.0,7
476,codalab/codalab-worksheets,True,16,16.0,56.0,127.0,94.0,146.0,7
477,codalab/codalab-worksheets,True,17,16.0,24.0,67.0,27.0,35.0,4
478,codecov/codecov-python,False,7,8.0,0.0,0.0,2.0,2.0,3
479,codecov/codecov-python,False,8,8.0,0.0,0.0,2.0,2.0,3
480,codecov/codecov-python,False,9,8.0,0.0,0.0,1.0,1.0,2
481,codecov/codecov-python,True,4,8.0,0.0,0.0,3.0,7.0,1
482,codecov/codecov-python,True,5,8.0,0.0,0.0,3.0,4.0,2
483,codecov/codecov-python,True,6,8.0,5.0,5.0,2.0,2.0,3
484,codecov/codecov-python,True,7,8.0,0.0,0.0,5.0,12.0,4
485,codecov/codecov-python,True,8,8.0,0.0,0.0,2.0,2.0,2
486,codecov/codecov-python,True,9,8.0,1.0,5.0,1.0,1.0,3
487,codecov/codecov-python,True,10,8.0,0.0,0.0,1.0,1.0,3
488,codecov/codecov-python,True,11,8.0,0.0,1.0,1.0,1.0,3
489,conan-io/conan-package-tools,False,11,11.0,0.0,0.0,1.0,1.0,1
490,conan-io/conan-package-tools,True,7,11.0,3.0,3.0,24.0,54.0,9
491,conan-io/conan-package-tools,True,8,11.0,2.0,4.0,22.0,31.0,8
492,conan-io/conan-package-tools,True,9,11.0,36.0,49.0,32.0,47.0,13
493,conan-io/conan-package-tools,True,10,11.0,7.0,13.0,25.0,49.0,12
494,conan-io/conan-package-tools,True,11,11.0,34.0,39.0,34.0,74.0,13
495,conan-io/conan-package-tools,True,12,11.0,15.0,25.0,11.0,17.0,8
496,conan-io/conan-package-tools,True,13,11.0,6.0,12.0,13.0,18.0,4
497,conan-io/conan-package-tools,True,14,11.0,3.0,9.0,8.0,21.0,5
498,crate/crash,False,15,14.0,0.0,0.0,1.0,2.0,1
499,crate/crash,False,16,14.0,0.0,0.0,1.0,3.0,1
500,crate/crash,False,17,14.0,0.0,0.0,0.0,0.0,1
501,crate/crash,True,10,14.0,11.0,18.0,0.0,0.0,1
502,crate/crash,True,11,14.0,5.0,5.0,0.0,0.0,1
503,crate/crash,True,12,14.0,3.0,5.0,4.0,10.0,2
504,crate/crash,True,13,14.0,5.0,12.0,0.0,0.0,2
505,crate/crash,True,14,14.0,0.0,0.0,0.0,0.0,1
506,crate/crash,True,15,14.0,5.0,23.0,2.0,2.0,2
507,crate/crash,True,16,14.0,3.0,17.0,1.0,1.0,1
508,crate/crash,True,17,14.0,8.0,62.0,3.0,3.0,2
509,crate/crate-docs-theme,True,10,14.0,0.0,17.0,0.0,0.0,1
510,crate/crate-docs-theme,True,11,14.0,15.0,76.0,6.0,7.0,3
511,crate/crate-docs-theme,True,12,14.0,19.0,48.0,7.0,9.0,4
512,crate/crate-docs-theme,True,13,14.0,37.0,124.0,29.0,75.0,3
513,crate/crate-docs-theme,True,14,14.0,6.0,22.0,2.0,2.0,3
514,crate/crate-docs-theme,True,15,14.0,14.0,75.0,11.0,27.0,3
515,crate/crate-docs-theme,True,16,14.0,9.0,38.0,8.0,13.0,2
516,crate/crate-docs-theme,True,17,14.0,5.0,19.0,3.0,7.0,2
517,cyface/django-termsandconditions,False,8,12.0,1.0,13.0,1.0,2.0,1
518,cyface/django-termsandconditions,False,9,12.0,1.0,12.0,3.0,3.0,1
519,cyface/django-termsandconditions,False,10,12.0,1.0,10.0,3.0,4.0,1
520,cyface/django-termsandconditions,False,11,12.0,1.0,34.0,14.0,33.0,2
521,cyface/django-termsandconditions,False,12,12.0,2.0,33.0,9.0,14.0,2
522,cyface/django-termsandconditions,False,13,12.0,0.0,18.0,2.0,2.0,1
523,cyface/django-termsandconditions,False,14,12.0,2.0,5.0,0.0,0.0,1
524,cyface/django-termsandconditions,False,15,12.0,0.0,6.0,0.0,0.0,1
525,cyface/django-termsandconditions,True,8,12.0,0.0,0.0,0.0,0.0,1
526,cyface/django-termsandconditions,True,9,12.0,0.0,0.0,0.0,0.0,1
527,cyface/django-termsandconditions,True,10,12.0,0.0,0.0,0.0,0.0,1
528,cyface/django-termsandconditions,True,11,12.0,0.0,0.0,0.0,0.0,1
529,cyface/django-termsandconditions,True,12,12.0,0.0,0.0,0.0,0.0,1
530,d11wtq/dockerpty,True,1,4.0,3.0,10.0,6.0,8.0,2
531,d11wtq/dockerpty,True,2,4.0,0.0,2.0,2.0,3.0,2
532,d11wtq/dockerpty,True,3,4.0,7.0,16.0,0.0,0.0,2
533,d11wtq/dockerpty,True,4,4.0,0.0,0.0,3.0,4.0,2
534,danieliu/play-scraper,True,9,11.0,0.0,0.0,1.0,1.0,1
535,danieliu/play-scraper,True,11,11.0,0.0,0.0,1.0,1.0,1
536,dask/dask,False,3,6.0,1.0,2.0,30.0,72.0,19
537,dask/dask,False,4,6.0,10.0,18.0,44.0,90.0,27
538,dask/dask,False,5,6.0,27.0,52.0,113.0,247.0,67
539,dask/dask,False,6,6.0,27.0,47.0,76.0,134.0,47
540,dask/dask,False,7,6.0,23.0,54.0,83.0,171.0,38
541,dask/dask,False,8,6.0,17.0,38.0,64.0,149.0,35
542,dask/dask,False,9,6.0,13.0,23.0,50.0,94.0,28
543,dask/dask,True,3,6.0,168.0,445.0,249.0,465.0,10
544,dask/dask,True,4,6.0,227.0,514.0,339.0,704.0,15
545,dask/dask,True,5,6.0,318.0,641.0,542.0,1100.0,15
546,dask/dask,True,6,6.0,224.0,441.0,460.0,818.0,13
547,dask/dask,True,7,6.0,213.0,502.0,564.0,1186.0,10
548,dask/dask,True,8,6.0,117.0,278.0,608.0,1125.0,11
549,dask/dask,True,9,6.0,173.0,359.0,663.0,1310.0,10
550,data61/anonlink,False,10,14.0,23.0,52.0,18.0,24.0,3
551,data61/anonlink,False,11,14.0,1.0,5.0,6.0,6.0,2
552,data61/anonlink,False,12,14.0,7.0,29.0,1.0,1.0,2
553,data61/anonlink,False,13,14.0,1.0,6.0,0.0,0.0,3
554,data61/anonlink,False,14,14.0,2.0,7.0,3.0,3.0,3
555,data61/anonlink,False,15,14.0,10.0,24.0,1.0,1.0,4
556,data61/anonlink,False,16,14.0,8.0,18.0,0.0,0.0,3
557,data61/anonlink,False,17,14.0,7.0,14.0,0.0,0.0,3
558,data61/anonlink,True,10,14.0,0.0,0.0,0.0,0.0,1
559,data61/anonlink,True,11,14.0,0.0,0.0,0.0,0.0,1
560,data61/anonlink,True,12,14.0,0.0,0.0,0.0,0.0,1
561,data61/anonlink,True,13,14.0,0.0,0.0,0.0,0.0,1
562,data61/anonlink,True,14,14.0,0.0,0.0,2.0,2.0,1
563,data61/anonlink,True,15,14.0,0.0,0.0,0.0,0.0,1
564,data61/anonlink,True,16,14.0,0.0,0.0,0.0,0.0,1
565,data61/anonlink,True,17,14.0,0.0,0.0,0.0,0.0,1
566,data61/clkhash,False,10,14.0,16.0,57.0,18.0,22.0,2
567,data61/clkhash,False,11,14.0,5.0,14.0,0.0,0.0,1
568,data61/clkhash,False,13,14.0,0.0,0.0,0.0,0.0,2
569,data61/clkhash,False,14,14.0,1.0,10.0,1.0,1.0,2
570,data61/clkhash,False,15,14.0,16.0,38.0,0.0,0.0,2
571,data61/clkhash,False,16,14.0,3.0,7.0,0.0,0.0,2
572,data61/clkhash,False,17,14.0,5.0,24.0,1.0,1.0,2
573,data61/clkhash,True,10,14.0,6.0,21.0,13.0,15.0,2
574,data61/clkhash,True,11,14.0,6.0,15.0,1.0,1.0,2
575,data61/clkhash,True,12,14.0,2.0,15.0,5.0,6.0,2
576,data61/clkhash,True,13,14.0,5.0,16.0,0.0,0.0,2
577,data61/clkhash,True,14,14.0,0.0,0.0,3.0,3.0,2
578,data61/clkhash,True,15,14.0,3.0,20.0,0.0,0.0,2
579,data61/clkhash,True,16,14.0,0.0,0.0,0.0,0.0,2
580,data61/clkhash,True,17,14.0,1.0,7.0,0.0,0.0,2
581,databricks/databricks-cli,False,12,16.0,3.0,8.0,3.0,3.0,6
582,databricks/databricks-cli,False,13,16.0,0.0,2.0,2.0,2.0,5
583,databricks/databricks-cli,False,14,16.0,0.0,0.0,1.0,1.0,3
584,databricks/databricks-cli,False,15,16.0,12.0,26.0,43.0,50.0,9
585,databricks/databricks-cli,False,16,16.0,8.0,13.0,9.0,12.0,12
586,databricks/databricks-cli,False,17,16.0,0.0,0.0,4.0,5.0,4
587,databricks/databricks-cli,True,13,16.0,4.0,8.0,0.0,0.0,2
588,databricks/databricks-cli,True,14,16.0,0.0,5.0,1.0,1.0,2
589,databricks/databricks-cli,True,15,16.0,24.0,51.0,5.0,6.0,3
590,databricks/databricks-cli,True,16,16.0,21.0,48.0,23.0,28.0,3
591,databricks/databricks-cli,True,17,16.0,11.0,21.0,7.0,10.0,2
592,debops/debops,False,9,13.0,33.0,42.0,6.0,12.0,11
593,debops/debops,False,10,13.0,29.0,81.0,17.0,23.0,10
594,debops/debops,False,11,13.0,35.0,146.0,16.0,32.0,17
595,debops/debops,False,12,13.0,19.0,76.0,16.0,26.0,17
596,debops/debops,False,13,13.0,21.0,105.0,18.0,55.0,14
597,debops/debops,False,14,13.0,20.0,99.0,22.0,28.0,20
598,debops/debops,False,15,13.0,13.0,62.0,12.0,21.0,14
599,debops/debops,False,16,13.0,11.0,87.0,7.0,11.0,13
600,debops/debops,True,9,13.0,144.0,383.0,76.0,140.0,5
601,debops/debops,True,10,13.0,261.0,935.0,84.0,151.0,6
602,debops/debops,True,11,13.0,131.0,753.0,64.0,102.0,7
603,debops/debops,True,12,13.0,99.0,679.0,45.0,87.0,7
604,debops/debops,True,13,13.0,88.0,846.0,33.0,70.0,5
605,debops/debops,True,14,13.0,73.0,492.0,47.0,60.0,4
606,debops/debops,True,15,13.0,55.0,470.0,28.0,38.0,4
607,debops/debops,True,16,13.0,25.0,335.0,10.0,12.0,5
608,descarteslabs/descarteslabs-python,False,10,14.0,0.0,14.0,0.0,0.0,1
609,descarteslabs/descarteslabs-python,False,11,14.0,0.0,9.0,0.0,0.0,1
610,descarteslabs/descarteslabs-python,False,12,14.0,0.0,15.0,1.0,1.0,1
611,descarteslabs/descarteslabs-python,False,13,14.0,4.0,48.0,0.0,0.0,1
612,descarteslabs/descarteslabs-python,False,14,14.0,0.0,16.0,0.0,0.0,1
613,descarteslabs/descarteslabs-python,False,15,14.0,0.0,22.0,0.0,0.0,1
614,descarteslabs/descarteslabs-python,False,16,14.0,0.0,32.0,0.0,0.0,1
615,descarteslabs/descarteslabs-python,False,17,14.0,0.0,50.0,0.0,0.0,1
616,douban/pymesos,False,7,8.0,1.0,1.0,0.0,0.0,1
617,douban/pymesos,False,8,8.0,0.0,3.0,1.0,4.0,1
618,douban/pymesos,True,4,8.0,0.0,0.0,0.0,0.0,1
619,douban/pymesos,True,5,8.0,1.0,1.0,0.0,0.0,1
620,douban/pymesos,True,7,8.0,1.0,4.0,1.0,1.0,2
621,douban/pymesos,True,8,8.0,4.0,17.0,2.0,7.0,2
622,douban/pymesos,True,9,8.0,1.0,3.0,5.0,7.0,1
623,douban/pymesos,True,10,8.0,0.0,3.0,1.0,1.0,1
624,douban/pymesos,True,11,8.0,5.0,12.0,1.0,3.0,1
625,ecmwf/cfgrib,False,13,16.0,0.0,0.0,4.0,7.0,2
626,ecmwf/cfgrib,False,15,16.0,0.0,0.0,2.0,4.0,3
627,ecmwf/cfgrib,False,16,16.0,0.0,0.0,4.0,6.0,4
628,ecmwf/cfgrib,False,17,16.0,0.0,0.0,1.0,2.0,1
629,ecmwf/cfgrib,True,12,16.0,0.0,0.0,22.0,50.0,7
630,ecmwf/cfgrib,True,13,16.0,0.0,1.0,20.0,27.0,7
631,ecmwf/cfgrib,True,14,16.0,0.0,0.0,22.0,37.0,6
632,ecmwf/cfgrib,True,15,16.0,0.0,9.0,18.0,29.0,6
633,ecmwf/cfgrib,True,16,16.0,0.0,8.0,16.0,25.0,5
634,ecmwf/cfgrib,True,17,16.0,1.0,15.0,12.0,15.0,6
635,emc-openstack/storops,True,9,13.0,5.0,10.0,4.0,4.0,1
636,emc-openstack/storops,True,10,13.0,4.0,8.0,2.0,3.0,3
637,emc-openstack/storops,True,11,13.0,2.0,4.0,3.0,5.0,3
638,emc-openstack/storops,True,12,13.0,8.0,15.0,6.0,10.0,3
639,emc-openstack/storops,True,13,13.0,1.0,6.0,7.0,7.0,4
640,emc-openstack/storops,True,14,13.0,1.0,2.0,2.0,2.0,1
641,emc-openstack/storops,True,15,13.0,8.0,17.0,16.0,20.0,1
642,encode/django-rest-framework,False,9,13.0,0.0,1.0,4.0,5.0,6
643,encode/django-rest-framework,False,10,13.0,6.0,10.0,10.0,16.0,8
644,encode/django-rest-framework,False,11,13.0,7.0,18.0,11.0,16.0,7
645,encode/django-rest-framework,False,12,13.0,12.0,15.0,30.0,40.0,30
646,encode/django-rest-framework,False,13,13.0,4.0,7.0,24.0,33.0,25
647,encode/django-rest-framework,False,14,13.0,0.0,0.0,9.0,10.0,10
648,encode/django-rest-framework,False,15,13.0,0.0,0.0,9.0,9.0,14
649,encode/django-rest-framework,False,16,13.0,4.0,9.0,11.0,14.0,23
650,encode/django-rest-framework,True,9,13.0,42.0,100.0,204.0,280.0,16
651,encode/django-rest-framework,True,10,13.0,28.0,74.0,150.0,232.0,21
652,encode/django-rest-framework,True,11,13.0,21.0,53.0,126.0,188.0,20
653,encode/django-rest-framework,True,12,13.0,21.0,58.0,122.0,169.0,28
654,encode/django-rest-framework,True,13,13.0,24.0,36.0,74.0,88.0,22
655,encode/django-rest-framework,True,14,13.0,16.0,44.0,34.0,38.0,19
656,encode/django-rest-framework,True,15,13.0,17.0,38.0,29.0,33.0,22
657,encode/django-rest-framework,True,16,13.0,28.0,60.0,84.0,113.0,25
658,ethereum/eth-tester,True,9,13.0,3.0,4.0,1.0,1.0,1
659,ethereum/eth-tester,True,10,13.0,0.0,0.0,2.0,5.0,1
660,ethereum/eth-tester,True,11,13.0,0.0,0.0,1.0,1.0,2
661,ethereum/eth-tester,True,13,13.0,0.0,3.0,0.0,0.0,1
662,ethereum/eth-tester,True,14,13.0,5.0,19.0,4.0,4.0,2
663,ethereum/eth-tester,True,15,13.0,4.0,11.0,1.0,2.0,3
664,ethereum/eth-tester,True,16,13.0,7.0,27.0,1.0,1.0,1
665,fastai/fastai,False,7,11.0,9.0,11.0,6.0,6.0,8
666,fastai/fastai,False,8,11.0,1.0,1.0,0.0,0.0,1
667,fastai/fastai,False,9,11.0,0.0,0.0,2.0,4.0,2
668,fastai/fastai,False,11,11.0,0.0,0.0,1.0,1.0,2
669,fastai/fastai,False,12,11.0,10.0,86.0,29.0,41.0,2
670,fastai/fastai,False,13,11.0,14.0,30.0,8.0,11.0,6
671,fastai/fastai,False,14,11.0,0.0,0.0,0.0,0.0,2
672,fastai/fastai,True,7,11.0,35.0,51.0,102.0,118.0,12
673,fastai/fastai,True,8,11.0,41.0,62.0,365.0,479.0,19
674,fastai/fastai,True,9,11.0,4.0,9.0,328.0,534.0,30
675,fastai/fastai,True,10,11.0,0.0,19.0,133.0,202.0,18
676,fastai/fastai,True,11,11.0,1.0,1.0,79.0,108.0,13
677,fastai/fastai,True,12,11.0,85.0,427.0,216.0,325.0,26
678,fastai/fastai,True,13,11.0,53.0,141.0,125.0,194.0,19
679,fastai/fastai,True,14,11.0,12.0,58.0,22.0,25.0,8
680,finos/perspective,False,11,15.0,4.0,4.0,0.0,0.0,4
681,finos/perspective,False,12,15.0,0.0,1.0,1.0,1.0,4
682,finos/perspective,False,13,15.0,1.0,1.0,0.0,0.0,2
683,finos/perspective,False,14,15.0,0.0,0.0,7.0,8.0,5
684,finos/perspective,False,15,15.0,0.0,1.0,6.0,9.0,7
685,finos/perspective,False,16,15.0,0.0,0.0,2.0,2.0,3
686,finos/perspective,False,17,15.0,0.0,0.0,1.0,1.0,3
687,finos/perspective,True,11,15.0,89.0,249.0,86.0,147.0,6
688,finos/perspective,True,12,15.0,47.0,130.0,59.0,98.0,6
689,finos/perspective,True,13,15.0,58.0,182.0,51.0,68.0,6
690,finos/perspective,True,14,15.0,99.0,254.0,54.0,86.0,8
691,finos/perspective,True,15,15.0,77.0,205.0,36.0,65.0,7
692,finos/perspective,True,16,15.0,69.0,166.0,29.0,33.0,3
693,finos/perspective,True,17,15.0,54.0,165.0,41.0,48.0,6
694,fugue/credstash,False,12,12.0,0.0,0.0,0.0,0.0,1
695,fugue/credstash,True,11,12.0,0.0,0.0,0.0,0.0,1
696,fugue/credstash,True,15,12.0,0.0,0.0,0.0,0.0,1
697,getlogbook/logbook,False,11,11.0,0.0,0.0,1.0,1.0,1
698,getlogbook/logbook,False,12,11.0,0.0,0.0,0.0,0.0,1
699,getlogbook/logbook,True,7,11.0,0.0,0.0,0.0,0.0,1
700,getlogbook/logbook,True,8,11.0,0.0,0.0,0.0,0.0,1
701,getlogbook/logbook,True,9,11.0,4.0,10.0,1.0,1.0,3
702,getlogbook/logbook,True,10,11.0,0.0,0.0,0.0,0.0,1
703,getlogbook/logbook,True,11,11.0,0.0,0.0,0.0,0.0,3
704,getlogbook/logbook,True,12,11.0,0.0,0.0,0.0,0.0,1
705,getlogbook/logbook,True,13,11.0,0.0,0.0,1.0,1.0,1
706,getlogbook/logbook,True,14,11.0,0.0,0.0,2.0,2.0,2
707,googleapis/python-bigquery,False,12,15.0,0.0,0.0,1.0,1.0,1
708,googleapis/python-bigquery,False,13,15.0,11.0,23.0,0.0,0.0,3
709,googleapis/python-bigquery,False,14,15.0,15.0,27.0,1.0,1.0,3
710,googleapis/python-bigquery,False,15,15.0,16.0,27.0,1.0,1.0,3
711,googleapis/python-bigquery,False,16,15.0,8.0,20.0,0.0,0.0,1
712,googleapis/python-bigquery,False,17,15.0,5.0,19.0,1.0,1.0,2
713,googleapis/python-bigquery,True,11,15.0,44.0,85.0,70.0,128.0,11
714,googleapis/python-bigquery,True,12,15.0,64.0,158.0,82.0,154.0,16
715,googleapis/python-bigquery,True,13,15.0,81.0,163.0,105.0,176.0,19
716,googleapis/python-bigquery,True,14,15.0,104.0,173.0,139.0,259.0,21
717,googleapis/python-bigquery,True,15,15.0,31.0,83.0,38.0,58.0,21
718,googleapis/python-bigquery,True,16,15.0,12.0,37.0,31.0,40.0,14
719,googleapis/python-bigquery,True,17,15.0,15.0,53.0,53.0,61.0,14
720,googleapis/python-datastore,False,11,15.0,0.0,0.0,1.0,1.0,1
721,googleapis/python-datastore,False,12,15.0,0.0,0.0,0.0,0.0,1
722,googleapis/python-datastore,False,14,15.0,2.0,3.0,0.0,0.0,2
723,googleapis/python-datastore,False,15,15.0,0.0,0.0,0.0,0.0,2
724,googleapis/python-datastore,False,16,15.0,0.0,0.0,0.0,0.0,1
725,googleapis/python-datastore,False,17,15.0,0.0,0.0,0.0,0.0,1
726,googleapis/python-datastore,True,11,15.0,0.0,3.0,0.0,0.0,2
727,googleapis/python-datastore,True,12,15.0,1.0,1.0,1.0,1.0,4
728,googleapis/python-datastore,True,13,15.0,3.0,10.0,1.0,1.0,5
729,googleapis/python-datastore,True,14,15.0,7.0,17.0,3.0,3.0,6
730,googleapis/python-datastore,True,15,15.0,10.0,21.0,0.0,0.0,4
731,googleapis/python-datastore,True,16,15.0,1.0,12.0,1.0,1.0,4
732,googleapis/python-datastore,True,17,15.0,0.0,0.0,0.0,0.0,4
733,googleapis/python-logging,False,11,14.0,4.0,5.0,1.0,1.0,4
734,googleapis/python-logging,False,12,14.0,2.0,6.0,3.0,4.0,6
735,googleapis/python-logging,False,13,14.0,3.0,8.0,4.0,5.0,6
736,googleapis/python-logging,False,14,14.0,5.0,14.0,5.0,5.0,8
737,googleapis/python-logging,False,15,14.0,5.0,19.0,8.0,8.0,5
738,googleapis/python-logging,False,16,14.0,3.0,19.0,14.0,14.0,7
739,googleapis/python-logging,False,17,14.0,1.0,8.0,5.0,5.0,6
740,googleapis/python-logging,True,11,14.0,4.0,10.0,7.0,26.0,2
741,googleapis/python-logging,True,12,14.0,34.0,82.0,22.0,155.0,5
742,googleapis/python-logging,True,13,14.0,51.0,123.0,40.0,69.0,5
743,googleapis/python-logging,True,14,14.0,15.0,36.0,17.0,22.0,5
744,googleapis/python-logging,True,15,14.0,7.0,34.0,2.0,2.0,4
745,googleapis/python-logging,True,16,14.0,17.0,34.0,21.0,29.0,3
746,googleapis/python-logging,True,17,14.0,3.0,6.0,9.0,16.0,3
747,googleapis/python-speech,False,11,14.0,0.0,0.0,1.0,1.0,1
748,googleapis/python-speech,False,12,14.0,9.0,30.0,21.0,42.0,5
749,googleapis/python-speech,False,13,14.0,3.0,5.0,19.0,39.0,6
750,googleapis/python-speech,False,14,14.0,1.0,7.0,5.0,9.0,6
751,googleapis/python-speech,False,15,14.0,0.0,0.0,15.0,42.0,5
752,googleapis/python-speech,False,16,14.0,0.0,0.0,1.0,1.0,4
753,googleapis/python-speech,False,17,14.0,0.0,0.0,5.0,5.0,4
754,googleapis/python-speech,True,10,14.0,0.0,23.0,0.0,0.0,2
755,googleapis/python-speech,True,11,14.0,4.0,9.0,3.0,6.0,2
756,googleapis/python-speech,True,12,14.0,11.0,32.0,3.0,21.0,3
757,googleapis/python-speech,True,13,14.0,17.0,39.0,5.0,26.0,4
758,googleapis/python-speech,True,14,14.0,6.0,20.0,1.0,2.0,4
759,googleapis/python-speech,True,15,14.0,6.0,26.0,2.0,2.0,3
760,googleapis/python-speech,True,16,14.0,3.0,15.0,0.0,0.0,2
761,googleapis/python-speech,True,17,14.0,0.0,2.0,1.0,1.0,2
762,googleapis/python-storage,False,13,15.0,2.0,6.0,5.0,9.0,4
763,googleapis/python-storage,False,14,15.0,4.0,12.0,10.0,15.0,9
764,googleapis/python-storage,False,15,15.0,3.0,16.0,8.0,20.0,7
765,googleapis/python-storage,False,16,15.0,2.0,14.0,2.0,4.0,5
766,googleapis/python-storage,False,17,15.0,1.0,5.0,3.0,4.0,4
767,googleapis/python-storage,True,11,15.0,5.0,28.0,40.0,78.0,6
768,googleapis/python-storage,True,12,15.0,14.0,35.0,20.0,30.0,10
769,googleapis/python-storage,True,13,15.0,26.0,66.0,44.0,69.0,16
770,googleapis/python-storage,True,14,15.0,35.0,82.0,25.0,34.0,15
771,googleapis/python-storage,True,15,15.0,47.0,87.0,38.0,61.0,18
772,googleapis/python-storage,True,16,15.0,31.0,65.0,29.0,42.0,11
773,googleapis/python-storage,True,17,15.0,20.0,52.0,30.0,44.0,10
774,googleapis/python-vision,False,11,14.0,1.0,3.0,2.0,3.0,2
775,googleapis/python-vision,False,12,14.0,2.0,8.0,9.0,12.0,6
776,googleapis/python-vision,False,13,14.0,2.0,10.0,4.0,9.0,4
777,googleapis/python-vision,False,14,14.0,4.0,9.0,6.0,6.0,6
778,googleapis/python-vision,False,15,14.0,2.0,9.0,60.0,170.0,5
779,googleapis/python-vision,False,16,14.0,0.0,0.0,0.0,0.0,2
780,googleapis/python-vision,False,17,14.0,0.0,0.0,1.0,1.0,2
781,googleapis/python-vision,True,11,14.0,3.0,6.0,2.0,6.0,1
782,googleapis/python-vision,True,12,14.0,4.0,8.0,1.0,3.0,2
783,googleapis/python-vision,True,13,14.0,9.0,24.0,4.0,24.0,3
784,googleapis/python-vision,True,14,14.0,2.0,14.0,3.0,3.0,3
785,googleapis/python-vision,True,15,14.0,3.0,14.0,0.0,0.0,2
786,googleapis/python-vision,True,16,14.0,2.0,9.0,4.0,4.0,2
787,googleapis/python-vision,True,17,14.0,0.0,2.0,1.0,1.0,2
788,hardbyte/python-can,False,9,13.0,0.0,0.0,1.0,2.0,1
789,hardbyte/python-can,False,10,13.0,0.0,0.0,1.0,1.0,1
790,hardbyte/python-can,False,11,13.0,0.0,0.0,1.0,2.0,1
791,hardbyte/python-can,False,12,13.0,1.0,2.0,5.0,9.0,7
792,hardbyte/python-can,False,13,13.0,5.0,13.0,6.0,11.0,8
793,hardbyte/python-can,False,14,13.0,0.0,2.0,1.0,1.0,4
794,hardbyte/python-can,False,15,13.0,0.0,0.0,7.0,12.0,5
795,hardbyte/python-can,False,16,13.0,3.0,7.0,3.0,6.0,4
796,hardbyte/python-can,True,9,13.0,51.0,109.0,94.0,185.0,10
797,hardbyte/python-can,True,10,13.0,31.0,45.0,54.0,84.0,13
798,hardbyte/python-can,True,11,13.0,23.0,67.0,61.0,124.0,11
799,hardbyte/python-can,True,12,13.0,18.0,75.0,54.0,76.0,11
800,hardbyte/python-can,True,13,13.0,44.0,121.0,107.0,157.0,13
801,hardbyte/python-can,True,14,13.0,16.0,85.0,47.0,72.0,11
802,hardbyte/python-can,True,15,13.0,39.0,82.0,87.0,143.0,10
803,hardbyte/python-can,True,16,13.0,36.0,74.0,64.0,111.0,8
804,holgern/beem,False,13,14.0,2.0,2.0,2.0,2.0,2
805,holgern/beem,False,14,14.0,0.0,0.0,1.0,1.0,2
806,holgern/beem,True,10,14.0,2.0,2.0,0.0,0.0,1
807,holgern/beem,True,11,14.0,11.0,11.0,1.0,1.0,2
808,holgern/beem,True,12,14.0,9.0,10.0,0.0,0.0,1
809,holgern/beem,True,13,14.0,3.0,8.0,1.0,1.0,2
810,holgern/beem,True,14,14.0,0.0,0.0,1.0,1.0,3
811,holgern/beem,True,15,14.0,0.0,16.0,0.0,0.0,1
812,holgern/beem,True,16,14.0,0.0,39.0,0.0,0.0,1
813,holgern/beem,True,17,14.0,0.0,44.0,0.0,0.0,1
814,hylang/hy,False,12,16.0,0.0,0.0,2.0,3.0,2
815,hylang/hy,False,13,16.0,0.0,0.0,1.0,1.0,1
816,hylang/hy,False,14,16.0,0.0,0.0,2.0,4.0,2
817,hylang/hy,False,15,16.0,0.0,0.0,4.0,6.0,2
818,hylang/hy,False,16,16.0,0.0,0.0,5.0,7.0,5
819,hylang/hy,False,17,16.0,0.0,0.0,4.0,9.0,2
820,hylang/hy,True,12,16.0,10.0,32.0,13.0,27.0,1
821,hylang/hy,True,13,16.0,40.0,199.0,78.0,158.0,3
822,hylang/hy,True,14,16.0,26.0,149.0,45.0,70.0,2
823,hylang/hy,True,15,16.0,43.0,149.0,70.0,164.0,3
824,hylang/hy,True,16,16.0,31.0,84.0,37.0,54.0,3
825,hylang/hy,True,17,16.0,39.0,125.0,31.0,56.0,3
826,ibmdb/python-ibmdbsa,False,7,11.0,0.0,0.0,0.0,0.0,1
827,ibmdb/python-ibmdbsa,False,8,11.0,0.0,0.0,0.0,0.0,1
828,ibmdb/python-ibmdbsa,False,9,11.0,0.0,0.0,2.0,4.0,2
829,ibmdb/python-ibmdbsa,False,11,11.0,0.0,0.0,2.0,2.0,2
830,ibmdb/python-ibmdbsa,False,12,11.0,0.0,0.0,1.0,1.0,1
831,ibmdb/python-ibmdbsa,False,14,11.0,0.0,0.0,1.0,1.0,1
832,inspirehep/hepcrawl,True,4,8.0,10.0,22.0,3.0,6.0,2
833,inspirehep/hepcrawl,True,5,8.0,8.0,40.0,14.0,22.0,3
834,inspirehep/hepcrawl,True,6,8.0,11.0,63.0,15.0,24.0,3
835,inspirehep/hepcrawl,True,7,8.0,11.0,36.0,1.0,1.0,2
836,inspirehep/hepcrawl,True,8,8.0,0.0,4.0,1.0,1.0,3
837,inspirehep/hepcrawl,True,9,8.0,4.0,9.0,0.0,0.0,1
838,inspirehep/hepcrawl,True,10,8.0,0.0,3.0,0.0,0.0,1
839,inveniosoftware/invenio-communities,False,11,14.0,1.0,2.0,0.0,0.0,1
840,inveniosoftware/invenio-communities,False,14,14.0,4.0,9.0,0.0,0.0,2
841,inveniosoftware/invenio-communities,False,15,14.0,10.0,25.0,3.0,3.0,2
842,inveniosoftware/invenio-communities,False,16,14.0,3.0,6.0,3.0,3.0,2
843,inveniosoftware/invenio-communities,False,17,14.0,0.0,0.0,0.0,0.0,2
844,inveniosoftware/invenio-communities,True,10,14.0,0.0,2.0,0.0,0.0,2
845,inveniosoftware/invenio-communities,True,11,14.0,4.0,56.0,28.0,28.0,4
846,inveniosoftware/invenio-communities,True,12,14.0,3.0,31.0,5.0,5.0,2
847,inveniosoftware/invenio-communities,True,13,14.0,45.0,110.0,15.0,16.0,5
848,inveniosoftware/invenio-communities,True,14,14.0,18.0,37.0,0.0,0.0,3
849,inveniosoftware/invenio-communities,True,15,14.0,42.0,119.0,14.0,18.0,5
850,inveniosoftware/invenio-communities,True,16,14.0,14.0,41.0,6.0,6.0,4
851,inveniosoftware/invenio-communities,True,17,14.0,14.0,33.0,6.0,9.0,5
852,inveniosoftware/invenio-oauth2server,True,2,5.0,2.0,3.0,1.0,1.0,2
853,inveniosoftware/invenio-oauth2server,True,3,5.0,10.0,10.0,0.0,0.0,3
854,inveniosoftware/invenio-oauth2server,True,4,5.0,11.0,11.0,3.0,5.0,5
855,inveniosoftware/invenio-oauth2server,True,5,5.0,3.0,7.0,6.0,7.0,3
856,inveniosoftware/invenio-oauth2server,True,6,5.0,3.0,7.0,9.0,11.0,3
857,inveniosoftware/invenio-oauth2server,True,7,5.0,3.0,4.0,1.0,1.0,3
858,inveniosoftware/invenio-oauth2server,True,8,5.0,2.0,3.0,1.0,1.0,1
859,inveniosoftware/invenio-oauthclient,False,4,5.0,0.0,0.0,0.0,0.0,1
860,inveniosoftware/invenio-oauthclient,False,5,5.0,1.0,2.0,0.0,0.0,1
861,inveniosoftware/invenio-oauthclient,False,6,5.0,1.0,2.0,0.0,0.0,1
862,inveniosoftware/invenio-oauthclient,False,8,5.0,0.0,0.0,0.0,0.0,1
863,inveniosoftware/invenio-oauthclient,True,2,5.0,8.0,11.0,4.0,4.0,4
864,inveniosoftware/invenio-oauthclient,True,3,5.0,16.0,22.0,2.0,2.0,7
865,inveniosoftware/invenio-oauthclient,True,4,5.0,23.0,25.0,6.0,6.0,8
866,inveniosoftware/invenio-oauthclient,True,5,5.0,0.0,0.0,12.0,14.0,8
867,inveniosoftware/invenio-oauthclient,True,6,5.0,0.0,4.0,7.0,8.0,5
868,inveniosoftware/invenio-oauthclient,True,7,5.0,2.0,4.0,1.0,1.0,4
869,inveniosoftware/invenio-oauthclient,True,8,5.0,0.0,0.0,0.0,0.0,3
870,inveniosoftware/invenio-pidstore,True,2,5.0,7.0,10.0,11.0,14.0,4
871,inveniosoftware/invenio-pidstore,True,3,5.0,13.0,13.0,4.0,10.0,5
872,inveniosoftware/invenio-pidstore,True,4,5.0,3.0,4.0,6.0,12.0,3
873,inveniosoftware/invenio-pidstore,True,5,5.0,2.0,3.0,1.0,1.0,4
874,inveniosoftware/invenio-pidstore,True,6,5.0,1.0,2.0,2.0,2.0,4
875,inveniosoftware/invenio-pidstore,True,7,5.0,1.0,2.0,0.0,0.0,1
876,irods/python-irodsclient,False,6,8.0,2.0,4.0,0.0,0.0,1
877,irods/python-irodsclient,False,7,8.0,3.0,6.0,5.0,8.0,2
878,irods/python-irodsclient,False,8,8.0,4.0,10.0,1.0,1.0,2
879,irods/python-irodsclient,False,9,8.0,2.0,4.0,1.0,2.0,2
880,irods/python-irodsclient,False,10,8.0,10.0,20.0,7.0,16.0,3
881,irods/python-irodsclient,False,11,8.0,2.0,4.0,6.0,10.0,1
882,irods/python-irodsclient,True,4,8.0,0.0,0.0,6.0,6.0,1
883,irods/python-irodsclient,True,5,8.0,0.0,0.0,5.0,5.0,3
884,irods/python-irodsclient,True,6,8.0,3.0,4.0,7.0,16.0,3
885,irods/python-irodsclient,True,7,8.0,1.0,9.0,21.0,39.0,6
886,irods/python-irodsclient,True,8,8.0,0.0,2.0,13.0,21.0,4
887,irods/python-irodsclient,True,9,8.0,0.0,2.0,3.0,5.0,2
888,irods/python-irodsclient,True,10,8.0,0.0,4.0,4.0,4.0,2
889,irods/python-irodsclient,True,11,8.0,3.0,6.0,8.0,12.0,2
890,jazzband/django-axes,False,10,14.0,9.0,18.0,2.0,6.0,1
891,jazzband/django-axes,False,11,14.0,0.0,0.0,1.0,1.0,2
892,jazzband/django-axes,False,12,14.0,9.0,19.0,3.0,8.0,4
893,jazzband/django-axes,False,13,14.0,20.0,45.0,0.0,0.0,4
894,jazzband/django-axes,False,14,14.0,30.0,62.0,2.0,4.0,4
895,jazzband/django-axes,False,15,14.0,39.0,82.0,4.0,4.0,5
896,jazzband/django-axes,False,16,14.0,29.0,67.0,1.0,3.0,4
897,jazzband/django-axes,False,17,14.0,36.0,79.0,0.0,0.0,2
898,jazzband/django-axes,True,10,14.0,10.0,61.0,28.0,53.0,2
899,jazzband/django-axes,True,11,14.0,4.0,27.0,14.0,21.0,2
900,jazzband/django-axes,True,12,14.0,7.0,43.0,28.0,61.0,2
901,jazzband/django-axes,True,13,14.0,7.0,63.0,10.0,21.0,2
902,jazzband/django-axes,True,14,14.0,0.0,8.0,10.0,14.0,2
903,jazzband/django-axes,True,15,14.0,3.0,19.0,8.0,12.0,2
904,jazzband/django-axes,True,16,14.0,1.0,10.0,6.0,9.0,2
905,jazzband/django-axes,True,17,14.0,4.0,34.0,22.0,41.0,2
906,joke2k/faker,False,9,13.0,0.0,0.0,2.0,3.0,2
907,joke2k/faker,False,10,13.0,1.0,2.0,3.0,6.0,2
908,joke2k/faker,False,11,13.0,2.0,2.0,1.0,1.0,2
909,joke2k/faker,False,12,13.0,11.0,18.0,11.0,20.0,9
910,joke2k/faker,False,13,13.0,15.0,29.0,13.0,19.0,13
911,joke2k/faker,False,14,13.0,0.0,0.0,8.0,10.0,2
912,joke2k/faker,False,15,13.0,0.0,0.0,6.0,6.0,5
913,joke2k/faker,False,16,13.0,2.0,3.0,2.0,2.0,3
914,joke2k/faker,True,9,13.0,13.0,50.0,30.0,47.0,1
915,joke2k/faker,True,10,13.0,5.0,41.0,39.0,58.0,5
916,joke2k/faker,True,11,13.0,22.0,55.0,22.0,26.0,8
917,joke2k/faker,True,12,13.0,13.0,128.0,39.0,49.0,5
918,joke2k/faker,True,13,13.0,13.0,134.0,29.0,42.0,10
919,joke2k/faker,True,14,13.0,7.0,72.0,39.0,54.0,5
920,joke2k/faker,True,15,13.0,4.0,87.0,29.0,40.0,3
921,joke2k/faker,True,16,13.0,0.0,64.0,17.0,19.0,2
922,jupyter/nbgrader,False,12,16.0,0.0,0.0,3.0,4.0,3
923,jupyter/nbgrader,False,13,16.0,1.0,1.0,5.0,7.0,5
924,jupyter/nbgrader,False,14,16.0,16.0,17.0,4.0,6.0,6
925,jupyter/nbgrader,False,15,16.0,7.0,23.0,13.0,26.0,6
926,jupyter/nbgrader,False,16,16.0,8.0,34.0,18.0,28.0,19
927,jupyter/nbgrader,False,17,16.0,5.0,17.0,4.0,4.0,7
928,jupyter/nbgrader,True,12,16.0,2.0,2.0,20.0,27.0,7
929,jupyter/nbgrader,True,13,16.0,10.0,41.0,44.0,65.0,6
930,jupyter/nbgrader,True,14,16.0,5.0,5.0,8.0,12.0,3
931,jupyter/nbgrader,True,15,16.0,20.0,60.0,32.0,58.0,8
932,jupyter/nbgrader,True,16,16.0,3.0,20.0,46.0,85.0,6
933,jupyter/nbgrader,True,17,16.0,9.0,42.0,19.0,25.0,5
934,kbandla/dpkt,True,11,15.0,4.0,6.0,13.0,13.0,3
935,kbandla/dpkt,True,12,15.0,20.0,50.0,38.0,52.0,5
936,kbandla/dpkt,True,13,15.0,23.0,58.0,37.0,56.0,5
937,kbandla/dpkt,True,14,15.0,14.0,35.0,23.0,40.0,5
938,kbandla/dpkt,True,15,15.0,1.0,3.0,6.0,11.0,3
939,kbandla/dpkt,True,16,15.0,2.0,6.0,9.0,11.0,4
940,kbandla/dpkt,True,17,15.0,1.0,3.0,4.0,4.0,3
941,keenlabs/KeenClient-Python,True,1,4.0,4.0,6.0,5.0,6.0,2
942,keenlabs/KeenClient-Python,True,3,4.0,0.0,1.0,0.0,0.0,1
943,keenlabs/KeenClient-Python,True,4,4.0,5.0,12.0,3.0,4.0,2
944,keenlabs/KeenClient-Python,True,5,4.0,1.0,4.0,1.0,7.0,1
945,keenlabs/KeenClient-Python,True,6,4.0,0.0,0.0,3.0,4.0,1
946,kelproject/pykube,False,5,7.0,1.0,1.0,0.0,0.0,1
947,kelproject/pykube,False,8,7.0,0.0,0.0,0.0,0.0,1
948,keras-team/keras-preprocessing,False,8,11.0,0.0,0.0,0.0,0.0,1
949,keras-team/keras-preprocessing,False,9,11.0,0.0,0.0,0.0,0.0,1
950,keras-team/keras-preprocessing,False,11,11.0,1.0,2.0,1.0,3.0,3
951,keras-team/keras-preprocessing,False,12,11.0,1.0,2.0,0.0,0.0,2
952,keras-team/keras-preprocessing,True,7,11.0,0.0,14.0,2.0,2.0,2
953,keras-team/keras-preprocessing,True,8,11.0,7.0,23.0,19.0,22.0,4
954,keras-team/keras-preprocessing,True,9,11.0,25.0,106.0,56.0,109.0,6
955,keras-team/keras-preprocessing,True,10,11.0,7.0,14.0,28.0,37.0,5
956,keras-team/keras-preprocessing,True,11,11.0,2.0,6.0,13.0,19.0,5
957,keras-team/keras-preprocessing,True,12,11.0,0.0,0.0,7.0,9.0,2
958,keras-team/keras-preprocessing,True,13,11.0,0.0,0.0,4.0,6.0,2
959,keras-team/keras-preprocessing,True,14,11.0,0.0,0.0,0.0,0.0,1
960,lektor/lektor,False,2,6.0,0.0,0.0,1.0,2.0,1
961,lektor/lektor,False,3,6.0,0.0,0.0,4.0,7.0,3
962,lektor/lektor,False,4,6.0,0.0,0.0,6.0,6.0,4
963,lektor/lektor,False,5,6.0,3.0,4.0,8.0,13.0,8
964,lektor/lektor,False,6,6.0,3.0,5.0,23.0,28.0,10
965,lektor/lektor,False,7,6.0,0.0,0.0,3.0,3.0,3
966,lektor/lektor,False,8,6.0,2.0,2.0,6.0,8.0,5
967,lektor/lektor,False,9,6.0,0.0,0.0,2.0,6.0,1
968,lektor/lektor,True,2,6.0,0.0,96.0,34.0,70.0,2
969,lektor/lektor,True,3,6.0,25.0,149.0,69.0,120.0,6
970,lektor/lektor,True,4,6.0,9.0,26.0,25.0,34.0,10
971,lektor/lektor,True,5,6.0,3.0,12.0,37.0,82.0,9
972,lektor/lektor,True,6,6.0,9.0,46.0,85.0,158.0,7
973,lektor/lektor,True,7,6.0,11.0,34.0,57.0,86.0,8
974,lektor/lektor,True,8,6.0,9.0,30.0,35.0,54.0,6
975,lektor/lektor,True,9,6.0,3.0,17.0,23.0,30.0,4
976,lob/lob-python,False,3,4.0,0.0,0.0,0.0,0.0,1
977,lob/lob-python,False,4,4.0,0.0,0.0,0.0,0.0,1
978,lob/lob-python,True,1,4.0,14.0,26.0,5.0,6.0,5
979,lob/lob-python,True,2,4.0,10.0,23.0,5.0,5.0,4
980,lob/lob-python,True,3,4.0,2.0,4.0,0.0,0.0,3
981,lob/lob-python,True,4,4.0,1.0,2.0,0.0,0.0,5
982,lob/lob-python,True,5,4.0,4.0,9.0,1.0,3.0,4
983,lob/lob-python,True,6,4.0,2.0,5.0,1.0,2.0,4
984,lob/lob-python,True,7,4.0,2.0,6.0,0.0,0.0,2
985,marshmallow-code/marshmallow,False,10,14.0,19.0,37.0,102.0,167.0,6
986,marshmallow-code/marshmallow,False,11,14.0,6.0,22.0,70.0,99.0,4
987,marshmallow-code/marshmallow,False,12,14.0,7.0,20.0,31.0,38.0,5
988,marshmallow-code/marshmallow,False,13,14.0,6.0,12.0,57.0,71.0,11
989,marshmallow-code/marshmallow,False,14,14.0,10.0,29.0,53.0,78.0,10
990,marshmallow-code/marshmallow,False,15,14.0,9.0,27.0,41.0,58.0,7
991,marshmallow-code/marshmallow,False,16,14.0,9.0,30.0,28.0,33.0,6
992,marshmallow-code/marshmallow,False,17,14.0,6.0,17.0,12.0,15.0,3
993,marshmallow-code/marshmallow,True,10,14.0,52.0,191.0,80.0,158.0,1
994,marshmallow-code/marshmallow,True,11,14.0,7.0,39.0,38.0,51.0,1
995,marshmallow-code/marshmallow,True,12,14.0,6.0,27.0,26.0,26.0,1
996,marshmallow-code/marshmallow,True,13,14.0,10.0,23.0,25.0,26.0,1
997,marshmallow-code/marshmallow,True,14,14.0,1.0,7.0,5.0,5.0,1
998,marshmallow-code/marshmallow,True,15,14.0,0.0,8.0,0.0,0.0,1
999,marshmallow-code/marshmallow,True,16,14.0,1.0,5.0,0.0,0.0,1
1000,marshmallow-code/marshmallow,True,17,14.0,0.0,2.0,1.0,1.0,1
1001,materialsvirtuallab/monty,False,10,14.0,1.0,94.0,3.0,4.0,2
1002,materialsvirtuallab/monty,False,11,14.0,1.0,6.0,2.0,2.0,4
1003,materialsvirtuallab/monty,False,12,14.0,1.0,37.0,0.0,0.0,2
1004,materialsvirtuallab/monty,False,13,14.0,14.0,77.0,2.0,2.0,4
1005,materialsvirtuallab/monty,False,14,14.0,6.0,44.0,0.0,0.0,3
1006,materialsvirtuallab/monty,False,15,14.0,9.0,84.0,2.0,2.0,5
1007,materialsvirtuallab/monty,False,16,14.0,24.0,87.0,2.0,2.0,2
1008,materialsvirtuallab/monty,False,17,14.0,13.0,72.0,4.0,4.0,4
1009,matrix-org/matrix-python-sdk,False,9,10.0,0.0,0.0,1.0,2.0,3
1010,matrix-org/matrix-python-sdk,False,10,10.0,2.0,3.0,0.0,0.0,2
1011,matrix-org/matrix-python-sdk,False,12,10.0,0.0,0.0,1.0,1.0,1
1012,matrix-org/matrix-python-sdk,True,6,10.0,2.0,26.0,12.0,15.0,3
1013,matrix-org/matrix-python-sdk,True,7,10.0,12.0,51.0,14.0,23.0,4
1014,matrix-org/matrix-python-sdk,True,8,10.0,1.0,13.0,9.0,12.0,3
1015,matrix-org/matrix-python-sdk,True,9,10.0,0.0,0.0,2.0,3.0,2
1016,matrix-org/matrix-python-sdk,True,10,10.0,2.0,8.0,4.0,5.0,4
1017,maxcountryman/flask-login,False,10,14.0,2.0,4.0,3.0,4.0,2
1018,maxcountryman/flask-login,False,11,14.0,4.0,7.0,11.0,18.0,3
1019,maxcountryman/flask-login,False,12,14.0,1.0,2.0,12.0,14.0,3
1020,maxcountryman/flask-login,False,13,14.0,1.0,1.0,14.0,17.0,5
1021,maxcountryman/flask-login,False,14,14.0,4.0,9.0,2.0,2.0,6
1022,maxcountryman/flask-login,False,15,14.0,12.0,34.0,11.0,18.0,3
1023,maxcountryman/flask-login,False,16,14.0,5.0,12.0,15.0,19.0,4
1024,maxcountryman/flask-login,False,17,14.0,0.0,12.0,10.0,13.0,4
1025,maxcountryman/flask-login,True,10,14.0,0.0,1.0,1.0,1.0,2
1026,maxcountryman/flask-login,True,11,14.0,6.0,18.0,10.0,13.0,3
1027,maxcountryman/flask-login,True,12,14.0,6.0,12.0,3.0,3.0,3
1028,maxcountryman/flask-login,True,13,14.0,6.0,14.0,2.0,3.0,3
1029,maxcountryman/flask-login,True,14,14.0,1.0,4.0,2.0,3.0,3
1030,maxcountryman/flask-login,True,15,14.0,0.0,0.0,4.0,6.0,2
1031,maxcountryman/flask-login,True,16,14.0,0.0,0.0,1.0,1.0,2
1032,maxcountryman/flask-login,True,17,14.0,0.0,0.0,0.0,0.0,1
1033,mayeut/pybase64,False,12,13.0,8.0,16.0,0.0,0.0,1
1034,mayeut/pybase64,False,13,13.0,36.0,78.0,0.0,0.0,1
1035,mayeut/pybase64,False,14,13.0,36.0,80.0,1.0,1.0,1
1036,mayeut/pybase64,False,15,13.0,26.0,71.0,3.0,3.0,1
1037,mayeut/pybase64,False,16,13.0,33.0,76.0,0.0,0.0,1
1038,mayeut/pybase64,True,9,13.0,0.0,10.0,0.0,0.0,2
1039,mayeut/pybase64,True,10,13.0,0.0,17.0,1.0,1.0,2
1040,mayeut/pybase64,True,11,13.0,0.0,3.0,0.0,0.0,2
1041,mayeut/pybase64,True,12,13.0,1.0,24.0,2.0,5.0,2
1042,mayeut/pybase64,True,13,13.0,1.0,28.0,1.0,1.0,2
1043,mayeut/pybase64,True,14,13.0,2.0,18.0,1.0,3.0,2
1044,mayeut/pybase64,True,15,13.0,0.0,6.0,3.0,3.0,2
1045,mayeut/pybase64,True,16,13.0,3.0,22.0,0.0,0.0,2
1046,mikedh/trimesh,False,8,12.0,1.0,1.0,4.0,4.0,5
1047,mikedh/trimesh,False,9,12.0,11.0,12.0,21.0,31.0,9
1048,mikedh/trimesh,False,10,12.0,8.0,9.0,33.0,53.0,22
1049,mikedh/trimesh,False,11,12.0,5.0,8.0,32.0,57.0,26
1050,mikedh/trimesh,False,12,12.0,5.0,6.0,35.0,70.0,30
1051,mikedh/trimesh,False,13,12.0,7.0,7.0,14.0,19.0,14
1052,mikedh/trimesh,False,14,12.0,3.0,7.0,8.0,12.0,9
1053,mikedh/trimesh,False,15,12.0,10.0,11.0,9.0,15.0,6
1054,mikedh/trimesh,True,8,12.0,1.0,198.0,63.0,128.0,1
1055,mikedh/trimesh,True,9,12.0,4.0,221.0,108.0,171.0,1
1056,mikedh/trimesh,True,10,12.0,35.0,176.0,146.0,232.0,1
1057,mikedh/trimesh,True,11,12.0,55.0,78.0,110.0,154.0,1
1058,mikedh/trimesh,True,12,12.0,31.0,66.0,126.0,183.0,1
1059,mikedh/trimesh,True,13,12.0,21.0,50.0,82.0,104.0,1
1060,mikedh/trimesh,True,14,12.0,14.0,45.0,63.0,80.0,1
1061,mikedh/trimesh,True,15,12.0,15.0,59.0,50.0,71.0,1
1062,mitmproxy/mitmproxy,False,2,6.0,20.0,55.0,18.0,30.0,10
1063,mitmproxy/mitmproxy,False,3,6.0,81.0,346.0,108.0,159.0,17
1064,mitmproxy/mitmproxy,False,4,6.0,200.0,591.0,184.0,284.0,21
1065,mitmproxy/mitmproxy,False,5,6.0,162.0,351.0,153.0,261.0,36
1066,mitmproxy/mitmproxy,False,6,6.0,50.0,102.0,82.0,121.0,22
1067,mitmproxy/mitmproxy,False,7,6.0,74.0,213.0,144.0,226.0,23
1068,mitmproxy/mitmproxy,False,8,6.0,7.0,33.0,40.0,61.0,15
1069,mitmproxy/mitmproxy,False,9,6.0,2.0,6.0,10.0,17.0,11
1070,mitmproxy/mitmproxy,True,2,6.0,11.0,175.0,139.0,241.0,2
1071,mitmproxy/mitmproxy,True,3,6.0,46.0,328.0,163.0,261.0,2
1072,mitmproxy/mitmproxy,True,4,6.0,119.0,375.0,145.0,215.0,2
1073,mitmproxy/mitmproxy,True,5,6.0,97.0,269.0,168.0,267.0,2
1074,mitmproxy/mitmproxy,True,6,6.0,72.0,107.0,120.0,192.0,2
1075,mitmproxy/mitmproxy,True,7,6.0,31.0,122.0,136.0,232.0,2
1076,mitmproxy/mitmproxy,True,8,6.0,4.0,28.0,67.0,83.0,2
1077,mitmproxy/mitmproxy,True,9,6.0,0.0,8.0,21.0,22.0,2
1078,napalm-automation/napalm,False,10,14.0,8.0,10.0,27.0,39.0,7
1079,napalm-automation/napalm,False,11,14.0,20.0,29.0,34.0,75.0,8
1080,napalm-automation/napalm,False,12,14.0,5.0,9.0,20.0,29.0,6
1081,napalm-automation/napalm,False,13,14.0,7.0,7.0,24.0,51.0,8
1082,napalm-automation/napalm,False,14,14.0,9.0,11.0,8.0,16.0,9
1083,napalm-automation/napalm,False,15,14.0,20.0,49.0,19.0,29.0,8
1084,napalm-automation/napalm,False,16,14.0,11.0,17.0,21.0,25.0,9
1085,napalm-automation/napalm,False,17,14.0,37.0,66.0,28.0,41.0,8
1086,napalm-automation/napalm,True,10,14.0,4.0,21.0,17.0,24.0,1
1087,napalm-automation/napalm,True,11,14.0,16.0,28.0,29.0,47.0,1
1088,napalm-automation/napalm,True,12,14.0,4.0,17.0,23.0,27.0,1
1089,napalm-automation/napalm,True,13,14.0,6.0,17.0,17.0,32.0,1
1090,napalm-automation/napalm,True,14,14.0,0.0,15.0,2.0,2.0,1
1091,napalm-automation/napalm,True,15,14.0,4.0,26.0,8.0,9.0,1
1092,napalm-automation/napalm,True,16,14.0,3.0,8.0,5.0,6.0,1
1093,ndexbio/ndex2-client,True,6,9.0,4.0,7.0,0.0,0.0,1
1094,ndexbio/ndex2-client,True,7,9.0,1.0,1.0,0.0,0.0,1
1095,ndexbio/ndex2-client,True,8,9.0,2.0,19.0,1.0,1.0,2
1096,ndexbio/ndex2-client,True,9,9.0,0.0,123.0,18.0,19.0,1
1097,ndexbio/ndex2-client,True,10,9.0,1.0,50.0,12.0,14.0,2
1098,ndexbio/ndex2-client,True,11,9.0,0.0,14.0,10.0,11.0,1
1099,ndexbio/ndex2-client,True,12,9.0,0.0,12.0,3.0,4.0,1
1100,niklasf/fishnet,True,11,15.0,2.0,86.0,7.0,15.0,2
1101,niklasf/fishnet,True,12,15.0,0.0,131.0,21.0,36.0,2
1102,niklasf/fishnet,True,13,15.0,0.0,144.0,18.0,31.0,2
1103,niklasf/fishnet,True,14,15.0,0.0,63.0,3.0,3.0,1
1104,niklasf/fishnet,True,15,15.0,0.0,0.0,3.0,9.0,2
1105,nteract/nteract,False,16,16.0,0.0,0.0,0.0,0.0,1
1106,nteract/nteract,True,12,16.0,0.0,0.0,7.0,20.0,3
1107,nteract/nteract,True,13,16.0,6.0,8.0,4.0,4.0,5
1108,nteract/nteract,True,14,16.0,4.0,10.0,4.0,5.0,7
1109,nteract/nteract,True,15,16.0,22.0,27.0,2.0,4.0,4
1110,nteract/nteract,True,16,16.0,3.0,11.0,5.0,5.0,6
1111,nteract/nteract,True,17,16.0,4.0,7.0,1.0,1.0,4
1112,numba/llvmlite,False,1,5.0,0.0,0.0,2.0,2.0,1
1113,numba/llvmlite,False,4,5.0,2.0,2.0,0.0,0.0,1
1114,numba/llvmlite,False,5,5.0,2.0,2.0,3.0,4.0,3
1115,numba/llvmlite,True,1,5.0,10.0,115.0,30.0,48.0,4
1116,numba/llvmlite,True,2,5.0,21.0,66.0,14.0,28.0,7
1117,numba/llvmlite,True,3,5.0,48.0,124.0,42.0,67.0,12
1118,numba/llvmlite,True,4,5.0,33.0,92.0,30.0,56.0,14
1119,numba/llvmlite,True,5,5.0,29.0,65.0,27.0,54.0,10
1120,numba/llvmlite,True,6,5.0,21.0,38.0,20.0,32.0,7
1121,numba/llvmlite,True,7,5.0,14.0,35.0,21.0,36.0,8
1122,numba/llvmlite,True,8,5.0,23.0,76.0,30.0,46.0,9
1123,online-judge-tools/oj,True,14,15.0,1.0,1.0,0.0,0.0,1
1124,online-judge-tools/oj,True,16,15.0,0.0,0.0,1.0,1.0,1
1125,open-craft/openedx-completion-aggregator,True,7,10.0,0.0,5.0,0.0,0.0,2
1126,open-craft/openedx-completion-aggregator,True,8,10.0,6.0,23.0,0.0,0.0,3
1127,open-craft/openedx-completion-aggregator,True,9,10.0,0.0,2.0,0.0,0.0,1
1128,open-craft/openedx-completion-aggregator,True,10,10.0,0.0,0.0,0.0,0.0,2
1129,open-craft/openedx-completion-aggregator,True,11,10.0,4.0,7.0,0.0,0.0,1
1130,open-craft/openedx-completion-aggregator,True,12,10.0,1.0,3.0,0.0,0.0,2
1131,open-craft/openedx-completion-aggregator,True,13,10.0,0.0,0.0,1.0,1.0,1
1132,openshift/openshift-restclient-python,False,8,12.0,0.0,0.0,1.0,2.0,1
1133,openshift/openshift-restclient-python,False,9,12.0,0.0,0.0,1.0,1.0,1
1134,openshift/openshift-restclient-python,False,10,12.0,4.0,5.0,1.0,1.0,3
1135,openshift/openshift-restclient-python,False,11,12.0,0.0,3.0,1.0,1.0,2
1136,openshift/openshift-restclient-python,False,12,12.0,0.0,0.0,1.0,1.0,1
1137,openshift/openshift-restclient-python,False,13,12.0,0.0,0.0,1.0,1.0,2
1138,openshift/openshift-restclient-python,False,14,12.0,0.0,0.0,2.0,2.0,3
1139,openshift/openshift-restclient-python,False,15,12.0,1.0,1.0,0.0,0.0,1
1140,openshift/openshift-restclient-python,True,8,12.0,20.0,67.0,25.0,46.0,5
1141,openshift/openshift-restclient-python,True,9,12.0,27.0,100.0,20.0,39.0,4
1142,openshift/openshift-restclient-python,True,10,12.0,14.0,51.0,13.0,18.0,4
1143,openshift/openshift-restclient-python,True,11,12.0,6.0,32.0,10.0,12.0,3
1144,openshift/openshift-restclient-python,True,12,12.0,0.0,1.0,71.0,127.0,4
1145,openshift/openshift-restclient-python,True,13,12.0,6.0,23.0,15.0,22.0,4
1146,openshift/openshift-restclient-python,True,14,12.0,3.0,4.0,12.0,20.0,2
1147,openshift/openshift-restclient-python,True,15,12.0,0.0,1.0,8.0,16.0,2
1148,opentracing/opentracing-python,False,9,10.0,0.0,0.0,0.0,0.0,1
1149,opentracing/opentracing-python,False,10,10.0,0.0,0.0,0.0,0.0,1
1150,opentracing/opentracing-python,True,6,10.0,0.0,1.0,1.0,2.0,2
1151,opentracing/opentracing-python,True,7,10.0,9.0,13.0,9.0,41.0,2
1152,opentracing/opentracing-python,True,8,10.0,14.0,23.0,11.0,11.0,2
1153,opentracing/opentracing-python,True,9,10.0,4.0,9.0,6.0,8.0,4
1154,opentracing/opentracing-python,True,10,10.0,3.0,7.0,1.0,1.0,4
1155,opentracing/opentracing-python,True,11,10.0,0.0,0.0,3.0,3.0,2
1156,opentracing/opentracing-python,True,12,10.0,0.0,2.0,1.0,1.0,1
1157,opentracing/opentracing-python,True,13,10.0,0.0,0.0,1.0,1.0,1
1158,pallets/click,False,10,14.0,2.0,15.0,60.0,74.0,12
1159,pallets/click,False,11,14.0,21.0,100.0,115.0,158.0,22
1160,pallets/click,False,12,14.0,11.0,61.0,137.0,178.0,16
1161,pallets/click,False,13,14.0,37.0,119.0,135.0,166.0,17
1162,pallets/click,False,14,14.0,18.0,78.0,96.0,124.0,27
1163,pallets/click,False,15,14.0,17.0,87.0,92.0,133.0,26
1164,pallets/click,False,16,14.0,0.0,6.0,36.0,48.0,12
1165,pallets/click,False,17,14.0,7.0,65.0,60.0,81.0,13
1166,pallets/flask,False,10,14.0,2.0,3.0,27.0,31.0,6
1167,pallets/flask,False,11,14.0,2.0,4.0,50.0,74.0,10
1168,pallets/flask,False,12,14.0,2.0,5.0,21.0,24.0,6
1169,pallets/flask,False,13,14.0,20.0,33.0,66.0,86.0,16
1170,pallets/flask,False,14,14.0,5.0,7.0,29.0,38.0,15
1171,pallets/flask,False,15,14.0,2.0,4.0,34.0,51.0,15
1172,pallets/flask,False,16,14.0,2.0,2.0,14.0,17.0,6
1173,pallets/flask,False,17,14.0,3.0,3.0,17.0,18.0,8
1174,pallets/flask,True,10,14.0,13.0,50.0,82.0,103.0,2
1175,pallets/flask,True,11,14.0,12.0,34.0,99.0,133.0,2
1176,pallets/flask,True,12,14.0,6.0,11.0,62.0,79.0,2
1177,pallets/flask,True,13,14.0,39.0,127.0,93.0,140.0,2
1178,pallets/flask,True,14,14.0,18.0,80.0,43.0,57.0,2
1179,pallets/flask,True,15,14.0,30.0,80.0,98.0,134.0,2
1180,pallets/flask,True,16,14.0,19.0,28.0,56.0,63.0,2
1181,pallets/flask,True,17,14.0,31.0,105.0,63.0,86.0,2
1182,pallets/itsdangerous,False,10,14.0,0.0,11.0,6.0,7.0,2
1183,pallets/itsdangerous,False,11,14.0,14.0,32.0,5.0,7.0,2
1184,pallets/itsdangerous,False,12,14.0,1.0,5.0,2.0,3.0,1
1185,pallets/itsdangerous,False,13,14.0,8.0,30.0,5.0,5.0,1
1186,pallets/itsdangerous,False,14,14.0,5.0,22.0,3.0,4.0,2
1187,pallets/itsdangerous,False,15,14.0,5.0,37.0,7.0,7.0,2
1188,pallets/itsdangerous,False,16,14.0,0.0,6.0,1.0,1.0,1
1189,pallets/itsdangerous,False,17,14.0,3.0,33.0,0.0,0.0,2
1190,pbs/pycaption,False,13,16.0,0.0,4.0,0.0,0.0,1
1191,pbs/pycaption,False,14,16.0,1.0,1.0,0.0,0.0,2
1192,pbs/pycaption,False,16,16.0,0.0,0.0,1.0,1.0,1
1193,pbs/pycaption,True,15,16.0,0.0,0.0,1.0,1.0,1
1194,pbs/pycaption,True,16,16.0,0.0,0.0,2.0,2.0,1
1195,plone/archetypes.multilingual,True,8,11.0,0.0,1.0,0.0,0.0,1
1196,plone/archetypes.multilingual,True,9,11.0,0.0,0.0,0.0,0.0,1
1197,plone/archetypes.multilingual,True,10,11.0,1.0,5.0,0.0,0.0,2
1198,plone/archetypes.multilingual,True,11,11.0,0.0,0.0,1.0,1.0,2
1199,plone/archetypes.multilingual,True,14,11.0,0.0,0.0,0.0,0.0,1
1200,postlund/pyatv,False,10,14.0,0.0,0.0,12.0,32.0,8
1201,postlund/pyatv,False,11,14.0,0.0,0.0,26.0,85.0,16
1202,postlund/pyatv,False,12,14.0,2.0,4.0,32.0,123.0,21
1203,postlund/pyatv,False,13,14.0,0.0,1.0,37.0,94.0,23
1204,postlund/pyatv,False,14,14.0,3.0,7.0,58.0,157.0,34
1205,postlund/pyatv,False,15,14.0,4.0,14.0,12.0,30.0,12
1206,postlund/pyatv,False,16,14.0,1.0,2.0,18.0,33.0,13
1207,postlund/pyatv,False,17,14.0,0.0,0.0,11.0,45.0,5
1208,postlund/pyatv,True,10,14.0,82.0,181.0,76.0,319.0,1
1209,postlund/pyatv,True,11,14.0,188.0,445.0,138.0,562.0,2
1210,postlund/pyatv,True,12,14.0,50.0,107.0,83.0,275.0,2
1211,postlund/pyatv,True,13,14.0,130.0,315.0,84.0,285.0,2
1212,postlund/pyatv,True,14,14.0,114.0,397.0,190.0,611.0,2
1213,postlund/pyatv,True,15,14.0,13.0,54.0,71.0,158.0,2
1214,postlund/pyatv,True,16,14.0,3.0,15.0,30.0,61.0,2
1215,postlund/pyatv,True,17,14.0,36.0,120.0,59.0,121.0,2
1216,pyca/pynacl,False,8,10.0,0.0,0.0,1.0,2.0,1
1217,pyca/pynacl,False,10,10.0,0.0,0.0,1.0,1.0,1
1218,pyca/pynacl,False,12,10.0,0.0,0.0,1.0,1.0,1
1219,pyca/pynacl,True,6,10.0,12.0,12.0,21.0,32.0,4
1220,pyca/pynacl,True,7,10.0,7.0,13.0,11.0,22.0,6
1221,pyca/pynacl,True,8,10.0,13.0,23.0,27.0,36.0,6
1222,pyca/pynacl,True,9,10.0,11.0,20.0,17.0,23.0,5
1223,pyca/pynacl,True,10,10.0,2.0,5.0,14.0,16.0,6
1224,pyca/pynacl,True,11,10.0,17.0,34.0,14.0,23.0,5
1225,pyca/pynacl,True,12,10.0,23.0,41.0,17.0,22.0,3
1226,pyca/pynacl,True,13,10.0,3.0,6.0,6.0,11.0,2
1227,python-intelhex/intelhex,True,10,14.0,0.0,1.0,11.0,11.0,1
1228,python-intelhex/intelhex,True,11,14.0,0.0,0.0,3.0,6.0,1
1229,python-intelhex/intelhex,True,12,14.0,0.0,3.0,7.0,9.0,1
1230,python-intelhex/intelhex,True,13,14.0,0.0,0.0,1.0,3.0,1
1231,python-intelhex/intelhex,True,14,14.0,0.0,0.0,1.0,1.0,1
1232,python-intelhex/intelhex,True,15,14.0,0.0,0.0,1.0,3.0,1
1233,python-intelhex/intelhex,True,16,14.0,0.0,0.0,1.0,2.0,1
1234,python-intelhex/intelhex,True,17,14.0,0.0,0.0,2.0,3.0,1
1235,python-poetry/poetry,False,12,16.0,0.0,3.0,38.0,65.0,33
1236,python-poetry/poetry,False,13,16.0,1.0,1.0,33.0,41.0,32
1237,python-poetry/poetry,False,14,16.0,3.0,3.0,65.0,93.0,56
1238,python-poetry/poetry,False,15,16.0,8.0,16.0,95.0,139.0,79
1239,python-poetry/poetry,False,16,16.0,2.0,11.0,144.0,234.0,126
1240,python-poetry/poetry,False,17,16.0,11.0,34.0,79.0,107.0,73
1241,python-poetry/poetry,True,12,16.0,118.0,222.0,902.0,1661.0,135
1242,python-poetry/poetry,True,13,16.0,51.0,71.0,482.0,683.0,132
1243,python-poetry/poetry,True,14,16.0,69.0,247.0,551.0,727.0,150
1244,python-poetry/poetry,True,15,16.0,235.0,525.0,1132.0,1594.0,187
1245,python-poetry/poetry,True,16,16.0,236.0,601.0,1843.0,2833.0,262
1246,python-poetry/poetry,True,17,16.0,95.0,308.0,842.0,1283.0,156
1247,python-trio/trio,False,11,15.0,8.0,11.0,31.0,56.0,12
1248,python-trio/trio,False,12,15.0,7.0,21.0,38.0,82.0,16
1249,python-trio/trio,False,13,15.0,12.0,22.0,23.0,42.0,14
1250,python-trio/trio,False,14,15.0,33.0,37.0,26.0,58.0,18
1251,python-trio/trio,False,15,15.0,92.0,117.0,19.0,23.0,24
1252,python-trio/trio,False,16,15.0,67.0,105.0,36.0,57.0,19
1253,python-trio/trio,False,17,15.0,88.0,130.0,46.0,72.0,14
1254,python-trio/trio,True,11,15.0,101.0,250.0,121.0,240.0,5
1255,python-trio/trio,True,12,15.0,29.0,74.0,51.0,102.0,6
1256,python-trio/trio,True,13,15.0,25.0,82.0,29.0,53.0,6
1257,python-trio/trio,True,14,15.0,6.0,52.0,16.0,18.0,5
1258,python-trio/trio,True,15,15.0,6.0,149.0,5.0,10.0,5
1259,python-trio/trio,True,16,15.0,4.0,67.0,11.0,15.0,6
1260,python-trio/trio,True,17,15.0,0.0,5.0,12.0,18.0,5
1261,python-trio/trustme,False,10,14.0,0.0,0.0,0.0,0.0,1
1262,python-trio/trustme,False,13,14.0,0.0,0.0,0.0,0.0,1
1263,python-trio/trustme,False,14,14.0,0.0,0.0,0.0,0.0,1
1264,python-trio/trustme,False,15,14.0,0.0,0.0,0.0,0.0,1
1265,python-trio/trustme,False,17,14.0,0.0,0.0,0.0,0.0,1
1266,python-trio/trustme,True,10,14.0,4.0,15.0,4.0,5.0,3
1267,python-trio/trustme,True,11,14.0,0.0,3.0,0.0,0.0,3
1268,python-trio/trustme,True,12,14.0,3.0,6.0,2.0,2.0,4
1269,python-trio/trustme,True,13,14.0,5.0,12.0,5.0,6.0,4
1270,python-trio/trustme,True,14,14.0,2.0,10.0,10.0,10.0,4
1271,python-trio/trustme,True,15,14.0,1.0,3.0,0.0,0.0,3
1272,python-trio/trustme,True,16,14.0,0.0,1.0,0.0,0.0,3
1273,python-trio/trustme,True,17,14.0,2.0,9.0,1.0,1.0,3
1274,pyupio/safety,False,10,14.0,0.0,1.0,0.0,0.0,1
1275,pyupio/safety,False,11,14.0,0.0,0.0,3.0,3.0,1
1276,pyupio/safety,False,12,14.0,0.0,0.0,5.0,5.0,2
1277,pyupio/safety,False,13,14.0,0.0,4.0,1.0,1.0,3
1278,pyupio/safety,False,14,14.0,0.0,0.0,1.0,1.0,1
1279,pyupio/safety,False,15,14.0,0.0,0.0,3.0,4.0,3
1280,pyupio/safety,False,16,14.0,1.0,2.0,2.0,2.0,2
1281,pyupio/safety,False,17,14.0,2.0,2.0,6.0,6.0,4
1282,pyupio/safety,True,10,14.0,0.0,0.0,0.0,0.0,1
1283,pyupio/safety,True,11,14.0,0.0,19.0,29.0,38.0,4
1284,pyupio/safety,True,12,14.0,2.0,14.0,0.0,0.0,2
1285,pyupio/safety,True,13,14.0,0.0,9.0,3.0,4.0,4
1286,pyupio/safety,True,14,14.0,0.0,0.0,10.0,12.0,7
1287,pyupio/safety,True,15,14.0,15.0,29.0,7.0,8.0,2
1288,pyupio/safety,True,16,14.0,24.0,32.0,25.0,29.0,5
1289,pyupio/safety,True,17,14.0,4.0,12.0,10.0,14.0,3
1290,qiniu/python-sdk,True,4,8.0,6.0,6.0,4.0,4.0,2
1291,qiniu/python-sdk,True,5,8.0,15.0,24.0,22.0,25.0,2
1292,qiniu/python-sdk,True,6,8.0,22.0,43.0,9.0,14.0,3
1293,qiniu/python-sdk,True,7,8.0,1.0,13.0,8.0,10.0,3
1294,qiniu/python-sdk,True,8,8.0,0.0,0.0,2.0,2.0,2
1295,qiniu/python-sdk,True,9,8.0,7.0,7.0,3.0,5.0,4
1296,qiniu/python-sdk,True,10,8.0,2.0,2.0,1.0,1.0,2
1297,qiniu/python-sdk,True,11,8.0,3.0,3.0,1.0,1.0,2
1298,raiden-network/raiden-contracts,False,8,10.0,0.0,0.0,2.0,3.0,2
1299,raiden-network/raiden-contracts,False,9,10.0,3.0,9.0,5.0,6.0,4
1300,raiden-network/raiden-contracts,False,10,10.0,0.0,0.0,0.0,0.0,2
1301,raiden-network/raiden-contracts,False,11,10.0,0.0,0.0,0.0,0.0,1
1302,raiden-network/raiden-contracts,False,12,10.0,0.0,0.0,1.0,1.0,2
1303,raiden-network/raiden-contracts,False,13,10.0,0.0,0.0,0.0,0.0,1
1304,raiden-network/raiden-contracts,True,7,10.0,16.0,57.0,36.0,50.0,6
1305,raiden-network/raiden-contracts,True,8,10.0,48.0,97.0,44.0,63.0,11
1306,raiden-network/raiden-contracts,True,9,10.0,335.0,783.0,286.0,823.0,14
1307,raiden-network/raiden-contracts,True,10,10.0,158.0,601.0,93.0,226.0,10
1308,raiden-network/raiden-contracts,True,11,10.0,52.0,170.0,59.0,66.0,9
1309,raiden-network/raiden-contracts,True,12,10.0,14.0,49.0,8.0,8.0,7
1310,raiden-network/raiden-contracts,True,13,10.0,38.0,128.0,10.0,12.0,4
1311,robinhood/faust,False,10,13.0,0.0,0.0,1.0,1.0,1
1312,robinhood/faust,False,11,13.0,0.0,0.0,4.0,4.0,3
1313,robinhood/faust,False,12,13.0,1.0,1.0,16.0,20.0,10
1314,robinhood/faust,False,13,13.0,0.0,0.0,10.0,12.0,10
1315,robinhood/faust,False,14,13.0,0.0,0.0,1.0,1.0,1
1316,robinhood/faust,False,15,13.0,0.0,0.0,1.0,1.0,1
1317,robinhood/faust,False,16,13.0,0.0,0.0,2.0,2.0,2
1318,robinhood/faust,True,9,13.0,1.0,3.0,7.0,12.0,3
1319,robinhood/faust,True,10,13.0,5.0,5.0,11.0,25.0,5
1320,robinhood/faust,True,11,13.0,0.0,0.0,9.0,15.0,6
1321,robinhood/faust,True,12,13.0,1.0,1.0,24.0,27.0,10
1322,robinhood/faust,True,13,13.0,0.0,0.0,9.0,10.0,6
1323,robinhood/faust,True,14,13.0,0.0,0.0,23.0,24.0,4
1324,robinhood/faust,True,15,13.0,0.0,0.0,3.0,6.0,3
1325,robinhood/faust,True,16,13.0,0.0,0.0,4.0,4.0,4
1326,ros-infrastructure/rospkg,True,8,12.0,3.0,16.0,3.0,4.0,5
1327,ros-infrastructure/rospkg,True,9,12.0,3.0,10.0,10.0,12.0,5
1328,ros-infrastructure/rospkg,True,10,12.0,7.0,18.0,7.0,9.0,4
1329,ros-infrastructure/rospkg,True,11,12.0,4.0,14.0,7.0,9.0,6
1330,ros-infrastructure/rospkg,True,12,12.0,3.0,9.0,6.0,7.0,7
1331,ros-infrastructure/rospkg,True,13,12.0,0.0,5.0,0.0,0.0,3
1332,ros-infrastructure/rospkg,True,14,12.0,3.0,11.0,2.0,2.0,3
1333,ros-infrastructure/rospkg,True,15,12.0,14.0,29.0,5.0,8.0,5
1334,rq/django-rq,False,10,14.0,0.0,4.0,16.0,18.0,1
1335,rq/django-rq,False,11,14.0,4.0,11.0,17.0,18.0,3
1336,rq/django-rq,False,12,14.0,1.0,5.0,8.0,15.0,1
1337,rq/django-rq,False,13,14.0,2.0,5.0,5.0,5.0,5
1338,rq/django-rq,False,14,14.0,5.0,12.0,12.0,14.0,2
1339,rq/django-rq,False,15,14.0,4.0,7.0,2.0,2.0,4
1340,rq/django-rq,False,16,14.0,7.0,15.0,3.0,6.0,2
1341,rq/django-rq,False,17,14.0,11.0,29.0,17.0,22.0,5
1342,saltstack/salt-testing,True,1,5.0,0.0,35.0,3.0,3.0,1
1343,saltstack/salt-testing,True,2,5.0,0.0,10.0,0.0,0.0,1
1344,saltstack/salt-testing,True,3,5.0,0.0,17.0,0.0,0.0,1
1345,saltstack/salt-testing,True,4,5.0,0.0,48.0,0.0,0.0,1
1346,saltstack/salt-testing,True,5,5.0,0.0,40.0,1.0,3.0,1
1347,sbg/sevenbridges-python,True,4,7.0,2.0,3.0,10.0,12.0,2
1348,sbg/sevenbridges-python,True,5,7.0,1.0,2.0,1.0,1.0,1
1349,sbg/sevenbridges-python,True,6,7.0,4.0,36.0,3.0,4.0,2
1350,sbg/sevenbridges-python,True,7,7.0,2.0,34.0,3.0,5.0,3
1351,sbg/sevenbridges-python,True,8,7.0,1.0,49.0,3.0,4.0,2
1352,sbg/sevenbridges-python,True,9,7.0,0.0,45.0,3.0,3.0,1
1353,sbg/sevenbridges-python,True,10,7.0,1.0,35.0,0.0,0.0,2
1354,secure-systems-lab/securesystemslib,True,5,8.0,5.0,5.0,1.0,6.0,2
1355,secure-systems-lab/securesystemslib,True,6,8.0,1.0,2.0,7.0,14.0,5
1356,secure-systems-lab/securesystemslib,True,7,8.0,4.0,7.0,3.0,4.0,4
1357,secure-systems-lab/securesystemslib,True,8,8.0,4.0,9.0,3.0,6.0,5
1358,secure-systems-lab/securesystemslib,True,9,8.0,5.0,7.0,3.0,5.0,4
1359,secure-systems-lab/securesystemslib,True,10,8.0,18.0,131.0,10.0,11.0,6
1360,secure-systems-lab/securesystemslib,True,11,8.0,16.0,46.0,10.0,16.0,5
1361,signalfx/signalfx-python,False,13,13.0,0.0,0.0,0.0,0.0,1
1362,signalfx/signalfx-python,True,9,13.0,1.0,4.0,2.0,2.0,2
1363,signalfx/signalfx-python,True,10,13.0,0.0,0.0,1.0,1.0,1
1364,signalfx/signalfx-python,True,11,13.0,0.0,6.0,1.0,1.0,1
1365,signalfx/signalfx-python,True,12,13.0,0.0,3.0,1.0,1.0,1
1366,signalfx/signalfx-python,True,13,13.0,0.0,1.0,1.0,1.0,1
1367,signalfx/signalfx-python,True,14,13.0,1.0,1.0,1.0,1.0,1
1368,signalfx/signalfx-python,True,16,13.0,2.0,3.0,0.0,0.0,1
1369,smartystreets/smartystreets-python-sdk,False,12,16.0,0.0,0.0,2.0,2.0,1
1370,smartystreets/smartystreets-python-sdk,False,17,16.0,0.0,0.0,1.0,1.0,1
1371,snakemake/snakemake,False,12,16.0,50.0,89.0,119.0,281.0,48
1372,snakemake/snakemake,False,13,16.0,25.0,62.0,60.0,92.0,36
1373,snakemake/snakemake,False,14,16.0,14.0,29.0,92.0,138.0,51
1374,snakemake/snakemake,False,15,16.0,45.0,91.0,168.0,254.0,75
1375,snakemake/snakemake,False,16,16.0,29.0,66.0,184.0,289.0,92
1376,snakemake/snakemake,False,17,16.0,38.0,84.0,144.0,226.0,73
1377,snakemake/snakemake,True,12,16.0,38.0,190.0,37.0,78.0,3
1378,snakemake/snakemake,True,13,16.0,40.0,172.0,26.0,50.0,3
1379,snakemake/snakemake,True,14,16.0,45.0,137.0,25.0,37.0,3
1380,snakemake/snakemake,True,15,16.0,148.0,350.0,70.0,117.0,3
1381,snakemake/snakemake,True,16,16.0,54.0,140.0,12.0,21.0,3
1382,snakemake/snakemake,True,17,16.0,53.0,143.0,9.0,17.0,3
1383,sphinx-contrib/openapi,True,9,13.0,0.0,0.0,2.0,2.0,1
1384,sphinx-contrib/openapi,True,10,13.0,2.0,2.0,1.0,3.0,2
1385,sphinx-contrib/openapi,True,11,13.0,0.0,2.0,0.0,0.0,3
1386,sphinx-contrib/openapi,True,12,13.0,0.0,0.0,1.0,1.0,1
1387,sphinx-contrib/openapi,True,13,13.0,0.0,0.0,1.0,1.0,1
1388,sphinx-contrib/openapi,True,14,13.0,0.0,0.0,1.0,1.0,1
1389,sphinx-contrib/openapi,True,16,13.0,3.0,13.0,2.0,3.0,3
1390,spotify/spotify-tensorflow,False,8,9.0,1.0,3.0,0.0,0.0,1
1391,spotify/spotify-tensorflow,False,9,9.0,11.0,27.0,4.0,6.0,1
1392,spotify/spotify-tensorflow,False,10,9.0,0.0,0.0,0.0,0.0,1
1393,spotify/spotify-tensorflow,False,11,9.0,2.0,6.0,0.0,0.0,1
1394,spotify/spotify-tensorflow,True,7,9.0,3.0,5.0,0.0,0.0,1
1395,spotify/spotify-tensorflow,True,8,9.0,11.0,29.0,12.0,17.0,3
1396,spotify/spotify-tensorflow,True,9,9.0,42.0,92.0,23.0,25.0,3
1397,spotify/spotify-tensorflow,True,10,9.0,4.0,11.0,3.0,3.0,3
1398,spotify/spotify-tensorflow,True,11,9.0,0.0,0.0,0.0,0.0,1
1399,spotify/spotify-tensorflow,True,12,9.0,0.0,1.0,0.0,0.0,1
1400,spyder-ide/spyder-terminal,True,12,16.0,0.0,8.0,3.0,6.0,2
1401,spyder-ide/spyder-terminal,True,13,16.0,1.0,6.0,7.0,8.0,2
1402,spyder-ide/spyder-terminal,True,14,16.0,2.0,6.0,5.0,5.0,2
1403,spyder-ide/spyder-terminal,True,15,16.0,1.0,1.0,1.0,1.0,2
1404,spyder-ide/spyder-terminal,True,16,16.0,0.0,0.0,14.0,26.0,4
1405,sqreen/PyMiniRacer,False,13,14.0,0.0,0.0,1.0,1.0,1
1406,sqreen/PyMiniRacer,False,14,14.0,0.0,0.0,0.0,0.0,1
1407,sqreen/PyMiniRacer,True,14,14.0,0.0,0.0,2.0,4.0,1
1408,square/connect-python-sdk,True,8,11.0,0.0,0.0,1.0,1.0,1
1409,square/connect-python-sdk,True,9,11.0,0.0,0.0,4.0,7.0,1
1410,square/connect-python-sdk,True,11,11.0,0.0,0.0,5.0,5.0,1
1411,statsmodels/statsmodels,False,7,11.0,0.0,0.0,6.0,18.0,7
1412,statsmodels/statsmodels,False,8,11.0,1.0,1.0,8.0,12.0,8
1413,statsmodels/statsmodels,False,9,11.0,0.0,5.0,18.0,33.0,16
1414,statsmodels/statsmodels,False,10,11.0,2.0,2.0,20.0,55.0,14
1415,statsmodels/statsmodels,False,11,11.0,3.0,3.0,26.0,54.0,23
1416,statsmodels/statsmodels,False,12,11.0,0.0,3.0,6.0,10.0,10
1417,statsmodels/statsmodels,False,13,11.0,2.0,2.0,7.0,27.0,8
1418,statsmodels/statsmodels,False,14,11.0,5.0,7.0,9.0,19.0,7
1419,statsmodels/statsmodels,True,7,11.0,105.0,311.0,359.0,742.0,7
1420,statsmodels/statsmodels,True,8,11.0,117.0,372.0,353.0,698.0,10
1421,statsmodels/statsmodels,True,9,11.0,141.0,458.0,360.0,646.0,15
1422,statsmodels/statsmodels,True,10,11.0,274.0,571.0,429.0,768.0,15
1423,statsmodels/statsmodels,True,11,11.0,135.0,326.0,361.0,811.0,19
1424,statsmodels/statsmodels,True,12,11.0,130.0,287.0,351.0,714.0,9
1425,statsmodels/statsmodels,True,13,11.0,55.0,138.0,261.0,552.0,7
1426,statsmodels/statsmodels,True,14,11.0,155.0,337.0,307.0,666.0,8
1427,stefanfoulis/django-phonenumber-field,False,13,13.0,1.0,2.0,1.0,1.0,2
1428,stefanfoulis/django-phonenumber-field,True,9,13.0,8.0,8.0,7.0,7.0,4
1429,stefanfoulis/django-phonenumber-field,True,10,13.0,2.0,17.0,2.0,4.0,2
1430,stefanfoulis/django-phonenumber-field,True,11,13.0,0.0,3.0,3.0,7.0,3
1431,stefanfoulis/django-phonenumber-field,True,13,13.0,30.0,65.0,16.0,20.0,3
1432,stefanfoulis/django-phonenumber-field,True,14,13.0,7.0,16.0,6.0,8.0,2
1433,stefanfoulis/django-phonenumber-field,True,15,13.0,9.0,30.0,17.0,24.0,4
1434,stefanfoulis/django-phonenumber-field,True,16,13.0,18.0,37.0,22.0,30.0,2
1435,sunscrapers/djoser,False,4,8.0,0.0,0.0,0.0,0.0,1
1436,sunscrapers/djoser,False,5,8.0,0.0,0.0,0.0,0.0,1
1437,sunscrapers/djoser,False,8,8.0,0.0,0.0,1.0,1.0,2
1438,sunscrapers/djoser,False,9,8.0,1.0,1.0,0.0,0.0,1
1439,sunscrapers/djoser,False,10,8.0,1.0,1.0,0.0,0.0,1
1440,sunscrapers/djoser,False,11,8.0,0.0,0.0,1.0,1.0,1
1441,sunscrapers/djoser,True,4,8.0,1.0,2.0,8.0,11.0,2
1442,sunscrapers/djoser,True,5,8.0,1.0,7.0,14.0,16.0,5
1443,sunscrapers/djoser,True,6,8.0,2.0,3.0,7.0,8.0,5
1444,sunscrapers/djoser,True,7,8.0,0.0,0.0,1.0,1.0,3
1445,sunscrapers/djoser,True,8,8.0,0.0,0.0,4.0,4.0,5
1446,sunscrapers/djoser,True,9,8.0,0.0,0.0,5.0,8.0,5
1447,sunscrapers/djoser,True,10,8.0,0.0,0.0,7.0,8.0,5
1448,sunscrapers/djoser,True,11,8.0,0.0,0.0,1.0,2.0,1
1449,tariqdaouda/pyArango,True,5,9.0,0.0,27.0,10.0,15.0,1
1450,tariqdaouda/pyArango,True,6,9.0,0.0,11.0,8.0,11.0,1
1451,tariqdaouda/pyArango,True,7,9.0,0.0,20.0,5.0,8.0,1
1452,tariqdaouda/pyArango,True,8,9.0,0.0,18.0,6.0,7.0,2
1453,tariqdaouda/pyArango,True,9,9.0,0.0,0.0,2.0,2.0,2
1454,tmux-python/libtmux,False,9,10.0,0.0,0.0,1.0,2.0,1
1455,tmux-python/libtmux,True,6,10.0,0.0,9.0,0.0,0.0,2
1456,tmux-python/libtmux,True,7,10.0,13.0,88.0,1.0,2.0,3
1457,tmux-python/libtmux,True,8,10.0,17.0,53.0,0.0,0.0,3
1458,tmux-python/libtmux,True,9,10.0,21.0,62.0,1.0,1.0,3
1459,tmux-python/libtmux,True,10,10.0,3.0,19.0,0.0,0.0,3
1460,tmux-python/libtmux,True,11,10.0,0.0,2.0,0.0,0.0,1
1461,tmux-python/libtmux,True,12,10.0,15.0,86.0,1.0,1.0,1
1462,tmux-python/libtmux,True,13,10.0,6.0,34.0,0.0,0.0,1
1463,translate/translate,False,3,6.0,0.0,0.0,1.0,2.0,1
1464,translate/translate,False,4,6.0,2.0,3.0,0.0,0.0,2
1465,translate/translate,False,5,6.0,1.0,4.0,2.0,2.0,3
1466,translate/translate,False,6,6.0,0.0,1.0,3.0,3.0,3
1467,translate/translate,False,7,6.0,4.0,9.0,2.0,3.0,2
1468,translate/translate,False,8,6.0,1.0,4.0,2.0,3.0,4
1469,translate/translate,False,9,6.0,1.0,8.0,2.0,2.0,8
1470,translate/translate,True,2,6.0,67.0,135.0,25.0,47.0,8
1471,translate/translate,True,3,6.0,27.0,155.0,64.0,103.0,9
1472,translate/translate,True,4,6.0,32.0,103.0,29.0,46.0,10
1473,translate/translate,True,5,6.0,75.0,157.0,35.0,59.0,11
1474,translate/translate,True,6,6.0,77.0,202.0,16.0,19.0,9
1475,translate/translate,True,7,6.0,38.0,177.0,17.0,21.0,9
1476,translate/translate,True,8,6.0,14.0,40.0,10.0,20.0,4
1477,translate/translate,True,9,6.0,22.0,74.0,23.0,26.0,4
1478,trek10inc/awsume,False,13,14.0,0.0,0.0,2.0,2.0,1
1479,trek10inc/awsume,False,16,14.0,0.0,0.0,1.0,1.0,1
1480,trek10inc/awsume,True,10,14.0,0.0,0.0,23.0,53.0,1
1481,trek10inc/awsume,True,11,14.0,0.0,12.0,16.0,21.0,3
1482,trek10inc/awsume,True,12,14.0,0.0,35.0,18.0,36.0,3
1483,trek10inc/awsume,True,13,14.0,0.0,6.0,8.0,10.0,4
1484,trek10inc/awsume,True,14,14.0,0.0,0.0,2.0,2.0,3
1485,trek10inc/awsume,True,17,14.0,0.0,0.0,2.0,2.0,2
1486,tsifrer/python-twitch-client,False,14,14.0,0.0,0.0,0.0,0.0,1
1487,tweepy/tweepy,False,3,7.0,0.0,0.0,1.0,1.0,1
1488,tweepy/tweepy,False,4,7.0,2.0,2.0,5.0,7.0,6
1489,tweepy/tweepy,False,5,7.0,0.0,0.0,10.0,11.0,6
1490,tweepy/tweepy,False,6,7.0,0.0,2.0,10.0,12.0,8
1491,tweepy/tweepy,False,7,7.0,0.0,0.0,10.0,18.0,7
1492,tweepy/tweepy,False,8,7.0,1.0,1.0,6.0,8.0,7
1493,tweepy/tweepy,False,9,7.0,0.0,0.0,9.0,9.0,8
1494,tweepy/tweepy,False,10,7.0,1.0,1.0,1.0,2.0,2
1495,tweepy/tweepy,True,3,7.0,2.0,8.0,3.0,3.0,4
1496,tweepy/tweepy,True,4,7.0,1.0,3.0,14.0,20.0,7
1497,tweepy/tweepy,True,5,7.0,2.0,2.0,8.0,9.0,4
1498,tweepy/tweepy,True,6,7.0,1.0,1.0,17.0,20.0,3
1499,tweepy/tweepy,True,7,7.0,3.0,27.0,18.0,26.0,7
1500,tweepy/tweepy,True,8,7.0,0.0,7.0,5.0,6.0,4
1501,tweepy/tweepy,True,9,7.0,0.0,9.0,5.0,6.0,4
1502,tweepy/tweepy,True,10,7.0,0.0,0.0,3.0,4.0,2
1503,uktrade/directory-api-client,False,12,15.0,0.0,0.0,0.0,0.0,1
1504,uktrade/directory-api-client,False,13,15.0,0.0,0.0,0.0,0.0,1
1505,uktrade/directory-api-client,False,14,15.0,0.0,0.0,0.0,0.0,1
1506,uktrade/directory-api-client,False,15,15.0,0.0,0.0,0.0,0.0,1
1507,uktrade/directory-api-client,False,16,15.0,0.0,0.0,0.0,0.0,1
1508,uktrade/directory-api-client,False,17,15.0,0.0,0.0,0.0,0.0,1
1509,ultrabug/py3status,False,6,9.0,0.0,0.0,1.0,1.0,1
1510,ultrabug/py3status,False,7,9.0,0.0,0.0,8.0,24.0,6
1511,ultrabug/py3status,False,8,9.0,1.0,5.0,3.0,8.0,8
1512,ultrabug/py3status,False,9,9.0,1.0,3.0,8.0,12.0,8
1513,ultrabug/py3status,False,11,9.0,0.0,0.0,1.0,1.0,1
1514,ultrabug/py3status,False,12,9.0,0.0,0.0,1.0,3.0,2
1515,ultrabug/py3status,True,5,9.0,151.0,338.0,63.0,149.0,8
1516,ultrabug/py3status,True,6,9.0,92.0,252.0,72.0,150.0,11
1517,ultrabug/py3status,True,7,9.0,65.0,186.0,69.0,136.0,7
1518,ultrabug/py3status,True,8,9.0,114.0,456.0,127.0,221.0,10
1519,ultrabug/py3status,True,9,9.0,111.0,303.0,112.0,226.0,9
1520,ultrabug/py3status,True,10,9.0,26.0,77.0,30.0,47.0,8
1521,ultrabug/py3status,True,11,9.0,14.0,45.0,32.0,46.0,8
1522,ultrabug/py3status,True,12,9.0,6.0,35.0,34.0,64.0,6
1523,vega/ipyvega,False,10,14.0,0.0,0.0,1.0,1.0,2
1524,vega/ipyvega,False,11,14.0,1.0,2.0,2.0,5.0,1
1525,vega/ipyvega,False,13,14.0,9.0,17.0,1.0,5.0,3
1526,vega/ipyvega,False,14,14.0,29.0,58.0,0.0,0.0,3
1527,vega/ipyvega,False,15,14.0,27.0,64.0,1.0,4.0,4
1528,vega/ipyvega,False,16,14.0,15.0,37.0,0.0,0.0,1
1529,vega/ipyvega,False,17,14.0,19.0,42.0,1.0,1.0,3
1530,vega/ipyvega,True,10,14.0,0.0,15.0,5.0,10.0,1
1531,vega/ipyvega,True,11,14.0,6.0,34.0,4.0,13.0,1
1532,vega/ipyvega,True,12,14.0,2.0,8.0,2.0,2.0,1
1533,vega/ipyvega,True,13,14.0,3.0,18.0,4.0,8.0,1
1534,vega/ipyvega,True,14,14.0,0.0,0.0,3.0,8.0,1
1535,vega/ipyvega,True,15,14.0,4.0,12.0,0.0,0.0,1
1536,vega/ipyvega,True,16,14.0,0.0,0.0,1.0,1.0,1
1537,vega/ipyvega,True,17,14.0,3.0,12.0,6.0,9.0,1
1538,vmware/pyvcloud,False,6,8.0,0.0,1.0,0.0,0.0,1
1539,vmware/pyvcloud,False,7,8.0,0.0,0.0,2.0,2.0,3
1540,vmware/pyvcloud,False,8,8.0,0.0,5.0,1.0,1.0,2
1541,vmware/pyvcloud,False,9,8.0,0.0,0.0,1.0,1.0,1
1542,vmware/pyvcloud,False,11,8.0,4.0,8.0,0.0,0.0,1
1543,vmware/pyvcloud,True,4,8.0,0.0,0.0,0.0,0.0,1
1544,vmware/pyvcloud,True,5,8.0,2.0,2.0,0.0,0.0,1
1545,vmware/pyvcloud,True,6,8.0,10.0,18.0,0.0,0.0,4
1546,vmware/pyvcloud,True,7,8.0,22.0,51.0,29.0,37.0,5
1547,vmware/pyvcloud,True,8,8.0,24.0,40.0,4.0,4.0,2
1548,vmware/pyvcloud,True,9,8.0,5.0,5.0,2.0,2.0,4
1549,vmware/pyvcloud,True,10,8.0,3.0,7.0,0.0,0.0,1
1550,vmware/pyvcloud,True,11,8.0,4.0,7.0,0.0,0.0,2
1551,warner/magic-wormhole,False,12,12.0,0.0,0.0,1.0,1.0,1
1552,warner/magic-wormhole,True,8,12.0,2.0,29.0,12.0,15.0,1
1553,warner/magic-wormhole,True,9,12.0,2.0,44.0,6.0,7.0,1
1554,warner/magic-wormhole,True,10,12.0,5.0,38.0,23.0,44.0,2
1555,warner/magic-wormhole,True,11,12.0,4.0,16.0,9.0,16.0,1
1556,warner/magic-wormhole,True,12,12.0,0.0,0.0,3.0,3.0,3
1557,webrecorder/pywb,False,7,11.0,0.0,0.0,4.0,5.0,3
1558,webrecorder/pywb,False,8,11.0,0.0,0.0,1.0,2.0,2
1559,webrecorder/pywb,False,9,11.0,0.0,0.0,1.0,1.0,1
1560,webrecorder/pywb,False,10,11.0,0.0,0.0,1.0,1.0,1
1561,webrecorder/pywb,False,11,11.0,2.0,2.0,11.0,25.0,6
1562,webrecorder/pywb,False,12,11.0,0.0,0.0,3.0,6.0,2
1563,webrecorder/pywb,False,13,11.0,1.0,2.0,2.0,5.0,2
1564,webrecorder/pywb,False,14,11.0,0.0,0.0,2.0,4.0,2
1565,webrecorder/pywb,True,7,11.0,26.0,81.0,35.0,49.0,5
1566,webrecorder/pywb,True,8,11.0,27.0,28.0,9.0,12.0,4
1567,webrecorder/pywb,True,9,11.0,21.0,31.0,17.0,27.0,6
1568,webrecorder/pywb,True,10,11.0,30.0,43.0,6.0,7.0,3
1569,webrecorder/pywb,True,11,11.0,15.0,19.0,11.0,20.0,3
1570,webrecorder/pywb,True,12,11.0,7.0,13.0,12.0,15.0,2
1571,webrecorder/pywb,True,13,11.0,18.0,43.0,5.0,6.0,1
1572,webrecorder/pywb,True,14,11.0,12.0,36.0,14.0,16.0,2
1573,wemake-services/wemake-python-styleguide,False,11,15.0,18.0,27.0,38.0,62.0,5
1574,wemake-services/wemake-python-styleguide,False,12,15.0,19.0,38.0,62.0,98.0,9
1575,wemake-services/wemake-python-styleguide,False,13,15.0,1.0,2.0,27.0,44.0,7
1576,wemake-services/wemake-python-styleguide,False,14,15.0,106.0,222.0,20.0,31.0,10
1577,wemake-services/wemake-python-styleguide,False,15,15.0,60.0,129.0,9.0,12.0,7
1578,wemake-services/wemake-python-styleguide,False,16,15.0,35.0,77.0,16.0,27.0,10
1579,wemake-services/wemake-python-styleguide,False,17,15.0,64.0,138.0,5.0,11.0,8
1580,wemake-services/wemake-python-styleguide,True,11,15.0,1.0,112.0,147.0,301.0,2
1581,wemake-services/wemake-python-styleguide,True,12,15.0,6.0,80.0,96.0,191.0,2
1582,wemake-services/wemake-python-styleguide,True,13,15.0,14.0,83.0,65.0,101.0,2
1583,wemake-services/wemake-python-styleguide,True,14,15.0,1.0,28.0,44.0,71.0,2
1584,wemake-services/wemake-python-styleguide,True,15,15.0,5.0,21.0,27.0,46.0,2
1585,wemake-services/wemake-python-styleguide,True,16,15.0,16.0,47.0,29.0,51.0,2
1586,wemake-services/wemake-python-styleguide,True,17,15.0,1.0,8.0,3.0,4.0,2
1587,wildfish/django-star-ratings,False,10,12.0,0.0,0.0,0.0,0.0,1
1588,wildfish/django-star-ratings,False,11,12.0,0.0,0.0,1.0,1.0,3
1589,wildfish/django-star-ratings,False,12,12.0,0.0,0.0,1.0,1.0,2
1590,wildfish/django-star-ratings,False,13,12.0,0.0,0.0,0.0,0.0,2
1591,wildfish/django-star-ratings,False,14,12.0,0.0,0.0,0.0,0.0,2
1592,wildfish/django-star-ratings,False,15,12.0,1.0,2.0,0.0,0.0,2
1593,wildfish/django-star-ratings,True,8,12.0,0.0,0.0,0.0,0.0,1
1594,wildfish/django-star-ratings,True,10,12.0,0.0,0.0,0.0,0.0,1
1595,wildfish/django-star-ratings,True,11,12.0,6.0,6.0,7.0,8.0,3
1596,wildfish/django-star-ratings,True,12,12.0,0.0,0.0,0.0,0.0,1
1597,wildfish/django-star-ratings,True,13,12.0,1.0,1.0,2.0,2.0,2
1598,wildfish/django-star-ratings,True,14,12.0,2.0,5.0,2.0,3.0,1
1599,wildfish/django-star-ratings,True,15,12.0,0.0,2.0,0.0,0.0,1
1600,ypcrts/fqdn,True,10,14.0,0.0,7.0,1.0,1.0,1
1601,ypcrts/fqdn,True,11,14.0,4.0,18.0,1.0,1.0,1
1602,ypcrts/fqdn,True,12,14.0,5.0,16.0,4.0,10.0,1
1603,ypcrts/fqdn,True,13,14.0,11.0,23.0,0.0,0.0,1
1604,ypcrts/fqdn,True,14,14.0,0.0,0.0,1.0,1.0,1
